scene_id,image_path,mask_path,product_id,dataset_name,product_type,timestamp_start,timestamp_stop,crs,width,height,scene_left,scene_bottom,scene_right,scene_top,scene_latitude,scene_longitude,oil_pixels,oil_percent,oil_area_km2,oil_latitude,oil_longitude,event_score,environment_available,ais_available,followup_scene_available
00001,D:\SIH_Dataset\Part_I\01_Train_Val_Oil_Spill_images\Oil\00001.tif,D:\SIH_Dataset\Part_I\01_Train_Val_Oil_Spill_mask\Mask_oil\00001.tif,S1A_IW_GRDH_1SDV_20180803T172551_20180803T172608_023085_0281B1_DB30_O,subset_2_of_S1A_IW_GRDH_1SDV_20180803T172551_20180803T172608_023085_0281B1_DB30_Orb_NR_Cal_Spk_TC_dB,GRD,2018-08-03T17:25:54.809128,2018-08-03T17:25:57.015584,EPSG:4326,2048,2048,5.079664728927639,55.38103680360428,5.263639699115317,55.56501177379196,55.47302428869812,5.171652214021478,56225,1.3405084609985352,401530632.6148164,1058.5258070253446,1425.873268119164,80.0,,,
00004,D:\SIH_Dataset\Part_I\01_Train_Val_Oil_Spill_images\Oil\00004.tif,D:\SIH_Dataset\Part_I\01_Train_Val_Oil_Spill_mask\Mask_oil\00004.tif,S1A_IW_GRDH_1SDV_20180803T172551_20180803T172608_023085_0281B1_DB30_O,subset_6_of_S1A_IW_GRDH_1SDV_20180803T172551_20180803T172608_023085_0281B1_DB30_Orb_NR_Cal_Spk_TC_dB,GRD,2018-08-03T17:25:57.465068,2018-08-03T17:25:59.671524,EPSG:4326,2048,2048,5.782596438751165,55.15969191759723,5.966571408938843,55.343666887784906,55.25167940269107,5.8745839238450035,44049,1.0502099990844727,67040077.26553257,1106.684090444732,1146.627063043429,80.0,,,
00006,D:\SIH_Dataset\Part_I\01_Train_Val_Oil_Spill_images\Oil\00006.tif,D:\SIH_Dataset\Part_I\01_Train_Val_Oil_Spill_mask\Mask_oil\00006.tif,S1A_IW_GRDH_1SDV_20180803T172551_20180803T172608_023085_0281B1_DB30_O,subset_8_of_S1A_IW_GRDH_1SDV_20180803T172551_20180803T172608_023085_0281B1_DB30_Orb_NR_Cal_Spk_TC_dB,GRD,2018-08-03T17:26:00.386170,2018-08-03T17:26:02.592627,EPSG:4326,2048,2048,5.615240301319698,54.91624847560084,5.799215271507376,55.100223445788515,55.00823596069468,5.707227786413537,89378,2.1309375762939453,150770283.03251886,1127.8273960034908,944.1665958065744,80.0,,,
00007,D:\SIH_Dataset\Part_I\01_Train_Val_Oil_Spill_images\Oil\00007.tif,D:\SIH_Dataset\Part_I\01_Train_Val_Oil_Spill_mask\Mask_oil\00007.tif,S1A_IW_GRDH_1SDV_20170115T040004_20170115T040025_014837_0182F8_2DFF_O,subset_15_of_S1A_IW_GRDH_1SDV_20170115T040004_20170115T040025_014837_0182F8_2DFF_Orb_NR_Cal_Spk_TC_dB,GRD,2017-01-15T04:00:19.083965,2017-01-15T04:00:21.386794,EPSG:4326,2048,2048,30.625126448259813,32.08565120571045,30.80910141844749,32.269626175898125,32.17763869080429,30.71711393335365,70772,1.6873359680175781,20784679.15819325,1168.5125049454587,579.6450008477929,80.0,,,
00009,D:\SIH_Dataset\Part_I\01_Train_Val_Oil_Spill_images\Oil\00009.tif,D:\SIH_Dataset\Part_I\01_Train_Val_Oil_Spill_mask\Mask_oil\00009.tif,S1A_IW_GRDH_1SDV_20160707T040004_20160707T040024_012037_0129A1_A38C_O,subset_33_of_S1A_IW_GRDH_1SDV_20160707T040004_20160707T040024_012037_0129A1_A38C_Orb_NR_Cal_Spk_TC_dB,GRD,2016-07-07T04:00:14.019949,2016-07-07T04:00:16.323074,EPSG:4326,2048,2048,29.198322133239117,32.45081711280943,29.382297103426794,32.63479208299711,32.54280459790327,29.290309618332955,44991,1.0726690292358398,14927259.35675664,1230.0475539552356,1062.4296970505213,80.0,,,
00012,D:\SIH_Dataset\Part_I\01_Train_Val_Oil_Spill_images\Oil\00012.tif,D:\SIH_Dataset\Part_I\01_Train_Val_Oil_Spill_mask\Mask_oil\00012.tif,S1A_IW_GRDH_1SDV_20170208T040004_20170208T040024_015187_018DC8_E79B_O,subset_41_of_S1A_IW_GRDH_1SDV_20170208T040004_20170208T040024_015187_018DC8_E79B_Orb_NR_Cal_Spk_TC_dB,GRD,2017-02-08T04:00:18.350372,2017-02-08T04:00:20.653321,EPSG:4326,2048,2048,29.149503721826417,32.1114349496756,29.333478692014094,32.295409919863275,32.203422434769436,29.241491206920255,168158,4.009199142456055,32433962.113458678,1079.804564754576,1024.0926866399457,80.0,,,
00013,D:\SIH_Dataset\Part_I\01_Train_Val_Oil_Spill_images\Oil\00013.tif,D:\SIH_Dataset\Part_I\01_Train_Val_Oil_Spill_mask\Mask_oil\00013.tif,S1A_IW_GRDH_1SDV_20170208T040004_20170208T040024_015187_018DC8_E79B_O,subset_42_of_S1A_IW_GRDH_1SDV_20170208T040004_20170208T040024_015187_018DC8_E79B_Orb_NR_Cal_Spk_TC_dB,GRD,2017-02-08T04:00:18.819512,2017-02-08T04:00:21.122461,EPSG:4326,2048,2048,29.171153120173695,32.07397520232781,29.355128090361372,32.257950172515486,32.16596268742165,29.263140605267534,169200,4.0340423583984375,33140575.958425257,781.9117907801418,780.9728014184398,80.0,,,
00015,D:\SIH_Dataset\Part_I\01_Train_Val_Oil_Spill_images\Oil\00015.tif,D:\SIH_Dataset\Part_I\01_Train_Val_Oil_Spill_mask\Mask_oil\00015.tif,S1A_IW_GRDH_1SDV_20161011T040007_20161011T040028_013437_015777_6C5A_O,subset_49_of_S1A_IW_GRDH_1SDV_20161011T040007_20161011T040028_013437_015777_6C5A_Orb_NR_Cal_Spk_TC_dB,GRD,2016-10-11T04:00:19.694134,2016-10-11T04:00:21.996787,EPSG:4326,2048,2048,31.195558302964574,32.29874759274891,31.37953327315225,32.48272256293659,32.39073507784275,31.287545788058413,69326,1.6528606414794922,157614816.04032663,1211.0671321005107,1339.2165998326745,80.0,,,
00019,D:\SIH_Dataset\Part_I\01_Train_Val_Oil_Spill_images\Oil\00019.tif,D:\SIH_Dataset\Part_I\01_Train_Val_Oil_Spill_mask\Mask_oil\00019.tif,S1A_IW_GRDH_1SDV_20161011T040007_20161011T040028_013437_015777_6C5A_O,subset_53_of_S1A_IW_GRDH_1SDV_20161011T040007_20161011T040028_013437_015777_6C5A_Orb_NR_Cal_Spk_TC_dB,GRD,2016-10-11T04:00:13.756955,2016-10-11T04:00:16.059608,EPSG:4326,2048,2048,30.740202285444386,32.77287839970719,30.924177255632063,32.956853369894866,32.86486588480103,30.832189770538225,88665,2.113938331604004,249460579.15663663,1707.685191450967,1144.3790841933119,80.0,,,
00021,D:\SIH_Dataset\Part_I\01_Train_Val_Oil_Spill_images\Oil\00021.tif,D:\SIH_Dataset\Part_I\01_Train_Val_Oil_Spill_mask\Mask_oil\00021.tif,S1A_IW_GRDH_1SDV_20160827T170943_20160827T171006_012789_014272_9810_O,subset_1_of_S1A_IW_GRDH_1SDV_20160827T170943_20160827T171006_012789_014272_9810_Orb_NR_Cal_Spk_TC_dB,GRD,2016-08-27T17:09:47.023598,2016-08-27T17:09:49.400954,EPSG:4326,2048,2048,8.53333006704596,57.573278193039705,8.717305037233638,57.75725316322738,57.665265678133544,8.625317552139798,100357,2.392697334289551,51594188.468889065,458.1865290911446,1223.743560489054,80.0,,,
00025,D:\SIH_Dataset\Part_I\01_Train_Val_Oil_Spill_images\Oil\00025.tif,D:\SIH_Dataset\Part_I\01_Train_Val_Oil_Spill_mask\Mask_oil\00025.tif,S1A_IW_GRDH_1SDV_20171016T023924_20171016T023947_018832_01FCC7_E86E_O,subset_54_of_S1A_IW_GRDH_1SDV_20171016T023924_20171016T023947_018832_01FCC7_E86E_Orb_NR_Cal_Spk_TC_dB,GRD,2017-10-16T02:39:25.771904,2017-10-16T02:39:28.134249,EPSG:4326,2048,2048,49.10002161893033,27.85076958269108,49.283996589118004,28.034744552878756,27.942757067784918,49.192009104024166,101928,2.4301528930664062,84322078.20090647,1031.5525370850012,1514.8131327996232,80.0,,,
00027,D:\SIH_Dataset\Part_I\01_Train_Val_Oil_Spill_images\Oil\00027.tif,D:\SIH_Dataset\Part_I\01_Train_Val_Oil_Spill_mask\Mask_oil\00027.tif,S1A_IW_GRDH_1SDV_20171016T023924_20171016T023947_018832_01FCC7_E86E_O,subset_56_of_S1A_IW_GRDH_1SDV_20171016T023924_20171016T023947_018832_01FCC7_E86E_Orb_NR_Cal_Spk_TC_dB,GRD,2017-10-16T02:39:27.404888,2017-10-16T02:39:29.767233,EPSG:4326,2048,2048,49.24905212456575,27.723657969988167,49.43302709475343,27.907632940175844,27.815645455082006,49.34103960965959,45476,1.0842323303222656,27374532.661754,449.5105989972733,556.991731902542,80.0,,,
00028,D:\SIH_Dataset\Part_I\01_Train_Val_Oil_Spill_images\Oil\00028.tif,D:\SIH_Dataset\Part_I\01_Train_Val_Oil_Spill_mask\Mask_oil\00028.tif,S1A_IW_GRDH_1SDV_20171016T023924_20171016T023947_018832_01FCC7_E86E_O,subset_57_of_S1A_IW_GRDH_1SDV_20171016T023924_20171016T023947_018832_01FCC7_E86E_Orb_NR_Cal_Spk_TC_dB,GRD,2017-10-16T02:39:27.036745,2017-10-16T02:39:29.399091,EPSG:4326,2048,2048,49.16443082480169,27.75231422755158,49.34840579498937,27.936289197739256,27.844301712645418,49.25641830989553,98768,2.3548126220703125,207921070.59566382,735.6718572817107,1049.9899056374534,80.0,,,
00074,D:\SIH_Dataset\Part_I\01_Train_Val_Oil_Spill_images\Oil\00074.tif,D:\SIH_Dataset\Part_I\01_Train_Val_Oil_Spill_mask\Mask_oil\00074.tif,S1B_IW_GRDH_1SDV_20180226T001456_20180226T001521_009787_011AFF_6791_O,subset_5_of_S1B_IW_GRDH_1SDV_20180226T001456_20180226T001521_009787_011AFF_6791_Orb_NR_Cal_Spk_TC_dB,GRD,2018-02-26T00:15:17.514278,2018-02-26T00:15:19.893128,EPSG:4326,2048,2048,-92.14299775237366,19.30666204932628,-91.95902278218598,19.490637019513958,19.39864953442012,-92.05101026727982,228492,5.447673797607422,139577979.22573334,854.4283694833955,612.4035064684978,80.0,,,
00075,D:\SIH_Dataset\Part_I\01_Train_Val_Oil_Spill_images\Oil\00075.tif,D:\SIH_Dataset\Part_I\01_Train_Val_Oil_Spill_mask\Mask_oil\00075.tif,S1B_IW_GRDH_1SDV_20180226T001456_20180226T001521_009787_011AFF_6791_O,subset_6_of_S1B_IW_GRDH_1SDV_20180226T001456_20180226T001521_009787_011AFF_6791_Orb_NR_Cal_Spk_TC_dB,GRD,2018-02-26T00:15:16.703121,2018-02-26T00:15:19.081971,EPSG:4326,2048,2048,-92.19689666942082,19.369364456157825,-92.01292169923315,19.553339426345502,19.461351941251664,-92.10490918432698,246648,5.880546569824219,172601590.72068563,1509.9903303493238,1156.1170048003632,80.0,,,
00085,D:\SIH_Dataset\Part_I\01_Train_Val_Oil_Spill_images\Oil\00085.tif,D:\SIH_Dataset\Part_I\01_Train_Val_Oil_Spill_mask\Mask_oil\00085.tif,S1B_IW_GRDH_1SDV_20171204T001458_20171204T001523_008562_00F323_2A9C_O,subset_33_of_S1B_IW_GRDH_1SDV_20171204T001458_20171204T001523_008562_00F323_2A9C_Orb_NR_Cal_Spk_TC_dB,GRD,2017-12-04T00:15:19.628368,2017-12-04T00:15:22.007179,EPSG:4326,2048,2048,-92.34664918614351,19.33399735198476,-92.16267421595583,19.517972322172437,19.425984837078598,-92.25466170104967,219572,5.235004425048828,590026727.9950635,358.82164847976975,1349.6745942105551,80.0,,,
00086,D:\SIH_Dataset\Part_I\01_Train_Val_Oil_Spill_images\Oil\00086.tif,D:\SIH_Dataset\Part_I\01_Train_Val_Oil_Spill_mask\Mask_oil\00086.tif,S1B_IW_GRDH_1SDV_20171204T001458_20171204T001523_008562_00F323_2A9C_O,subset_34_of_S1B_IW_GRDH_1SDV_20171204T001458_20171204T001523_008562_00F323_2A9C_Orb_NR_Cal_Spk_TC_dB,GRD,2017-12-04T00:15:19.416867,2017-12-04T00:15:21.795678,EPSG:4326,2048,2048,-92.18162866845076,19.350346690155735,-91.99765369826308,19.534321660343412,19.442334175249574,-92.08964118335692,208387,4.9683332443237305,1330267887.0509126,1759.3075839663702,814.5514283520565,80.0,,,
00092,D:\SIH_Dataset\Part_I\01_Train_Val_Oil_Spill_images\Oil\00092.tif,D:\SIH_Dataset\Part_I\01_Train_Val_Oil_Spill_mask\Mask_oil\00092.tif,S1A_IW_GRDH_1SDV_20170710T224717_20170710T224742_017415_01D18B_5031_O,subset_56_of_S1A_IW_GRDH_1SDV_20170710T224717_20170710T224742_017415_01D18B_5031_Orb_NR_Cal_Spk_TC_dB,GRD,2017-07-10T22:47:30.086071,2017-07-10T22:47:32.409071,EPSG:4326,2048,2048,104.21364275236236,3.1400374717303268,104.39761772255004,3.3240124419180046,3.2320249568241657,104.3056302374562,381437,9.09416675567627,125613209.75397919,1144.6444406284654,672.2449591937856,80.0,,,
00093,D:\SIH_Dataset\Part_I\01_Train_Val_Oil_Spill_images\Oil\00093.tif,D:\SIH_Dataset\Part_I\01_Train_Val_Oil_Spill_mask\Mask_oil\00093.tif,S1A_IW_GRDH_1SDV_20160806T062101_20160806T062126_012476_013807_2C02_O,subset_67_of_S1A_IW_GRDH_1SDV_20160806T062101_20160806T062126_012476_013807_2C02_Orb_NR_Cal_Spk_TC_dB,GRD,2016-08-06T06:21:11.393995,2016-08-06T06:21:13.812822,EPSG:4326,2048,2048,-0.2911806688606795,58.33145601150751,-0.1072056986730015,58.51543098169519,58.42344349660135,-0.1991931837668405,56520,1.3475418090820312,240063773.51303205,1031.127653927813,906.0934536447276,80.0,,,
00097,D:\SIH_Dataset\Part_I\01_Train_Val_Oil_Spill_images\Oil\00097.tif,D:\SIH_Dataset\Part_I\01_Train_Val_Oil_Spill_mask\Mask_oil\00097.tif,S1A_IW_GRDH_1SDV_20151012T035110_20151012T035133_008114_00B614_7471_O,subset_77_of_S1A_IW_GRDH_1SDV_20151012T035110_20151012T035133_008114_00B614_7471_Orb_NR_Cal_Spk_TC_dB,GRD,2015-10-12T03:51:18.179614,2015-10-12T03:51:20.552606,EPSG:4326,2048,2048,31.630741157709487,34.87477616323063,31.814716127897164,35.058751133418305,34.966763648324466,31.722728642803325,84011,2.0029783248901367,155250304.1464534,885.9059111306852,511.04213138755637,80.0,,,
00098,D:\SIH_Dataset\Part_I\01_Train_Val_Oil_Spill_images\Oil\00098.tif,D:\SIH_Dataset\Part_I\01_Train_Val_Oil_Spill_mask\Mask_oil\00098.tif,S1A_IW_GRDH_1SDV_20151012T035110_20151012T035133_008114_00B614_7471_O,subset_78_of_S1A_IW_GRDH_1SDV_20151012T035110_20151012T035133_008114_00B614_7471_Orb_NR_Cal_Spk_TC_dB,GRD,2015-10-12T03:51:17.842271,2015-10-12T03:51:20.215263,EPSG:4326,2048,2048,31.558426777337864,34.900917137998505,31.74240174752554,35.08489210818618,34.99290462309234,31.650414262431703,59204,1.4115333557128906,156437992.80767775,1066.8187622457942,1071.1916931288426,80.0,,,
00101,D:\SIH_Dataset\Part_I\01_Train_Val_Oil_Spill_images\Oil\00101.tif,D:\SIH_Dataset\Part_I\01_Train_Val_Oil_Spill_mask\Mask_oil\00101.tif,S1A_IW_GRDH_1SDV_20150906T035109_20150906T035132_007589_00A815_8498_O,subset_4_of_S1A_IW_GRDH_1SDV_20150906T035109_20150906T035132_007589_00A815_8498_Orb_NR_Cal_Spk_TC_dB,GRD,2015-09-06T03:51:24.653886,2015-09-06T03:51:27.027016,EPSG:4326,2048,2048,33.28411796229142,34.3080044399692,33.468092932479095,34.49197941015688,34.39999192506304,33.37610544738526,83492,1.9906044006347656,432869609.29500383,771.8275882719303,449.78886599913767,80.0,,,
00102,D:\SIH_Dataset\Part_I\01_Train_Val_Oil_Spill_images\Oil\00102.tif,D:\SIH_Dataset\Part_I\01_Train_Val_Oil_Spill_mask\Mask_oil\00102.tif,S1A_IW_GRDH_1SDV_20150906T035109_20150906T035132_007589_00A815_8498_O,subset_5_of_S1A_IW_GRDH_1SDV_20150906T035109_20150906T035132_007589_00A815_8498_Orb_NR_Cal_Spk_TC_dB,GRD,2015-09-06T03:51:23.978001,2015-09-06T03:51:26.351132,EPSG:4326,2048,2048,32.97554666219636,34.36037622103337,33.159521632384035,34.54435119122105,34.45236370612721,33.067534147290196,179650,4.28318977355957,717943193.4916207,1013.8710548288338,1226.50694684108,80.0,,,
00114,D:\SIH_Dataset\Part_I\01_Train_Val_Oil_Spill_images\Oil\00114.tif,D:\SIH_Dataset\Part_I\01_Train_Val_Oil_Spill_mask\Mask_oil\00114.tif,S1A_IW_GRDH_1SDV_20170616T171859_20170616T171924_017062_01C6D4_2EE1_O,subset_17_of_S1A_IW_GRDH_1SDV_20170616T171859_20170616T171924_017062_01C6D4_2EE1_Orb_NR_Cal_Spk_TC_dB,GRD,2017-06-16T17:19:13.289364,2017-06-16T17:19:15.696601,EPSG:4326,2048,2048,3.0397306091593204,60.41780124119818,3.223705579346998,60.601776211385854,60.509788726292015,3.1317180942531593,50641,1.2073755264282227,10054974.120176079,1006.6572836239411,963.1251061392943,80.0,,,
00119,D:\SIH_Dataset\Part_I\01_Train_Val_Oil_Spill_images\Oil\00119.tif,D:\SIH_Dataset\Part_I\01_Train_Val_Oil_Spill_mask\Mask_oil\00119.tif,S1A_IW_GRDH_1SDV_20170813T173452_20170813T173517_017908_01E086_910C_O,subset_28_of_S1A_IW_GRDH_1SDV_20170813T173452_20170813T173517_017908_01E086_910C_Orb_NR_Cal_Spk_TC_dB,GRD,2017-08-13T17:35:10.262911,2017-08-13T17:35:12.680389,EPSG:4326,2048,2048,1.3341991169036238,57.946462268239706,1.5181740870913019,58.13043723842738,58.038449753333545,1.426186601997463,47742,1.1382579803466797,487796858.8299045,1070.3344644128858,979.2283942859536,80.0,,,
00126,D:\SIH_Dataset\Part_I\01_Train_Val_Oil_Spill_images\Oil\00126.tif,D:\SIH_Dataset\Part_I\01_Train_Val_Oil_Spill_mask\Mask_oil\00126.tif,S1B_IW_GRDH_1SDV_20171023T155606_20171023T155631_007959_00E0EF_4900_O,subset_39_of_S1B_IW_GRDH_1SDV_20171023T155606_20171023T155631_007959_00E0EF_4900_Orb_NR_Cal_Spk_TC_dB,GRD,2017-10-23T15:56:12.835531,2017-10-23T15:56:15.236622,EPSG:4326,2048,2048,31.45975571562488,31.481398866375535,31.643730685812557,31.665373836563212,31.573386351469374,31.551743200718718,58903,1.4043569564819336,41957359.99841281,1051.892628558817,832.6256302735005,80.0,,,
00140,D:\SIH_Dataset\Part_I\01_Train_Val_Oil_Spill_images\Oil\00140.tif,D:\SIH_Dataset\Part_I\01_Train_Val_Oil_Spill_mask\Mask_oil\00140.tif,S1A_IW_GRDH_1SDV_20170830T174257_20170830T174322_018156_01E80E_46BF_O,subset_77_of_S1A_IW_GRDH_1SDV_20170830T174257_20170830T174322_018156_01E80E_46BF_Orb_NR_Cal_Spk_TC_dB,GRD,2017-08-30T17:43:07.947600,2017-08-30T17:43:10.366194,EPSG:4326,2048,2048,1.047995689508558,57.96719848080083,1.231970659696236,58.15117345098851,58.05918596589467,1.139983174602397,96541,2.3017168045043945,300643979.1587285,851.536689075108,1131.3751618483338,80.0,,,
00142,D:\SIH_Dataset\Part_I\01_Train_Val_Oil_Spill_images\Oil\00142.tif,D:\SIH_Dataset\Part_I\01_Train_Val_Oil_Spill_mask\Mask_oil\00142.tif,S1A_IW_GRDH_1SDV_20170830T174257_20170830T174322_018156_01E80E_46BF_O,subset_79_of_S1A_IW_GRDH_1SDV_20170830T174257_20170830T174322_018156_01E80E_46BF_Orb_NR_Cal_Spk_TC_dB,GRD,2017-08-30T17:43:12.103045,2017-08-30T17:43:14.521640,EPSG:4326,2048,2048,0.8885447265773432,57.651260995376,1.0725196967650212,57.835235965563676,57.74324848046984,0.9805322116711822,101742,2.425718307495117,72627684.14380309,992.390261642193,1059.0976980991134,80.0,,,
00151,D:\SIH_Dataset\Part_I\01_Train_Val_Oil_Spill_images\Oil\00151.tif,D:\SIH_Dataset\Part_I\01_Train_Val_Oil_Spill_mask\Mask_oil\00151.tif,S1A_IW_GRDH_1SDV_20170810T024649_20170810T024714_017855_01DEF7_3B52_O,subset_111_of_S1A_IW_GRDH_1SDV_20170810T024649_20170810T024714_017855_01DEF7_3B52_Orb_NR_Cal_Spk_TC_dB,GRD,2017-08-10T02:47:10.028277,2017-08-10T02:47:12.425853,EPSG:4326,2048,2048,48.99877910352837,29.175079352547854,49.18275407371605,29.35905432273553,29.267066837641693,49.09076658862221,129729,3.09298038482666,24288364.991645437,1115.7464522196271,1020.6824726930755,80.0,,,
00157,D:\SIH_Dataset\Part_I\01_Train_Val_Oil_Spill_images\Oil\00157.tif,D:\SIH_Dataset\Part_I\01_Train_Val_Oil_Spill_mask\Mask_oil\00157.tif,S1B_IW_GRDH_1SDV_20180403T001457_20180403T001522_010312_012C3C_8B5F_O,subset_134_of_S1B_IW_GRDH_1SDV_20180403T001457_20180403T001522_010312_012C3C_8B5F_Orb_NR_Cal_Spk_TC_dB,GRD,2018-04-03T00:15:17.922573,2018-04-03T00:15:20.301387,EPSG:4326,2048,2048,-92.25116179091587,19.32527471730958,-92.0671868207282,19.509249687497256,19.417262202403418,-92.15917430582203,78931,1.881861686706543,9195979.40474428,1066.255621998961,1578.2770457741572,80.0,,,
00161,D:\SIH_Dataset\Part_I\01_Train_Val_Oil_Spill_images\Oil\00161.tif,D:\SIH_Dataset\Part_I\01_Train_Val_Oil_Spill_mask\Mask_oil\00161.tif,S1B_IW_GRDH_1SDV_20180204T035058_20180204T035123_009468_011070_A886_O,subset_142_of_S1B_IW_GRDH_1SDV_20180204T035058_20180204T035123_009468_011070_A886_Orb_NR_Cal_Spk_TC_dB,GRD,2018-02-04T03:51:10.704959,2018-02-04T03:51:13.111792,EPSG:4326,2048,2048,33.22390197278909,33.30757811040028,33.40787694297677,33.491553080587956,33.39956559549412,33.31588945788293,59103,1.4091253280639648,248738841.48945943,1045.4748912914743,737.604207908228,80.0,,,
00164,D:\SIH_Dataset\Part_I\01_Train_Val_Oil_Spill_images\Oil\00164.tif,D:\SIH_Dataset\Part_I\01_Train_Val_Oil_Spill_mask\Mask_oil\00164.tif,S1A_IW_GRDH_1SDV_20170509T154855_20170509T154920_016507_01B5BF_68BA_O,subset_152_of_S1A_IW_GRDH_1SDV_20170509T154855_20170509T154920_016507_01B5BF_68BA_Orb_NR_Cal_Spk_TC_dB,GRD,2017-05-09T15:49:08.414321,2017-05-09T15:49:10.818434,EPSG:4326,2048,2048,31.574873589492334,32.701926299652875,31.75884855968001,32.88590126984055,32.793913784746714,31.666861074586173,215613,5.1406145095825195,279098228.24021286,1095.4684341853228,1253.7029933260053,80.0,,,
00165,D:\SIH_Dataset\Part_I\01_Train_Val_Oil_Spill_images\Oil\00165.tif,D:\SIH_Dataset\Part_I\01_Train_Val_Oil_Spill_mask\Mask_oil\00165.tif,S1A_IW_GRDH_1SDV_20170509T154855_20170509T154920_016507_01B5BF_68BA_O,subset_153_of_S1A_IW_GRDH_1SDV_20170509T154855_20170509T154920_016507_01B5BF_68BA_Orb_NR_Cal_Spk_TC_dB,GRD,2017-05-09T15:49:09.196509,2017-05-09T15:49:11.600622,EPSG:4326,2048,2048,31.66722040069982,32.642098501730516,31.851195370887496,32.82607347191819,32.734085986824354,31.759207885793657,255500,6.091594696044922,364972923.9268049,905.3573189823875,985.9313072407045,80.0,,,
00167,D:\SIH_Dataset\Part_I\01_Train_Val_Oil_Spill_images\Oil\00167.tif,D:\SIH_Dataset\Part_I\01_Train_Val_Oil_Spill_mask\Mask_oil\00167.tif,S1B_IW_GRDH_1SDV_20171211T035910_20171211T035935_008666_00F66D_2BA9_O,subset_161_of_S1B_IW_GRDH_1SDV_20171211T035910_20171211T035935_008666_00F66D_2BA9_Orb_NR_Cal_Spk_TC_dB,GRD,2017-12-11T03:59:22.739983,2017-12-11T03:59:25.147365,EPSG:4326,2048,2048,29.83026185937076,33.531580454446804,30.01423682955844,33.71555542463448,33.62356793954064,29.9222493444646,131975,3.146529197692871,199160580.7213379,981.1935177116878,1202.4785944307635,80.0,,,
00168,D:\SIH_Dataset\Part_I\01_Train_Val_Oil_Spill_images\Oil\00168.tif,D:\SIH_Dataset\Part_I\01_Train_Val_Oil_Spill_mask\Mask_oil\00168.tif,S1B_IW_GRDH_1SDV_20171211T035910_20171211T035935_008666_00F66D_2BA9_O,subset_162_of_S1B_IW_GRDH_1SDV_20171211T035910_20171211T035935_008666_00F66D_2BA9_Orb_NR_Cal_Spk_TC_dB,GRD,2017-12-11T03:59:21.493365,2017-12-11T03:59:23.900748,EPSG:4326,2048,2048,29.766122148084627,33.626801874563476,29.950097118272303,33.81077684475115,33.718789359657315,29.858109633178465,112606,2.6847362518310547,158038843.98941737,1257.0485675718878,1434.9099515123528,80.0,,,
00169,D:\SIH_Dataset\Part_I\01_Train_Val_Oil_Spill_images\Oil\00169.tif,D:\SIH_Dataset\Part_I\01_Train_Val_Oil_Spill_mask\Mask_oil\00169.tif,S1B_IW_GRDH_1SDV_20171211T035910_20171211T035935_008666_00F66D_2BA9_O,subset_163_of_S1B_IW_GRDH_1SDV_20171211T035910_20171211T035935_008666_00F66D_2BA9_Orb_NR_Cal_Spk_TC_dB,GRD,2017-12-11T03:59:20.588980,2017-12-11T03:59:22.996362,EPSG:4326,2048,2048,29.72021823706612,33.695882319912265,29.904193207253797,33.87985729009994,33.7878698050061,29.81220572215996,57544,1.3719558715820312,12014519.033928813,1586.5572779090783,1711.2441609898513,80.0,,,
00171,D:\SIH_Dataset\Part_I\01_Train_Val_Oil_Spill_images\Oil\00171.tif,D:\SIH_Dataset\Part_I\01_Train_Val_Oil_Spill_mask\Mask_oil\00171.tif,S1A_IW_GRDH_1SDV_20171116T001710_20171116T001735_019283_020AB6_E7DB_O,subset_175_of_S1A_IW_GRDH_1SDV_20171116T001710_20171116T001735_019283_020AB6_E7DB_Orb_NR_Cal_Spk_TC_dB,GRD,2017-11-16T00:17:13.356606,2017-11-16T00:17:15.742184,EPSG:4326,2048,2048,-92.16977415213957,26.090410352623792,-91.98579918195189,26.27438532281147,26.18239783771763,-92.07778666704573,94443,2.2516965866088867,334482835.8711517,1201.7643499253518,1143.1134599705642,80.0,,,
00178,D:\SIH_Dataset\Part_I\01_Train_Val_Oil_Spill_images\Oil\00178.tif,D:\SIH_Dataset\Part_I\01_Train_Val_Oil_Spill_mask\Mask_oil\00178.tif,S1A_IW_GRDH_1SDV_20150828T165530_20150828T165555_007466_00A4B1_23DB_O,subset_186_of_S1A_IW_GRDH_1SDV_20150828T165530_20150828T165555_007466_00A4B1_23DB_Orb_NR_Cal_Spk_TC_dB,GRD,2015-08-28T16:55:39.855750,2015-08-28T16:55:42.268432,EPSG:4326,2048,2048,14.480636891989779,36.02313005885964,14.664611862177457,36.20710502904732,36.11511754395348,14.572624377083617,70909,1.6906023025512695,1540744.9767023437,413.01292501657053,1650.6896092174477,80.0,,,
00189,D:\SIH_Dataset\Part_I\01_Train_Val_Oil_Spill_images\Oil\00189.tif,D:\SIH_Dataset\Part_I\01_Train_Val_Oil_Spill_mask\Mask_oil\00189.tif,S1A_IW_GRDH_1SDV_20170817T023857_20170817T023922_017957_01E207_7BFA_O,subset_219_of_S1A_IW_GRDH_1SDV_20170817T023857_20170817T023922_017957_01E207_7BFA_Orb_NR_Cal_Spk_TC_dB,GRD,2017-08-17T02:39:18.453689,2017-08-17T02:39:20.848035,EPSG:4326,2048,2048,50.27077115497571,27.855842340354577,50.45474612516339,28.039817310542254,27.947829825448416,50.36275864006955,374543,8.929800987243652,98008704.56148703,905.4595960944404,909.9958015501558,80.0,,,
00192,D:\SIH_Dataset\Part_I\01_Train_Val_Oil_Spill_images\Oil\00192.tif,D:\SIH_Dataset\Part_I\01_Train_Val_Oil_Spill_mask\Mask_oil\00192.tif,S1A_IW_GRDH_1SDV_20170817T023857_20170817T023922_017957_01E207_7BFA_O,subset_222_of_S1A_IW_GRDH_1SDV_20170817T023857_20170817T023922_017957_01E207_7BFA_Orb_NR_Cal_Spk_TC_dB,GRD,2017-08-17T02:39:06.070228,2017-08-17T02:39:08.464574,EPSG:4326,2048,2048,50.64222452495913,28.806888731651917,50.82619949514681,28.990863701839594,28.898876216745755,50.73421201005297,134048,3.195953369140625,52253809.335346,871.0115928622583,992.6524603127237,80.0,,,
00200,D:\SIH_Dataset\Part_I\01_Train_Val_Oil_Spill_images\Oil\00200.tif,D:\SIH_Dataset\Part_I\01_Train_Val_Oil_Spill_mask\Mask_oil\00200.tif,S1A_IW_GRDH_1SDV_20170817T023857_20170817T023922_017957_01E207_7BFA_O,subset_230_of_S1A_IW_GRDH_1SDV_20170817T023857_20170817T023922_017957_01E207_7BFA_Orb_NR_Cal_Spk_TC_dB,GRD,2017-08-17T02:39:12.074224,2017-08-17T02:39:14.468570,EPSG:4326,2048,2048,49.1079918512114,28.345783496313366,49.29196682139908,28.529758466501043,28.437770981407205,49.19997933630524,129032,3.0763626098632812,252385910.68349218,806.6386632773266,825.0737026474053,80.0,,,
00202,D:\SIH_Dataset\Part_I\01_Train_Val_Oil_Spill_images\Oil\00202.tif,D:\SIH_Dataset\Part_I\01_Train_Val_Oil_Spill_mask\Mask_oil\00202.tif,S1A_IW_GRDH_1SDV_20170817T023857_20170817T023922_017957_01E207_7BFA_O,subset_232_of_S1A_IW_GRDH_1SDV_20170817T023857_20170817T023922_017957_01E207_7BFA_Orb_NR_Cal_Spk_TC_dB,GRD,2017-08-17T02:39:00.421816,2017-08-17T02:39:02.816163,EPSG:4326,2048,2048,49.40704100929479,29.240685182353232,49.591015979482464,29.42466015254091,29.33267266744707,49.499028494388625,59155,1.410365104675293,45868113.6503168,706.7397768574085,688.0050798749049,80.0,,,
00208,D:\SIH_Dataset\Part_I\01_Train_Val_Oil_Spill_images\Oil\00208.tif,D:\SIH_Dataset\Part_I\01_Train_Val_Oil_Spill_mask\Mask_oil\00208.tif,S1B_IW_GRDH_1SDV_20180221T035933_20180221T035958_009716_011896_E830_O,subset_254_of_S1B_IW_GRDH_1SDV_20180221T035933_20180221T035958_009716_011896_E830_Orb_NR_Cal_Spk_TC_dB,GRD,2018-02-21T03:59:40.266957,2018-02-21T03:59:42.670963,EPSG:4326,2048,2048,31.17914603097792,32.416534182179774,31.363121001165595,32.60050915236745,32.50852166727361,31.271133516071757,61713,1.4713525772094727,248431147.95454085,591.9315784356619,466.66761460308203,80.0,,,
00210,D:\SIH_Dataset\Part_I\01_Train_Val_Oil_Spill_images\Oil\00210.tif,D:\SIH_Dataset\Part_I\01_Train_Val_Oil_Spill_mask\Mask_oil\00210.tif,S1B_IW_GRDH_1SDV_20171230T035124_20171230T035149_008943_00FF46_09E9_O,subset_259_of_S1B_IW_GRDH_1SDV_20171230T035124_20171230T035149_008943_00FF46_09E9_Orb_NR_Cal_Spk_TC_dB,GRD,2017-12-30T03:51:40.900020,2017-12-30T03:51:43.303469,EPSG:4326,2048,2048,32.48979545512776,31.50614303814627,32.67377042531544,31.690118008333947,31.59813052324011,32.5817829402216,67155,1.601099967956543,17148350.813293718,1090.3486933214206,991.4180701362519,80.0,,,
00213,D:\SIH_Dataset\Part_I\01_Train_Val_Oil_Spill_images\Oil\00213.tif,D:\SIH_Dataset\Part_I\01_Train_Val_Oil_Spill_mask\Mask_oil\00213.tif,S1B_IW_GRDH_1SDV_20180228T035123_20180228T035148_009818_011BFF_A6C6_O,subset_262_of_S1B_IW_GRDH_1SDV_20180228T035123_20180228T035148_009818_011BFF_A6C6_Orb_NR_Cal_Spk_TC_dB,GRD,2018-02-28T03:51:37.257412,2018-02-28T03:51:39.660978,EPSG:4326,2048,2048,31.199166485661785,31.668256337106502,31.38314145584946,31.85223130729418,31.76024382220034,31.291153970755623,81816,1.9506454467773438,356708090.423909,872.0341009093576,835.8274909553144,80.0,,,
00214,D:\SIH_Dataset\Part_I\01_Train_Val_Oil_Spill_images\Oil\00214.tif,D:\SIH_Dataset\Part_I\01_Train_Val_Oil_Spill_mask\Mask_oil\00214.tif,S1B_IW_GRDH_1SDV_20180228T035123_20180228T035148_009818_011BFF_A6C6_O,subset_263_of_S1B_IW_GRDH_1SDV_20180228T035123_20180228T035148_009818_011BFF_A6C6_Orb_NR_Cal_Spk_TC_dB,GRD,2018-02-28T03:51:36.943903,2018-02-28T03:51:39.347470,EPSG:4326,2048,2048,31.067114138896216,31.692241355192493,31.251089109083892,31.87621632538017,31.78422884028633,31.159101623990054,84311,2.0101308822631836,345829680.60847044,1020.9333598225617,1122.896662357225,80.0,,,
00215,D:\SIH_Dataset\Part_I\01_Train_Val_Oil_Spill_images\Oil\00215.tif,D:\SIH_Dataset\Part_I\01_Train_Val_Oil_Spill_mask\Mask_oil\00215.tif,S1B_IW_GRDH_1SDV_20180228T035123_20180228T035148_009818_011BFF_A6C6_O,subset_264_of_S1B_IW_GRDH_1SDV_20180228T035123_20180228T035148_009818_011BFF_A6C6_Orb_NR_Cal_Spk_TC_dB,GRD,2018-02-28T03:51:36.973257,2018-02-28T03:51:39.376824,EPSG:4326,2048,2048,30.91871245395967,31.689995566982194,31.102687424147348,31.87397053716987,31.781983052076033,31.01069993905351,71164,1.6966819763183594,79625854.73379147,1056.0827103591703,994.1248524534877,80.0,,,
00216,D:\SIH_Dataset\Part_I\01_Train_Val_Oil_Spill_images\Oil\00216.tif,D:\SIH_Dataset\Part_I\01_Train_Val_Oil_Spill_mask\Mask_oil\00216.tif,S1B_IW_GRDH_1SDV_20180228T035123_20180228T035148_009818_011BFF_A6C6_O,subset_265_of_S1B_IW_GRDH_1SDV_20180228T035123_20180228T035148_009818_011BFF_A6C6_Orb_NR_Cal_Spk_TC_dB,GRD,2018-02-28T03:51:37.121205,2018-02-28T03:51:39.524772,EPSG:4326,2048,2048,30.81055529375168,31.67867679440229,30.994530263939357,31.862651764589966,31.770664279496128,30.90254277884552,63430,1.512289047241211,91263751.62954393,993.8726627778653,1312.4117294655525,80.0,,,
00217,D:\SIH_Dataset\Part_I\01_Train_Val_Oil_Spill_images\Oil\00217.tif,D:\SIH_Dataset\Part_I\01_Train_Val_Oil_Spill_mask\Mask_oil\00217.tif,S1B_IW_GRDH_1SDV_20180228T035123_20180228T035148_009818_011BFF_A6C6_O,subset_266_of_S1B_IW_GRDH_1SDV_20180228T035123_20180228T035148_009818_011BFF_A6C6_Orb_NR_Cal_Spk_TC_dB,GRD,2018-02-28T03:51:37.082457,2018-02-28T03:51:39.486024,EPSG:4326,2048,2048,30.778126111994965,31.681641234839883,30.96210108218264,31.86561620502756,31.773628719933722,30.870113597088803,45188,1.0773658752441406,143498307.88660437,1053.5308488979374,1235.3149287421438,80.0,,,
00228,D:\SIH_Dataset\Part_I\01_Train_Val_Oil_Spill_images\Oil\00228.tif,D:\SIH_Dataset\Part_I\01_Train_Val_Oil_Spill_mask\Mask_oil\00228.tif,S1B_IW_GRDH_1SDV_20170913T035125_20170913T035150_007368_00D005_305E_O,subset_277_of_S1B_IW_GRDH_1SDV_20170913T035125_20170913T035150_007368_00D005_305E_Orb_NR_Cal_Spk_TC_dB,GRD,2017-09-13T03:51:39.995117,2017-09-13T03:51:42.398542,EPSG:4326,2048,2048,31.237479011899534,31.64023136246598,31.42145398208721,31.824206332653656,31.732218847559817,31.329466496993373,78459,1.8706083297729492,755001055.8415934,1046.6802470079915,959.6150154857951,80.0,,,
00233,D:\SIH_Dataset\Part_I\01_Train_Val_Oil_Spill_images\Oil\00233.tif,D:\SIH_Dataset\Part_I\01_Train_Val_Oil_Spill_mask\Mask_oil\00233.tif,S1A_IW_GRDH_1SDV_20170807T000823_20170807T000848_017810_01DD99_6B25_O,subset_282_of_S1A_IW_GRDH_1SDV_20170807T000823_20170807T000848_017810_01DD99_6B25_Orb_NR_Cal_Spk_TC_dB,GRD,2017-08-07T00:08:44.895365,2017-08-07T00:08:47.275711,EPSG:4326,2048,2048,-91.44698434332447,22.778541658035824,-91.2630093731368,22.9625166282235,22.870529143129662,-91.35499685823063,60498,1.4423847198486328,18348541.457769156,1001.0808952362062,1461.7979767926213,80.0,,,
00234,D:\SIH_Dataset\Part_I\01_Train_Val_Oil_Spill_images\Oil\00234.tif,D:\SIH_Dataset\Part_I\01_Train_Val_Oil_Spill_mask\Mask_oil\00234.tif,S1A_IW_GRDH_1SDV_20170807T000823_20170807T000848_017810_01DD99_6B25_O,subset_283_of_S1A_IW_GRDH_1SDV_20170807T000823_20170807T000848_017810_01DD99_6B25_Orb_NR_Cal_Spk_TC_dB,GRD,2017-08-07T00:08:45.368644,2017-08-07T00:08:47.748990,EPSG:4326,2048,2048,-91.60544715944316,22.74198022597216,-91.42147218925548,22.925955196159837,22.833967711066,-91.51345967434932,182371,4.3480634689331055,108416972.06357759,1065.4191757461438,698.3020134780201,80.0,,,
00238,D:\SIH_Dataset\Part_I\01_Train_Val_Oil_Spill_images\Oil\00238.tif,D:\SIH_Dataset\Part_I\01_Train_Val_Oil_Spill_mask\Mask_oil\00238.tif,S1A_IW_GRDH_1SDV_20160213T155657_20160213T155722_009930_00E92A_549A_O,subset_287_of_S1A_IW_GRDH_1SDV_20160213T155657_20160213T155722_009930_00E92A_549A_Orb_NR_Cal_Spk_TC_dB,GRD,2016-02-13T15:57:15.164390,2016-02-13T15:57:17.567232,EPSG:4326,2048,2048,30.043269306850124,32.09855912253189,30.2272442770378,32.282534092719565,32.19054660762573,30.135256791943963,176779,4.214739799499512,47145944.781170815,1050.4225360478338,1235.465363532999,80.0,,,
00240,D:\SIH_Dataset\Part_I\01_Train_Val_Oil_Spill_images\Oil\00240.tif,D:\SIH_Dataset\Part_I\01_Train_Val_Oil_Spill_mask\Mask_oil\00240.tif,S1A_IW_GRDH_1SDV_20170528T045151_20170528T045216_016777_01BE0F_BF52_O,subset_289_of_S1A_IW_GRDH_1SDV_20170528T045151_20170528T045216_016777_01BE0F_BF52_Orb_NR_Cal_Spk_TC_dB,GRD,2017-05-28T04:52:07.279094,2017-05-28T04:52:09.566638,EPSG:4326,2048,2048,10.89984459336895,-6.343259066700538,11.083819563556629,-6.15928409651286,-6.2512715816067,10.991832078462789,178377,4.252839088439941,157912488.64318544,1212.7157957584218,1125.6152783150294,80.0,,,
00257,D:\SIH_Dataset\Part_I\01_Train_Val_Oil_Spill_images\Oil\00257.tif,D:\SIH_Dataset\Part_I\01_Train_Val_Oil_Spill_mask\Mask_oil\00257.tif,S1A_IW_GRDH_1SDV_20171203T002530_20171203T002555_019531_021270_B4AB_O,subset_306_of_S1A_IW_GRDH_1SDV_20171203T002530_20171203T002555_019531_021270_B4AB_Orb_NR_Cal_Spk_TC_dB,GRD,2017-12-03T00:25:37.209713,2017-12-03T00:25:39.596347,EPSG:4326,2048,2048,-95.1964034446982,26.275063727008416,-95.01242847451053,26.459038697196092,26.367051212102254,-95.10441595960437,164706,3.9268970489501953,819383.4239618437,1287.5950724320912,1357.6588770293736,80.0,,,
00260,D:\SIH_Dataset\Part_I\01_Train_Val_Oil_Spill_images\Oil\00260.tif,D:\SIH_Dataset\Part_I\01_Train_Val_Oil_Spill_mask\Mask_oil\00260.tif,S1A_IW_GRDH_1SDV_20171224T000112_20171224T000137_019837_021BF1_C1EC_O,subset_309_of_S1A_IW_GRDH_1SDV_20171224T000112_20171224T000137_019837_021BF1_C1EC_Orb_NR_Cal_Spk_TC_dB,GRD,2017-12-24T00:01:27.326010,2017-12-24T00:01:29.715844,EPSG:4326,2048,2048,-90.50049947843223,27.040164935255287,-90.31652450824456,27.224139905442964,27.132152420349126,-90.4085119933384,54354,1.2959003448486328,305668542.48637074,1042.1608529271075,792.2892335430695,80.0,,,
00261,D:\SIH_Dataset\Part_I\01_Train_Val_Oil_Spill_images\Oil\00261.tif,D:\SIH_Dataset\Part_I\01_Train_Val_Oil_Spill_mask\Mask_oil\00261.tif,S1A_IW_GRDH_1SDV_20171224T000112_20171224T000137_019837_021BF1_C1EC_O,subset_310_of_S1A_IW_GRDH_1SDV_20171224T000112_20171224T000137_019837_021BF1_C1EC_Orb_NR_Cal_Spk_TC_dB,GRD,2017-12-24T00:01:24.201830,2017-12-24T00:01:26.591664,EPSG:4326,2048,2048,-90.6400976735844,27.280554105285674,-90.45612270339673,27.46452907547335,27.372541590379512,-90.54811018849057,65116,1.5524864196777344,133712323.51591514,1369.4053535229436,1033.179909699613,80.0,,,
00263,D:\SIH_Dataset\Part_I\01_Train_Val_Oil_Spill_images\Oil\00263.tif,D:\SIH_Dataset\Part_I\01_Train_Val_Oil_Spill_mask\Mask_oil\00263.tif,S1A_IW_GRDH_1SDV_20180429T172711_20180429T172736_021685_02566B_8CF2_O,subset_318_of_S1A_IW_GRDH_1SDV_20180429T172711_20180429T172736_021685_02566B_8CF2_Orb_NR_Cal_Spk_TC_dB,GRD,2018-04-29T17:27:18.076918,2018-04-29T17:27:20.487051,EPSG:4326,2048,2048,1.321689778353781,60.7237764822637,1.5056647485414592,60.90775145245138,60.81576396735754,1.41367726344762,183713,4.380059242248535,35526087.36276925,793.0216397315378,1183.7010309558932,80.0,,,
00264,D:\SIH_Dataset\Part_I\01_Train_Val_Oil_Spill_images\Oil\00264.tif,D:\SIH_Dataset\Part_I\01_Train_Val_Oil_Spill_mask\Mask_oil\00264.tif,S1A_IW_GRDH_1SDV_20180429T172711_20180429T172736_021685_02566B_8CF2_O,subset_319_of_S1A_IW_GRDH_1SDV_20180429T172711_20180429T172736_021685_02566B_8CF2_Orb_NR_Cal_Spk_TC_dB,GRD,2018-04-29T17:27:16.697008,2018-04-29T17:27:19.107141,EPSG:4326,2048,2048,0.8369588510428874,60.82905903356251,1.0209338212305654,61.013034003750185,60.92104651865635,0.9289463361367264,142698,3.4021854400634766,135212358.1647393,847.2994155489215,921.8980924750172,80.0,,,
00276,D:\SIH_Dataset\Part_I\01_Train_Val_Oil_Spill_images\Oil\00276.tif,D:\SIH_Dataset\Part_I\01_Train_Val_Oil_Spill_mask\Mask_oil\00276.tif,S1A_IW_GRDH_1SDV_20171001T000113_20171001T000138_018612_01F616_AD54_O,subset_331_of_S1A_IW_GRDH_1SDV_20171001T000113_20171001T000138_018612_01F616_AD54_Orb_NR_Cal_Spk_TC_dB,GRD,2017-10-01T00:01:25.857812,2017-10-01T00:01:28.247622,EPSG:4326,2048,2048,-90.35038947418177,27.272105754334557,-90.16641450399409,27.456080724522234,27.364093239428396,-90.25840198908793,98414,2.346372604370117,453423603.3375242,1056.16492572195,955.7432275895706,80.0,,,
00277,D:\SIH_Dataset\Part_I\01_Train_Val_Oil_Spill_images\Oil\00277.tif,D:\SIH_Dataset\Part_I\01_Train_Val_Oil_Spill_mask\Mask_oil\00277.tif,S1A_IW_GRDH_1SDV_20171001T000113_20171001T000138_018612_01F616_AD54_O,subset_332_of_S1A_IW_GRDH_1SDV_20171001T000113_20171001T000138_018612_01F616_AD54_Orb_NR_Cal_Spk_TC_dB,GRD,2017-10-01T00:01:19.565150,2017-10-01T00:01:21.954961,EPSG:4326,2048,2048,-89.92692364924781,27.756297692474977,-89.74294867906013,27.940272662662654,27.848285177568815,-89.83493616415397,58497,1.3946771621704102,14970258.630471235,1216.3271877190284,1020.2640220866027,80.0,,,
00278,D:\SIH_Dataset\Part_I\01_Train_Val_Oil_Spill_images\Oil\00278.tif,D:\SIH_Dataset\Part_I\01_Train_Val_Oil_Spill_mask\Mask_oil\00278.tif,S1A_IW_GRDH_1SDV_20171001T000113_20171001T000138_018612_01F616_AD54_O,subset_333_of_S1A_IW_GRDH_1SDV_20171001T000113_20171001T000138_018612_01F616_AD54_Orb_NR_Cal_Spk_TC_dB,GRD,2017-10-01T00:01:15.560729,2017-10-01T00:01:17.950540,EPSG:4326,2048,2048,-89.0189065600598,28.064419834927975,-88.83493158987213,28.24839480511565,28.156407320021813,-88.92691907496597,56520,1.3475418090820312,221577633.22318685,1042.1237615003538,911.5452760084926,80.0,,,
00279,D:\SIH_Dataset\Part_I\01_Train_Val_Oil_Spill_images\Oil\00279.tif,D:\SIH_Dataset\Part_I\01_Train_Val_Oil_Spill_mask\Mask_oil\00279.tif,S1A_IW_GRDH_1SDV_20171001T000113_20171001T000138_018612_01F616_AD54_O,subset_334_of_S1A_IW_GRDH_1SDV_20171001T000113_20171001T000138_018612_01F616_AD54_Orb_NR_Cal_Spk_TC_dB,GRD,2017-10-01T00:01:15.889956,2017-10-01T00:01:18.279766,EPSG:4326,2048,2048,-89.12059585022213,28.039087343915803,-88.93662088003445,28.22306231410348,28.13107482900964,-89.02860836512829,57108,1.3615608215332031,152095209.73869488,886.6289136373188,1346.481561252364,80.0,,,
00280,D:\SIH_Dataset\Part_I\01_Train_Val_Oil_Spill_images\Oil\00280.tif,D:\SIH_Dataset\Part_I\01_Train_Val_Oil_Spill_mask\Mask_oil\00280.tif,S1A_IW_GRDH_1SDV_20171001T000113_20171001T000138_018612_01F616_AD54_O,subset_335_of_S1A_IW_GRDH_1SDV_20171001T000113_20171001T000138_018612_01F616_AD54_Orb_NR_Cal_Spk_TC_dB,GRD,2017-10-01T00:01:15.884118,2017-10-01T00:01:18.273929,EPSG:4326,2048,2048,-89.25282786004453,28.039536501557862,-89.06885288985686,28.22351147174554,28.1315239866517,-89.1608403749507,140895,3.359198570251465,1028122123.6777778,1052.1234926718478,613.3349267184783,80.0,,,
00281,D:\SIH_Dataset\Part_I\01_Train_Val_Oil_Spill_images\Oil\00281.tif,D:\SIH_Dataset\Part_I\01_Train_Val_Oil_Spill_mask\Mask_oil\00281.tif,S1A_IW_GRDH_1SDV_20171001T000113_20171001T000138_018612_01F616_AD54_O,subset_336_of_S1A_IW_GRDH_1SDV_20171001T000113_20171001T000138_018612_01F616_AD54_Orb_NR_Cal_Spk_TC_dB,GRD,2017-10-01T00:01:15.866606,2017-10-01T00:01:18.256417,EPSG:4326,2048,2048,-89.39799560995824,28.040883974484043,-89.21402063977057,28.22485894467172,28.13287145957788,-89.3060081248644,125161,2.9840707778930664,969520109.0371038,1057.6490240570145,1446.3839095245323,80.0,,,
00283,D:\SIH_Dataset\Part_I\01_Train_Val_Oil_Spill_images\Oil\00283.tif,D:\SIH_Dataset\Part_I\01_Train_Val_Oil_Spill_mask\Mask_oil\00283.tif,S1A_IW_GRDH_1SDV_20171001T000113_20171001T000138_018612_01F616_AD54_O,subset_338_of_S1A_IW_GRDH_1SDV_20171001T000113_20171001T000138_018612_01F616_AD54_Orb_NR_Cal_Spk_TC_dB,GRD,2017-10-01T00:01:16.296235,2017-10-01T00:01:18.686046,EPSG:4326,2048,2048,-89.59544530940771,28.007825972028442,-89.41147033922003,28.19180094221612,28.09981345712228,-89.50345782431387,86293,2.0573854446411133,4896603.931438539,971.0331139258109,1413.6060109162968,80.0,,,
00286,D:\SIH_Dataset\Part_I\01_Train_Val_Oil_Spill_images\Oil\00286.tif,D:\SIH_Dataset\Part_I\01_Train_Val_Oil_Spill_mask\Mask_oil\00286.tif,S1A_IW_GRDH_1SDV_20171212T000113_20171212T000138_019662_021690_6A30_O,subset_341_of_S1A_IW_GRDH_1SDV_20171212T000113_20171212T000138_019662_021690_6A30_Orb_NR_Cal_Spk_TC_dB,GRD,2017-12-12T00:01:20.872303,2017-12-12T00:01:23.262131,EPSG:4326,2048,2048,-90.49242153149322,27.586694045925036,-90.30844656130554,27.770669016112713,27.678681531018874,-90.40043404639938,104705,2.49636173248291,402093672.4841043,1108.0592665106728,666.0644143068621,80.0,,,
00287,D:\SIH_Dataset\Part_I\01_Train_Val_Oil_Spill_images\Oil\00287.tif,D:\SIH_Dataset\Part_I\01_Train_Val_Oil_Spill_mask\Mask_oil\00287.tif,S1A_IW_GRDH_1SDV_20171212T000113_20171212T000138_019662_021690_6A30_O,subset_342_of_S1A_IW_GRDH_1SDV_20171212T000113_20171212T000138_019662_021690_6A30_Orb_NR_Cal_Spk_TC_dB,GRD,2017-12-12T00:01:20.620127,2017-12-12T00:01:23.009956,EPSG:4326,2048,2048,-90.55251882400081,27.60609765606202,-90.36854385381314,27.790072626249696,27.698085141155858,-90.46053133890697,150971,3.599429130554199,147606584.40277243,1226.8760192354823,964.0705864040114,80.0,,,
00293,D:\SIH_Dataset\Part_I\01_Train_Val_Oil_Spill_images\Oil\00293.tif,D:\SIH_Dataset\Part_I\01_Train_Val_Oil_Spill_mask\Mask_oil\00293.tif,S1A_IW_GRDH_1SDV_20170924T000940_20170924T001005_018510_01F303_4E14_O,subset_348_of_S1A_IW_GRDH_1SDV_20170924T000940_20170924T001005_018510_01F303_4E14_Orb_NR_Cal_Spk_TC_dB,GRD,2017-09-24T00:09:48.375581,2017-09-24T00:09:50.768177,EPSG:4326,2048,2048,-91.73042360925474,28.33151967595819,-91.54644863906707,28.515494646145868,28.42350716105203,-91.6384361241609,85128,2.0296096801757812,239701264.1188219,1047.5959378817781,906.3948994455409,80.0,,,
00295,D:\SIH_Dataset\Part_I\01_Train_Val_Oil_Spill_images\Oil\00295.tif,D:\SIH_Dataset\Part_I\01_Train_Val_Oil_Spill_mask\Mask_oil\00295.tif,S1A_IW_GRDH_1SDV_20151027T165531_20151027T165556_008341_00BC50_3935_O,subset_356_of_S1A_IW_GRDH_1SDV_20151027T165531_20151027T165556_008341_00BC50_3935_Orb_NR_Cal_Spk_TC_dB,GRD,2015-10-27T16:55:34.030738,2015-10-27T16:55:36.442514,EPSG:4326,2048,2048,15.914020689740253,36.539818346009596,16.097995659927932,36.72379331619727,36.631805831103435,16.006008174834093,94610,2.255678176879883,23514667.064133905,961.2336750872001,1011.2246908360638,80.0,,,
00299,D:\SIH_Dataset\Part_I\01_Train_Val_Oil_Spill_images\Oil\00299.tif,D:\SIH_Dataset\Part_I\01_Train_Val_Oil_Spill_mask\Mask_oil\00299.tif,S1A_IW_GRDH_1SDV_20151027T165531_20151027T165556_008341_00BC50_3935_O,subset_360_of_S1A_IW_GRDH_1SDV_20151027T165531_20151027T165556_008341_00BC50_3935_Orb_NR_Cal_Spk_TC_dB,GRD,2015-10-27T16:55:44.053686,2015-10-27T16:55:46.465462,EPSG:4326,2048,2048,14.624219604801445,35.77562153380912,14.808194574989123,35.9595965039968,35.86760901890296,14.716207089895285,44352,1.05743408203125,40305361.66684016,776.4384244227995,560.8977723665224,80.0,,,
00317,D:\SIH_Dataset\Part_I\01_Train_Val_Oil_Spill_images\Oil\00317.tif,D:\SIH_Dataset\Part_I\01_Train_Val_Oil_Spill_mask\Mask_oil\00317.tif,S1A_IW_GRDH_1SDV_20191026T095206_20191026T095231_029628_035FBA_B120_O,subset_402_of_S1A_IW_GRDH_1SDV_20191026T095206_20191026T095231_029628_035FBA_B120_Orb_NR_Cal_Spk_TC_dB,GRD,2019-10-26T09:52:19.359404,2019-10-26T09:52:21.709779,EPSG:4326,2048,2048,-61.778828016763185,10.285333158018217,-61.59485304657551,10.469308128205896,10.377320643112057,-61.68684053166935,217099,5.176043510437012,104585336.29925153,1016.9089931321655,1251.7524931022253,80.0,,,
00321,D:\SIH_Dataset\Part_I\01_Train_Val_Oil_Spill_images\Oil\00321.tif,D:\SIH_Dataset\Part_I\01_Train_Val_Oil_Spill_mask\Mask_oil\00321.tif,S1A_IW_GRDH_1SDV_20161119T152715_20161119T152740_014013_016957_F849_O,subset_406_of_S1A_IW_GRDH_1SDV_20161119T152715_20161119T152740_014013_016957_F849_Orb_NR_Cal_Spk_TC_dB,GRD,2016-11-19T15:27:27.427679,2016-11-19T15:27:29.849727,EPSG:4326,2048,2048,35.5931672183359,43.576966383728575,35.77714218852358,43.76094135391625,43.66895386882241,35.68515470342974,56168,1.3391494750976562,114316243.0378708,1001.2469911693491,1419.9286782509614,80.0,,,
00325,D:\SIH_Dataset\Part_I\01_Train_Val_Oil_Spill_images\Oil\00325.tif,D:\SIH_Dataset\Part_I\01_Train_Val_Oil_Spill_mask\Mask_oil\00325.tif,S1A_IW_GRDH_1SDV_20161119T152715_20161119T152740_014013_016957_F849_O,subset_410_of_S1A_IW_GRDH_1SDV_20161119T152715_20161119T152740_014013_016957_F849_Orb_NR_Cal_Spk_TC_dB,GRD,2016-11-19T15:27:30.440153,2016-11-19T15:27:32.862202,EPSG:4326,2048,2048,37.31496812340779,43.34825531239174,37.498943093595464,43.53223028257942,43.44024279748558,37.406955608501626,44549,1.0621309280395508,136013163.68633237,708.6020673864733,1272.4877887270197,80.0,,,
00326,D:\SIH_Dataset\Part_I\01_Train_Val_Oil_Spill_images\Oil\00326.tif,D:\SIH_Dataset\Part_I\01_Train_Val_Oil_Spill_mask\Mask_oil\00326.tif,S1A_IW_GRDH_1SDV_20180208T001527_20180208T001552_020508_023144_1FCE_O,subset_411_of_S1A_IW_GRDH_1SDV_20180208T001527_20180208T001552_020508_023144_1FCE_Orb_NR_Cal_Spk_TC_dB,GRD,2018-02-08T00:15:40.164083,2018-02-08T00:15:42.532219,EPSG:4326,2048,2048,-92.18588771869845,19.325490859437767,-92.00191274851078,19.509465829625444,19.417478344531606,-92.09390023360461,121058,2.8862476348876953,343602360.5779688,1310.9423747294686,1339.3071502915957,80.0,,,
00327,D:\SIH_Dataset\Part_I\01_Train_Val_Oil_Spill_images\Oil\00327.tif,D:\SIH_Dataset\Part_I\01_Train_Val_Oil_Spill_mask\Mask_oil\00327.tif,S1A_IW_GRDH_1SDV_20180208T001527_20180208T001552_020508_023144_1FCE_O,subset_412_of_S1A_IW_GRDH_1SDV_20180208T001527_20180208T001552_020508_023144_1FCE_Orb_NR_Cal_Spk_TC_dB,GRD,2018-02-08T00:15:40.186064,2018-02-08T00:15:42.554200,EPSG:4326,2048,2048,-92.30742977663982,19.32378406039794,-92.12345480645214,19.507759030585618,19.41577154549178,-92.21544229154598,44591,1.0631322860717773,132307731.79947166,1006.0624453365028,1282.773283846516,80.0,,,
00331,D:\SIH_Dataset\Part_I\01_Train_Val_Oil_Spill_images\Oil\00331.tif,D:\SIH_Dataset\Part_I\01_Train_Val_Oil_Spill_mask\Mask_oil\00331.tif,S1A_IW_GRDH_1SDV_20190920T095205_20190920T095230_029103_034DAB_3201_O,subset_416_of_S1A_IW_GRDH_1SDV_20190920T095205_20190920T095230_029103_034DAB_3201_Orb_NR_Cal_Spk_TC_dB,GRD,2019-09-20T09:52:20.918898,2019-09-20T09:52:23.269168,EPSG:4326,2048,2048,-60.781739896705325,10.126844591934118,-60.59776492651765,10.310819562121797,10.218832077027958,-60.68975241161149,58496,1.3946533203125,82275283.15246908,813.9321321115974,995.0563115426696,80.0,,,
00332,D:\SIH_Dataset\Part_I\01_Train_Val_Oil_Spill_images\Oil\00332.tif,D:\SIH_Dataset\Part_I\01_Train_Val_Oil_Spill_mask\Mask_oil\00332.tif,S1A_IW_GRDH_1SDV_20190920T095205_20190920T095230_029103_034DAB_3201_O,subset_417_of_S1A_IW_GRDH_1SDV_20190920T095205_20190920T095230_029103_034DAB_3201_Orb_NR_Cal_Spk_TC_dB,GRD,2019-09-20T09:52:19.911967,2019-09-20T09:52:22.262237,EPSG:4326,2048,2048,-60.779404276966616,10.205626842351402,-60.59542930677894,10.38960181253908,10.297614327445242,-60.68741679187278,140942,3.360319137573242,363208936.1561814,999.1261795632246,977.9105376679769,80.0,,,
00333,D:\SIH_Dataset\Part_I\01_Train_Val_Oil_Spill_images\Oil\00333.tif,D:\SIH_Dataset\Part_I\01_Train_Val_Oil_Spill_mask\Mask_oil\00333.tif,S1A_IW_GRDH_1SDV_20190920T095205_20190920T095230_029103_034DAB_3201_O,subset_418_of_S1A_IW_GRDH_1SDV_20190920T095205_20190920T095230_029103_034DAB_3201_Orb_NR_Cal_Spk_TC_dB,GRD,2019-09-20T09:52:18.221884,2019-09-20T09:52:20.572155,EPSG:4326,2048,2048,-60.76592954770482,10.337858852173794,-60.581954577517145,10.521833822361472,10.429846337267634,-60.67394206261098,102351,2.4402379989624023,65307998.51853069,1041.4932878037341,1032.546526169749,80.0,,,
00345,D:\SIH_Dataset\Part_I\01_Train_Val_Oil_Spill_images\Oil\00345.tif,D:\SIH_Dataset\Part_I\01_Train_Val_Oil_Spill_mask\Mask_oil\00345.tif,S1A_IW_GRDH_1SDV_20180312T045130_20180312T045155_020977_02402E_BA7C_O,subset_430_of_S1A_IW_GRDH_1SDV_20180312T045130_20180312T045155_020977_02402E_BA7C_Orb_NR_Cal_Spk_TC_dB,GRD,2018-03-12T04:51:43.419433,2018-03-12T04:51:45.712417,EPSG:4326,2048,2048,11.345945014168576,-4.654613283729536,11.529919984356255,-4.470638313541858,-4.562625798635697,11.437932499262416,187449,4.469132423400879,77180492.320319,847.632286648635,698.8655554310773,80.0,,,
00350,D:\SIH_Dataset\Part_I\01_Train_Val_Oil_Spill_images\Oil\00350.tif,D:\SIH_Dataset\Part_I\01_Train_Val_Oil_Spill_mask\Mask_oil\00350.tif,S1A_IW_GRDH_1SDV_20171010T142441_20171010T142506_018752_01FA61_AEEA_O,subset_435_of_S1A_IW_GRDH_1SDV_20171010T142441_20171010T142506_018752_01FA61_AEEA_Orb_NR_Cal_Spk_TC_dB,GRD,2017-10-10T14:24:50.161570,2017-10-10T14:24:52.543662,EPSG:4326,2048,2048,54.37614405345896,25.51208334163225,54.560119023646635,25.696058311819925,25.604070826726087,54.4681315385528,89276,2.1285057067871094,117303989.71524906,1250.7440185492183,641.2166763743895,80.0,,,
00354,D:\SIH_Dataset\Part_I\01_Train_Val_Oil_Spill_images\Oil\00354.tif,D:\SIH_Dataset\Part_I\01_Train_Val_Oil_Spill_mask\Mask_oil\00354.tif,S1A_IW_GRDH_1SDV_20171010T142441_20171010T142506_018752_01FA61_AEEA_O,subset_439_of_S1A_IW_GRDH_1SDV_20171010T142441_20171010T142506_018752_01FA61_AEEA_Orb_NR_Cal_Spk_TC_dB,GRD,2017-10-10T14:24:53.842350,2017-10-10T14:24:56.224443,EPSG:4326,2048,2048,54.42105981766493,25.22794621726524,54.60503478785261,25.41192118745292,25.31993370235908,54.51304730275877,71227,1.6981840133666992,26630690.212037295,899.1487427520462,1312.7429696603815,80.0,,,
00356,D:\SIH_Dataset\Part_I\01_Train_Val_Oil_Spill_images\Oil\00356.tif,D:\SIH_Dataset\Part_I\01_Train_Val_Oil_Spill_mask\Mask_oil\00356.tif,S1A_IW_GRDH_1SDV_20171010T142441_20171010T142506_018752_01FA61_AEEA_O,subset_442_of_S1A_IW_GRDH_1SDV_20171010T142441_20171010T142506_018752_01FA61_AEEA_Orb_NR_Cal_Spk_TC_dB,GRD,2017-10-10T14:24:50.729455,2017-10-10T14:24:53.111547,EPSG:4326,2048,2048,54.77122311541472,25.468245555767215,54.9551980856024,25.652220525954892,25.560233040861053,54.86321060050856,284854,6.791448593139648,6801173.838639422,834.9900264697003,967.7502194106454,80.0,,,
00357,D:\SIH_Dataset\Part_I\01_Train_Val_Oil_Spill_images\Oil\00357.tif,D:\SIH_Dataset\Part_I\01_Train_Val_Oil_Spill_mask\Mask_oil\00357.tif,S1A_IW_GRDH_1SDV_20171010T142441_20171010T142506_018752_01FA61_AEEA_O,subset_442_of_S1A_IW_GRDH_1SDV_20171010T142441_20171010T142506_018752_01FA61_AEEA_Orb_NR_Cal_Spk_TC_dB,GRD,2017-10-10T14:24:50.729455,2017-10-10T14:24:53.111547,EPSG:4326,2048,2048,54.77122311541472,25.468245555767215,54.9551980856024,25.652220525954892,25.560233040861053,54.86321060050856,284854,6.791448593139648,6801173.838639422,834.9900264697003,967.7502194106454,80.0,,,
00364,D:\SIH_Dataset\Part_I\01_Train_Val_Oil_Spill_images\Oil\00364.tif,D:\SIH_Dataset\Part_I\01_Train_Val_Oil_Spill_mask\Mask_oil\00364.tif,S1A_IW_GRDH_1SDV_20170221T045123_20170221T045148_015377_0193B1_A93A_O,subset_463_of_S1A_IW_GRDH_1SDV_20170221T045123_20170221T045148_015377_0193B1_A93A_Orb_NR_Cal_Spk_TC_dB,GRD,2017-02-21T04:51:35.954030,2017-02-21T04:51:38.247015,EPSG:4326,2048,2048,11.07524410095912,-4.5868112221948945,11.259219071146799,-4.402836252007217,-4.494823737101056,11.16723158605296,104514,2.4918079376220703,68031047.64473689,947.4114568383183,1458.2409725012917,80.0,,,
00366,D:\SIH_Dataset\Part_I\01_Train_Val_Oil_Spill_images\Oil\00366.tif,D:\SIH_Dataset\Part_I\01_Train_Val_Oil_Spill_mask\Mask_oil\00366.tif,S1A_IW_GRDH_1SDV_20170826T035202_20170826T035227_018089_01E606_CA22_O,subset_469_of_S1A_IW_GRDH_1SDV_20170826T035202_20170826T035227_018089_01E606_CA22_Orb_NR_Cal_Spk_TC_dB,GRD,2017-08-26T03:52:21.453007,2017-08-26T03:52:23.854042,EPSG:4326,2048,2048,31.66392069924163,31.556253612782285,31.847895669429306,31.740228582969962,31.648241097876124,31.755908184335468,88303,2.1053075790405273,13426611.842477765,886.0524047880593,927.8167163063542,80.0,,,
00370,D:\SIH_Dataset\Part_I\01_Train_Val_Oil_Spill_images\Oil\00370.tif,D:\SIH_Dataset\Part_I\01_Train_Val_Oil_Spill_mask\Mask_oil\00370.tif,S1A_IW_GRDH_1SDV_20170814T035201_20170814T035226_017914_01E0B9_B1EA_O,subset_473_of_S1A_IW_GRDH_1SDV_20170814T035201_20170814T035226_017914_01E0B9_B1EA_Orb_NR_Cal_Spk_TC_dB,GRD,2017-08-14T03:52:15.555185,2017-08-14T03:52:17.956129,EPSG:4326,2048,2048,30.717615468817534,31.96091584837817,30.90159043900521,32.14489081856585,32.05290333347201,30.809602953911373,86614,2.0650386810302734,148767310.17462447,960.7280116378414,1005.4472025307687,80.0,,,
00374,D:\SIH_Dataset\Part_I\01_Train_Val_Oil_Spill_images\Oil\00374.tif,D:\SIH_Dataset\Part_I\01_Train_Val_Oil_Spill_mask\Mask_oil\00374.tif,S1A_IW_GRDH_1SDV_20170917T001530_20170917T001555_018408_01EFE0_A779_O,subset_477_of_S1A_IW_GRDH_1SDV_20170917T001530_20170917T001555_018408_01EFE0_A779_Orb_NR_Cal_Spk_TC_dB,GRD,2017-09-17T00:15:42.957225,2017-09-17T00:15:45.325479,EPSG:4326,2048,2048,-91.56261280773766,19.301767148416307,-91.37863783754999,19.485742118603984,19.393754633510145,-91.47062532264383,97488,2.3242950439453125,296380658.39374477,1012.9346996553422,899.0534014442803,80.0,,,
00382,D:\SIH_Dataset\Part_I\01_Train_Val_Oil_Spill_images\Oil\00382.tif,D:\SIH_Dataset\Part_I\01_Train_Val_Oil_Spill_mask\Mask_oil\00382.tif,S1A_IW_GRDH_1SDV_20170402T001521_20170402T001546_015958_01A507_FB5D_O,subset_485_of_S1A_IW_GRDH_1SDV_20170402T001521_20170402T001546_015958_01A507_FB5D_Orb_NR_Cal_Spk_TC_dB,GRD,2017-04-02T00:15:36.040089,2017-04-02T00:15:38.408361,EPSG:4326,2048,2048,-92.45315010012783,19.16426652436355,-92.26917512994015,19.348241494551228,19.25625400945739,-92.36116261503399,166358,3.9662837982177734,153003472.95065546,526.9652376200723,1208.4213924187595,80.0,,,
00389,D:\SIH_Dataset\Part_I\01_Train_Val_Oil_Spill_images\Oil\00389.tif,D:\SIH_Dataset\Part_I\01_Train_Val_Oil_Spill_mask\Mask_oil\00389.tif,S1B_IW_GRDH_1SDV_20180311T154853_20180311T154918_009986_01219E_3634_O,subset_492_of_S1B_IW_GRDH_1SDV_20180311T154853_20180311T154918_009986_01219E_3634_Orb_NR_Cal_Spk_TC_dB,GRD,2018-03-11T15:49:06.125083,2018-03-11T15:49:08.534023,EPSG:4326,2048,2048,31.58425430385216,34.91379822045228,31.768229274039836,35.097773190639955,35.00578570554612,31.676241788945998,213360,5.0868988037109375,237442850.63504702,945.4903355830521,1081.3490157480314,80.0,,,
00393,D:\SIH_Dataset\Part_I\01_Train_Val_Oil_Spill_images\Oil\00393.tif,D:\SIH_Dataset\Part_I\01_Train_Val_Oil_Spill_mask\Mask_oil\00393.tif,S1A_IW_GRDH_1SDV_20150731T154918_20150731T154943_007057_00998A_E86C_O,subset_504_of_S1A_IW_GRDH_1SDV_20150731T154918_20150731T154943_007057_00998A_E86C_Orb_NR_Cal_Spk_TC_dB,GRD,2015-07-31T15:49:32.757937,2015-07-31T15:49:35.165612,EPSG:4326,2048,2048,32.92131897922492,34.414900660844744,33.1052939494126,34.59887563103242,34.50688814593858,33.01330646431876,67064,1.5989303588867188,199929523.2042145,1008.6868513658595,1330.0147918406299,80.0,,,
00394,D:\SIH_Dataset\Part_I\01_Train_Val_Oil_Spill_images\Oil\00394.tif,D:\SIH_Dataset\Part_I\01_Train_Val_Oil_Spill_mask\Mask_oil\00394.tif,S1A_IW_GRDH_1SDV_20150731T154918_20150731T154943_007057_00998A_E86C_O,subset_505_of_S1A_IW_GRDH_1SDV_20150731T154918_20150731T154943_007057_00998A_E86C_Orb_NR_Cal_Spk_TC_dB,GRD,2015-07-31T15:49:32.626203,2015-07-31T15:49:35.033878,EPSG:4326,2048,2048,33.038908449916164,34.42496179202688,33.22288342010384,34.608936762214555,34.516949277120716,33.13089593501,66498,1.5854358673095703,296151745.483878,1036.9887966555384,692.8095882582935,80.0,,,
00402,D:\SIH_Dataset\Part_I\01_Train_Val_Oil_Spill_images\Oil\00402.tif,D:\SIH_Dataset\Part_I\01_Train_Val_Oil_Spill_mask\Mask_oil\00402.tif,S1A_IW_GRDH_1SDV_20170905T001529_20170905T001554_018233_01EA6C_00E8_O,subset_514_of_S1A_IW_GRDH_1SDV_20170905T001529_20170905T001554_018233_01EA6C_00E8_Orb_NR_Cal_Spk_TC_dB,GRD,2017-09-05T00:15:42.025555,2017-09-05T00:15:44.393912,EPSG:4326,2048,2048,-92.12336637989361,19.33465521258175,-91.93939140970593,19.518630182769428,19.42664269767559,-92.03137889479977,59938,1.4290332794189453,24501277.644858304,840.0398745370215,1023.9669324969135,80.0,,,
00405,D:\SIH_Dataset\Part_I\01_Train_Val_Oil_Spill_images\Oil\00405.tif,D:\SIH_Dataset\Part_I\01_Train_Val_Oil_Spill_mask\Mask_oil\00405.tif,S1A_IW_GRDH_1SDV_20170905T001529_20170905T001554_018233_01EA6C_00E8_O,subset_517_of_S1A_IW_GRDH_1SDV_20170905T001529_20170905T001554_018233_01EA6C_00E8_Orb_NR_Cal_Spk_TC_dB,GRD,2017-09-05T00:15:41.602097,2017-09-05T00:15:43.970454,EPSG:4326,2048,2048,-92.04242817279444,19.367533551980525,-91.85845320260677,19.551508522168202,19.459521037074364,-91.9504406877006,63735,1.5195608139038086,63615744.51657406,1149.6123558484348,125.04313956224995,80.0,,,
00406,D:\SIH_Dataset\Part_I\01_Train_Val_Oil_Spill_images\Oil\00406.tif,D:\SIH_Dataset\Part_I\01_Train_Val_Oil_Spill_mask\Mask_oil\00406.tif,S1A_IW_GRDH_1SDV_20170905T001529_20170905T001554_018233_01EA6C_00E8_O,subset_518_of_S1A_IW_GRDH_1SDV_20170905T001529_20170905T001554_018233_01EA6C_00E8_Orb_NR_Cal_Spk_TC_dB,GRD,2017-09-05T00:15:39.701164,2017-09-05T00:15:42.069521,EPSG:4326,2048,2048,-92.14124285404759,19.515126753161365,-91.95726788385991,19.69910172334904,19.607114238255203,-92.04925536895375,85628,2.0415306091308594,23070662.53498668,1055.214485915822,780.494195823796,80.0,,,
00407,D:\SIH_Dataset\Part_I\01_Train_Val_Oil_Spill_images\Oil\00407.tif,D:\SIH_Dataset\Part_I\01_Train_Val_Oil_Spill_mask\Mask_oil\00407.tif,S1A_IW_GRDH_1SDV_20170905T001529_20170905T001554_018233_01EA6C_00E8_O,subset_519_of_S1A_IW_GRDH_1SDV_20170905T001529_20170905T001554_018233_01EA6C_00E8_Orb_NR_Cal_Spk_TC_dB,GRD,2017-09-05T00:15:39.322828,2017-09-05T00:15:41.691185,EPSG:4326,2048,2048,-92.2171504955557,19.544501662952072,-92.03317552536802,19.72847663313975,19.63648914804591,-92.12516301046186,95477,2.2763490676879883,59459416.58626231,1092.9340731275595,1556.880269593724,80.0,,,
00409,D:\SIH_Dataset\Part_I\01_Train_Val_Oil_Spill_images\Oil\00409.tif,D:\SIH_Dataset\Part_I\01_Train_Val_Oil_Spill_mask\Mask_oil\00409.tif,S1A_IW_GRDH_1SDV_20150831T154054_20150831T154119_007509_00A5F2_94DC_O,subset_521_of_S1A_IW_GRDH_1SDV_20150831T154054_20150831T154119_007509_00A5F2_94DC_Orb_NR_Cal_Spk_TC_dB,GRD,2015-08-31T15:40:59.670979,2015-08-31T15:41:02.077017,EPSG:4326,2048,2048,35.172259399498046,34.42561385552174,35.35623436968572,34.609588825709416,34.51760134061558,35.264246884591884,97986,2.3361682891845703,161529192.60896844,705.5405261976201,1562.720266160472,80.0,,,
00410,D:\SIH_Dataset\Part_I\01_Train_Val_Oil_Spill_images\Oil\00410.tif,D:\SIH_Dataset\Part_I\01_Train_Val_Oil_Spill_mask\Mask_oil\00410.tif,S1A_IW_GRDH_1SDV_20150831T154054_20150831T154119_007509_00A5F2_94DC_O,subset_522_of_S1A_IW_GRDH_1SDV_20150831T154054_20150831T154119_007509_00A5F2_94DC_Orb_NR_Cal_Spk_TC_dB,GRD,2015-08-31T15:40:58.876410,2015-08-31T15:41:01.282449,EPSG:4326,2048,2048,35.24655007349473,34.48633996872822,35.43052504368241,34.670314938915894,34.578327453822055,35.33853755858857,135443,3.229212760925293,108261379.60259727,962.2659089063296,969.3979644573732,80.0,,,
00411,D:\SIH_Dataset\Part_I\01_Train_Val_Oil_Spill_images\Oil\00411.tif,D:\SIH_Dataset\Part_I\01_Train_Val_Oil_Spill_mask\Mask_oil\00411.tif,S1A_IW_GRDH_1SDV_20150831T154054_20150831T154119_007509_00A5F2_94DC_O,subset_523_of_S1A_IW_GRDH_1SDV_20150831T154054_20150831T154119_007509_00A5F2_94DC_Orb_NR_Cal_Spk_TC_dB,GRD,2015-08-31T15:40:57.074526,2015-08-31T15:40:59.480564,EPSG:4326,2048,2048,35.30925248032627,34.62405170178374,35.49322745051395,34.80802667197142,34.71603918687758,35.40123996542011,170553,4.066300392150879,25788436.464329056,1020.5719365827631,1049.9169964761686,80.0,,,
00413,D:\SIH_Dataset\Part_I\01_Train_Val_Oil_Spill_images\Oil\00413.tif,D:\SIH_Dataset\Part_I\01_Train_Val_Oil_Spill_mask\Mask_oil\00413.tif,S1A_IW_GRDH_1SDV_20180220T001527_20180220T001552_020683_0236D8_1EB7_O,subset_525_of_S1A_IW_GRDH_1SDV_20180220T001527_20180220T001552_020683_0236D8_1EB7_Orb_NR_Cal_Spk_TC_dB,GRD,2018-02-20T00:15:39.367156,2018-02-20T00:15:41.735292,EPSG:4326,2048,2048,-92.20636754646978,19.366207616134645,-92.0223925762821,19.55018258632232,19.458195101228483,-92.11438006137594,386843,9.223055839538574,273315917.6238743,1424.0324925098812,1094.180945499854,80.0,,,
00427,D:\SIH_Dataset\Part_I\01_Train_Val_Oil_Spill_images\Oil\00427.tif,D:\SIH_Dataset\Part_I\01_Train_Val_Oil_Spill_mask\Mask_oil\00427.tif,S1A_IW_GRDH_1SDV_20180324T045130_20180324T045155_021152_0245BD_48DC_O,subset_562_of_S1A_IW_GRDH_1SDV_20180324T045130_20180324T045155_021152_0245BD_48DC_Orb_NR_Cal_Spk_TC_dB,GRD,2018-03-24T04:51:42.366631,2018-03-24T04:51:44.659512,EPSG:4326,2048,2048,11.180934723550227,-4.560787207332035,11.364909693737905,-4.376812237144357,-4.468799722238195,11.272922208644065,156232,3.7248611450195312,40882007.71591748,940.377771519279,1076.8366211787597,80.0,,,
00428,D:\SIH_Dataset\Part_I\01_Train_Val_Oil_Spill_images\Oil\00428.tif,D:\SIH_Dataset\Part_I\01_Train_Val_Oil_Spill_mask\Mask_oil\00428.tif,S1A_IW_GRDH_1SDV_20180312T154050_20180312T154115_020984_024060_99A6_O,subset_563_of_S1A_IW_GRDH_1SDV_20180312T154050_20180312T154115_020984_024060_99A6_Orb_NR_Cal_Spk_TC_dB,GRD,2018-03-12T15:40:55.129257,2018-03-12T15:40:57.532891,EPSG:4326,2048,2048,34.48421108725081,33.667899274881535,34.66818605743849,33.85187424506921,33.75988675997537,34.57619857234465,113657,2.709794044494629,45958901.38401997,891.7519950377011,894.708196591499,80.0,,,
00430,D:\SIH_Dataset\Part_I\01_Train_Val_Oil_Spill_images\Oil\00430.tif,D:\SIH_Dataset\Part_I\01_Train_Val_Oil_Spill_mask\Mask_oil\00430.tif,S1A_IW_GRDH_1SDV_20180312T154050_20180312T154115_020984_024060_99A6_O,subset_565_of_S1A_IW_GRDH_1SDV_20180312T154050_20180312T154115_020984_024060_99A6_Orb_NR_Cal_Spk_TC_dB,GRD,2018-03-12T15:40:58.009626,2018-03-12T15:41:00.413260,EPSG:4326,2048,2048,34.159829438155256,33.44754253568701,34.34380440834293,33.63151750587469,33.53953002078085,34.251816923249095,75778,1.8066883087158203,485918275.24887383,745.3864842038587,1153.3049169943783,80.0,,,
00431,D:\SIH_Dataset\Part_I\01_Train_Val_Oil_Spill_images\Oil\00431.tif,D:\SIH_Dataset\Part_I\01_Train_Val_Oil_Spill_mask\Mask_oil\00431.tif,S1A_IW_GRDH_1SDV_20180312T154050_20180312T154115_020984_024060_99A6_O,subset_566_of_S1A_IW_GRDH_1SDV_20180312T154050_20180312T154115_020984_024060_99A6_Orb_NR_Cal_Spk_TC_dB,GRD,2018-03-12T15:40:58.661319,2018-03-12T15:41:01.064953,EPSG:4326,2048,2048,33.9121639143235,33.39768603741838,34.09613888451118,33.58166100760606,33.48967352251222,34.00415139941734,88500,2.110004425048828,125669377.44710699,996.2859435028248,918.235220338983,80.0,,,
00436,D:\SIH_Dataset\Part_I\01_Train_Val_Oil_Spill_images\Oil\00436.tif,D:\SIH_Dataset\Part_I\01_Train_Val_Oil_Spill_mask\Mask_oil\00436.tif,S1A_IW_GRDH_1SDV_20190204T095156_20190204T095221_025778_02DDE3_29ED_O,subset_591_of_S1A_IW_GRDH_1SDV_20190204T095156_20190204T095221_025778_02DDE3_29ED_Orb_NR_Cal_Spk_TC_dB,GRD,2019-02-04T09:52:12.399748,2019-02-04T09:52:14.750184,EPSG:4326,2048,2048,-60.79781218915727,10.081787895309567,-60.61383721896959,10.265762865497246,10.173775380403406,-60.70582470406343,83977,2.0021677017211914,237793114.05777937,774.3911368589019,862.4414958857783,80.0,,,
00441,D:\SIH_Dataset\Part_I\01_Train_Val_Oil_Spill_images\Oil\00441.tif,D:\SIH_Dataset\Part_I\01_Train_Val_Oil_Spill_mask\Mask_oil\00441.tif,S1A_IW_GRDH_1SDV_20180523T045157_20180523T045222_022027_026151_8D54_O,subset_603_of_S1A_IW_GRDH_1SDV_20180523T045157_20180523T045222_022027_026151_8D54_Orb_NR_Cal_Spk_TC_dB,GRD,2018-05-23T04:52:13.844965,2018-05-23T04:52:16.132526,EPSG:4326,2048,2048,10.910197289421582,-6.3773532723898265,11.09417225960926,-6.193378302202149,-6.285365787295987,11.00218477451542,149508,3.5645484924316406,327908064.81384975,1117.1419522701126,1249.363425368542,80.0,,,
00445,D:\SIH_Dataset\Part_I\01_Train_Val_Oil_Spill_images\Oil\00445.tif,D:\SIH_Dataset\Part_I\01_Train_Val_Oil_Spill_mask\Mask_oil\00445.tif,S1A_IW_GRDH_1SDV_20180415T174256_20180415T174321_021481_02500A_4099_O,subset_608_of_S1A_IW_GRDH_1SDV_20180415T174256_20180415T174321_021481_02500A_4099_Orb_NR_Cal_Spk_TC_dB,GRD,2018-04-15T17:43:11.072089,2018-04-15T17:43:13.490859,EPSG:4326,2048,2048,0.8043540220035221,57.64560962067838,0.9883289921912002,57.829584590866055,57.73759710577222,0.8963415070973612,143974,3.432607650756836,329754362.40734214,1056.2115104116021,835.0933362968314,80.0,,,
00446,D:\SIH_Dataset\Part_I\01_Train_Val_Oil_Spill_images\Oil\00446.tif,D:\SIH_Dataset\Part_I\01_Train_Val_Oil_Spill_mask\Mask_oil\00446.tif,S1A_IW_GRDH_1SDV_20180415T174256_20180415T174321_021481_02500A_4099_O,subset_609_of_S1A_IW_GRDH_1SDV_20180415T174256_20180415T174321_021481_02500A_4099_Orb_NR_Cal_Spk_TC_dB,GRD,2018-04-15T17:43:11.057910,2018-04-15T17:43:13.476679,EPSG:4326,2048,2048,0.7311413263477808,57.64668759901932,0.9151162965354589,57.830662569207,57.73867508411316,0.8231288114416199,134899,3.216242790222168,112012396.21595033,1118.0475800413642,1244.2502057094566,80.0,,,
00447,D:\SIH_Dataset\Part_I\01_Train_Val_Oil_Spill_images\Oil\00447.tif,D:\SIH_Dataset\Part_I\01_Train_Val_Oil_Spill_mask\Mask_oil\00447.tif,S1A_IW_GRDH_1SDV_20180415T174256_20180415T174321_021481_02500A_4099_O,subset_610_of_S1A_IW_GRDH_1SDV_20180415T174256_20180415T174321_021481_02500A_4099_Orb_NR_Cal_Spk_TC_dB,GRD,2018-04-15T17:43:06.839538,2018-04-15T17:43:09.258307,EPSG:4326,2048,2048,1.0079122653850057,57.967386155449994,1.1918872355726837,58.15136112563767,58.05937364054383,1.0998997504788446,342190,8.158445358276367,216823660.9947469,908.3886466582893,1076.02543908355,80.0,,,
00449,D:\SIH_Dataset\Part_I\01_Train_Val_Oil_Spill_images\Oil\00449.tif,D:\SIH_Dataset\Part_I\01_Train_Val_Oil_Spill_mask\Mask_oil\00449.tif,S1A_IW_GRDH_1SDV_20180415T174256_20180415T174321_021481_02500A_4099_O,subset_612_of_S1A_IW_GRDH_1SDV_20180415T174256_20180415T174321_021481_02500A_4099_Orb_NR_Cal_Spk_TC_dB,GRD,2018-04-15T17:43:07.470521,2018-04-15T17:43:09.889291,EPSG:4326,2048,2048,1.3020206894057367,57.919416119278004,1.4859956595934147,58.10339108946568,58.01140360437184,1.3940081744995756,149802,3.5715579986572266,107524968.92824447,1207.191426015674,1110.9484986849309,80.0,,,
00451,D:\SIH_Dataset\Part_I\01_Train_Val_Oil_Spill_images\Oil\00451.tif,D:\SIH_Dataset\Part_I\01_Train_Val_Oil_Spill_mask\Mask_oil\00451.tif,S1A_IW_GRDH_1SDV_20171102T233545_20171102T233610_019093_0204CA_3395_O,subset_620_of_S1A_IW_GRDH_1SDV_20171102T233545_20171102T233610_019093_0204CA_3395_Orb_NR_Cal_Spk_TC_dB,GRD,2017-11-02T23:35:54.590187,2017-11-02T23:35:56.967922,EPSG:4326,2048,2048,-83.73360748648578,24.625732494673414,-83.5496325162981,24.80970746486109,24.717719979767253,-83.64162000139194,266191,6.346487998962402,156534114.94521675,652.93052169307,427.090647317152,80.0,,,
00453,D:\SIH_Dataset\Part_I\01_Train_Val_Oil_Spill_images\Oil\00453.tif,D:\SIH_Dataset\Part_I\01_Train_Val_Oil_Spill_mask\Mask_oil\00453.tif,S1B_IW_GRDH_1SDV_20180120T092853_20180120T092918_009253_010962_4338_O,subset_627_of_S1B_IW_GRDH_1SDV_20180120T092853_20180120T092918_009253_010962_4338_Orb_NR_Cal_Spk_TC_dB,GRD,2018-01-20T09:29:08.420738,2018-01-20T09:29:10.834239,EPSG:4326,2048,2048,127.61141244282113,29.329251193927757,127.79538741300881,29.513226164115434,29.421238679021595,127.70339992791497,88054,2.0993709564208984,71903701.89652342,1356.843913961887,822.5202375814841,80.0,,,
00454,D:\SIH_Dataset\Part_I\01_Train_Val_Oil_Spill_images\Oil\00454.tif,D:\SIH_Dataset\Part_I\01_Train_Val_Oil_Spill_mask\Mask_oil\00454.tif,S1B_IW_GRDH_1SDV_20180120T092853_20180120T092918_009253_010962_4338_O,subset_628_of_S1B_IW_GRDH_1SDV_20180120T092853_20180120T092918_009253_010962_4338_Orb_NR_Cal_Spk_TC_dB,GRD,2018-01-20T09:29:09.985328,2018-01-20T09:29:12.398830,EPSG:4326,2048,2048,127.52741996375596,29.210044755725097,127.71139493394364,29.394019725912774,29.302032240818935,127.6194074488498,102688,2.448272705078125,69748767.06386377,644.3444024618261,1360.9219577750077,80.0,,,
00463,D:\SIH_Dataset\Part_I\01_Train_Val_Oil_Spill_images\Oil\00463.tif,D:\SIH_Dataset\Part_I\01_Train_Val_Oil_Spill_mask\Mask_oil\00463.tif,S1B_IW_GRDH_1SDV_20170818T182534_20170818T182559_006998_00C540_C896_O,subset_637_of_S1B_IW_GRDH_1SDV_20170818T182534_20170818T182559_006998_00C540_C896_Orb_NR_Cal_Spk_TC_dB,GRD,2017-08-18T18:25:44.166788,2017-08-18T18:25:46.579369,EPSG:4326,2048,2048,-7.664542160603682,36.282667956889284,-7.4805671904160045,36.46664292707696,36.37465544198312,-7.572554675509844,59628,1.4216423034667969,307772930.34806365,1735.5529113839136,1005.6072482726236,80.0,,,
00466,D:\SIH_Dataset\Part_I\01_Train_Val_Oil_Spill_images\Oil\00466.tif,D:\SIH_Dataset\Part_I\01_Train_Val_Oil_Spill_mask\Mask_oil\00466.tif,S1B_IW_GRDH_1SDV_20170818T182534_20170818T182559_006998_00C540_C896_O,subset_640_of_S1B_IW_GRDH_1SDV_20170818T182534_20170818T182559_006998_00C540_C896_Orb_NR_Cal_Spk_TC_dB,GRD,2017-08-18T18:25:46.406116,2017-08-18T18:25:48.818697,EPSG:4326,2048,2048,-7.502396251820108,36.111988052906575,-7.31842128163243,36.29596302309425,36.203975538000414,-7.410408766726269,144386,3.4424304962158203,30608205.60471478,445.2517626362667,1070.9183092543599,80.0,,,
00468,D:\SIH_Dataset\Part_I\01_Train_Val_Oil_Spill_images\Oil\00468.tif,D:\SIH_Dataset\Part_I\01_Train_Val_Oil_Spill_mask\Mask_oil\00468.tif,S1A_IW_GRDH_1SDV_20191016T025937_20191016T030002_029478_035A87_B9F2_O,subset_642_of_S1A_IW_GRDH_1SDV_20191016T025937_20191016T030002_029478_035A87_B9F2_Orb_NR_Cal_Spk_TC_dB,GRD,2019-10-16T02:59:47.936905,2019-10-16T02:59:50.295364,EPSG:4326,2048,2048,41.91693429371825,14.316150933387764,42.100909263905926,14.500125903575443,14.408138418481602,42.00892177881209,199588,4.758548736572266,83559870.39016579,1049.9862065855664,927.3807693849329,80.0,,,
00470,D:\SIH_Dataset\Part_I\01_Train_Val_Oil_Spill_images\Oil\00470.tif,D:\SIH_Dataset\Part_I\01_Train_Val_Oil_Spill_mask\Mask_oil\00470.tif,S1A_IW_GRDH_1SDV_20191016T025937_20191016T030002_029478_035A87_B9F2_O,subset_644_of_S1A_IW_GRDH_1SDV_20191016T025937_20191016T030002_029478_035A87_B9F2_Orb_NR_Cal_Spk_TC_dB,GRD,2019-10-16T02:59:50.276929,2019-10-16T02:59:52.635388,EPSG:4326,2048,2048,42.17987117738003,14.133703099183089,42.363846147567706,14.317678069370768,14.22569058427693,42.27185866247387,265051,6.319308280944824,279601361.1370968,1048.1638231887448,1050.974286080792,80.0,,,
00473,D:\SIH_Dataset\Part_I\01_Train_Val_Oil_Spill_images\Oil\00473.tif,D:\SIH_Dataset\Part_I\01_Train_Val_Oil_Spill_mask\Mask_oil\00473.tif,S1A_IW_GRDH_1SDV_20190429T050020_20190429T050045_027000_030A2C_FE8D_O,subset_652_of_S1A_IW_GRDH_1SDV_20190429T050020_20190429T050045_027000_030A2C_FE8D_Orb_NR_Cal_Spk_TC_dB,GRD,2019-04-29T05:00:32.049503,2019-04-29T05:00:34.339017,EPSG:4326,2048,2048,10.581872764516383,-6.253728430118074,10.765847734704062,-6.069753459930396,-6.161740945024235,10.673860249610222,60737,1.4480829238891602,79733215.77700917,1269.238594267086,1184.3502395574362,80.0,,,
00478,D:\SIH_Dataset\Part_I\01_Train_Val_Oil_Spill_images\Oil\00478.tif,D:\SIH_Dataset\Part_I\01_Train_Val_Oil_Spill_mask\Mask_oil\00478.tif,S1A_IW_GRDH_1SDV_20170627T000134_20170627T000159_017212_01CB69_C255_O,subset_657_of_S1A_IW_GRDH_1SDV_20170627T000134_20170627T000159_017212_01CB69_C255_Orb_NR_Cal_Spk_TC_dB,GRD,2017-06-27T00:01:46.086552,2017-06-27T00:01:48.480515,EPSG:4326,2048,2048,-89.39611866954787,28.80729059270339,-89.2121436993602,28.991265562891066,28.899278077797227,-89.30413118445404,112058,2.671670913696289,78277004.23219821,1280.309072087669,1101.885773438755,80.0,,,
00479,D:\SIH_Dataset\Part_I\01_Train_Val_Oil_Spill_images\Oil\00479.tif,D:\SIH_Dataset\Part_I\01_Train_Val_Oil_Spill_mask\Mask_oil\00479.tif,S1A_IW_GRDH_1SDV_20170627T000134_20170627T000159_017212_01CB69_C255_O,subset_658_of_S1A_IW_GRDH_1SDV_20170627T000134_20170627T000159_017212_01CB69_C255_Orb_NR_Cal_Spk_TC_dB,GRD,2017-06-27T00:01:46.918065,2017-06-27T00:01:49.312029,EPSG:4326,2048,2048,-89.71268497567159,28.74342037600249,-89.52871000548392,28.927395346190167,28.83540786109633,-89.62069749057775,110103,2.6250600814819336,400833037.3012196,1012.0527823946668,864.3789042987021,80.0,,,
00480,D:\SIH_Dataset\Part_I\01_Train_Val_Oil_Spill_images\Oil\00480.tif,D:\SIH_Dataset\Part_I\01_Train_Val_Oil_Spill_mask\Mask_oil\00480.tif,S1A_IW_GRDH_1SDV_20170627T000134_20170627T000159_017212_01CB69_C255_O,subset_659_of_S1A_IW_GRDH_1SDV_20170627T000134_20170627T000159_017212_01CB69_C255_Orb_NR_Cal_Spk_TC_dB,GRD,2017-06-27T00:01:46.826844,2017-06-27T00:01:49.220808,EPSG:4326,2048,2048,-89.74834809245114,28.750427235218623,-89.56437312226346,28.9344022054063,28.842414720312462,-89.6563606073573,110565,2.636075019836426,1066204695.7131617,1086.1464432686655,1212.6057567946457,80.0,,,
00481,D:\SIH_Dataset\Part_I\01_Train_Val_Oil_Spill_images\Oil\00481.tif,D:\SIH_Dataset\Part_I\01_Train_Val_Oil_Spill_mask\Mask_oil\00481.tif,S1A_IW_GRDH_1SDV_20170627T000134_20170627T000159_017212_01CB69_C255_O,subset_660_of_S1A_IW_GRDH_1SDV_20170627T000134_20170627T000159_017212_01CB69_C255_Orb_NR_Cal_Spk_TC_dB,GRD,2017-06-27T00:01:45.670210,2017-06-27T00:01:48.064174,EPSG:4326,2048,2048,-89.03643322978641,28.839270616818045,-88.85245825959873,29.02324558700572,28.931258101911883,-88.94444574469257,206822,4.931020736694336,148452033.68104026,571.4073551169605,638.5514355339374,80.0,,,
00485,D:\SIH_Dataset\Part_I\01_Train_Val_Oil_Spill_images\Oil\00485.tif,D:\SIH_Dataset\Part_I\01_Train_Val_Oil_Spill_mask\Mask_oil\00485.tif,S1A_IW_GRDH_1SDV_20170907T000138_20170907T000203_018262_01EB49_F85F_O,subset_690_of_S1A_IW_GRDH_1SDV_20170907T000138_20170907T000203_018262_01EB49_F85F_Orb_NR_Cal_Spk_TC_dB,GRD,2017-09-07T00:01:49.561726,2017-09-07T00:01:51.955658,EPSG:4326,2048,2048,-88.98658833643498,28.814627797793477,-88.8026133662473,28.998602767981154,28.906615282887316,-88.89460085134114,173875,4.145503044128418,15431026.072494624,952.833900790798,561.9442674335011,80.0,,,
00486,D:\SIH_Dataset\Part_I\01_Train_Val_Oil_Spill_images\Oil\00486.tif,D:\SIH_Dataset\Part_I\01_Train_Val_Oil_Spill_mask\Mask_oil\00486.tif,S1A_IW_GRDH_1SDV_20170802T000136_20170802T000201_017737_01DB5F_BF7B_O,subset_703_of_S1A_IW_GRDH_1SDV_20170802T000136_20170802T000201_017737_01DB5F_BF7B_Orb_NR_Cal_Spk_TC_dB,GRD,2017-08-02T00:01:47.819995,2017-08-02T00:01:50.213849,EPSG:4326,2048,2048,-89.1283717618991,28.830686842927815,-88.94439679171143,29.01466181311549,28.922674328021653,-89.03638427680526,80511,1.9195318222045898,128041370.82334831,1121.5992286768267,1117.5584516401486,80.0,,,
00487,D:\SIH_Dataset\Part_I\01_Train_Val_Oil_Spill_images\Oil\00487.tif,D:\SIH_Dataset\Part_I\01_Train_Val_Oil_Spill_mask\Mask_oil\00487.tif,S1A_IW_GRDH_1SDV_20170802T000136_20170802T000201_017737_01DB5F_BF7B_O,subset_704_of_S1A_IW_GRDH_1SDV_20170802T000136_20170802T000201_017737_01DB5F_BF7B_Orb_NR_Cal_Spk_TC_dB,GRD,2017-08-02T00:01:48.763737,2017-08-02T00:01:51.157591,EPSG:4326,2048,2048,-89.17535365125855,28.75819279949937,-88.99137868107087,28.942167769687046,28.850180284593208,-89.08336616616471,86362,2.059030532836914,145869520.9481211,378.55153887126284,1553.9332808411107,80.0,,,
00491,D:\SIH_Dataset\Part_I\01_Train_Val_Oil_Spill_images\Oil\00491.tif,D:\SIH_Dataset\Part_I\01_Train_Val_Oil_Spill_mask\Mask_oil\00491.tif,S1A_IW_GRDH_1SDV_20170901T154118_20170901T154143_018184_01E8E5_F41E_O,subset_720_of_S1A_IW_GRDH_1SDV_20170901T154118_20170901T154143_018184_01E8E5_F41E_Orb_NR_Cal_Spk_TC_dB,GRD,2017-09-01T15:41:27.209520,2017-09-01T15:41:29.615949,EPSG:4326,2048,2048,35.08795406872812,34.78754867890191,35.2719290389158,34.97152364908959,34.87953616399575,35.17994155382196,107670,2.5670528411865234,91407989.86236072,1099.3066778118325,1147.1686263583172,80.0,,,
00495,D:\SIH_Dataset\Part_I\01_Train_Val_Oil_Spill_images\Oil\00495.tif,D:\SIH_Dataset\Part_I\01_Train_Val_Oil_Spill_mask\Mask_oil\00495.tif,S1A_IW_GRDH_1SDV_20170901T154118_20170901T154143_018184_01E8E5_F41E_O,subset_724_of_S1A_IW_GRDH_1SDV_20170901T154118_20170901T154143_018184_01E8E5_F41E_Orb_NR_Cal_Spk_TC_dB,GRD,2017-09-01T15:41:30.140262,2017-09-01T15:41:32.546691,EPSG:4326,2048,2048,34.60636724491165,34.56359867857092,34.79034221509933,34.747573648758596,34.65558616366476,34.69835473000549,110989,2.646183967590332,75311439.10714382,809.2862220580417,974.505117624269,80.0,,,
00498,D:\SIH_Dataset\Part_I\01_Train_Val_Oil_Spill_images\Oil\00498.tif,D:\SIH_Dataset\Part_I\01_Train_Val_Oil_Spill_mask\Mask_oil\00498.tif,S1A_IW_GRDH_1SDV_20170709T000135_20170709T000200_017387_01D0AA_B7B5_O,subset_738_of_S1A_IW_GRDH_1SDV_20170709T000135_20170709T000200_017387_01D0AA_B7B5_Orb_NR_Cal_Spk_TC_dB,GRD,2017-07-09T00:01:46.493377,2017-07-09T00:01:48.887316,EPSG:4326,2048,2048,-89.09587782759897,28.816595112206894,-88.91190285741129,29.00057008239457,28.908582597300732,-89.00389034250513,299467,7.139849662780762,64437888.788434155,1176.8951720890782,1150.7383534746734,80.0,,,
00499,D:\SIH_Dataset\Part_I\01_Train_Val_Oil_Spill_images\Oil\00499.tif,D:\SIH_Dataset\Part_I\01_Train_Val_Oil_Spill_mask\Mask_oil\00499.tif,S1A_IW_GRDH_1SDV_20170709T000135_20170709T000200_017387_01D0AA_B7B5_O,subset_739_of_S1A_IW_GRDH_1SDV_20170709T000135_20170709T000200_017387_01D0AA_B7B5_Orb_NR_Cal_Spk_TC_dB,GRD,2017-07-09T00:01:45.808058,2017-07-09T00:01:48.201997,EPSG:4326,2048,2048,-88.72990418084866,28.869236387856297,-88.54592921066099,29.053211358043974,28.961223872950136,-88.63791669575483,95412,2.274799346923828,124227354.24054572,1470.4918878128537,1110.4521339034923,80.0,,,
00501,D:\SIH_Dataset\Part_I\01_Train_Val_Oil_Spill_images\Oil\00501.tif,D:\SIH_Dataset\Part_I\01_Train_Val_Oil_Spill_mask\Mask_oil\00501.tif,S1A_IW_GRDH_1SDV_20170709T000135_20170709T000200_017387_01D0AA_B7B5_O,subset_741_of_S1A_IW_GRDH_1SDV_20170709T000135_20170709T000200_017387_01D0AA_B7B5_Orb_NR_Cal_Spk_TC_dB,GRD,2017-07-09T00:01:37.490668,2017-07-09T00:01:39.884608,EPSG:4326,2048,2048,-89.3524366727435,29.508118217922103,-89.16846170255582,29.69209318810978,29.60010570301594,-89.26044918764966,107638,2.5662899017333984,24415327.850987688,1661.7902971069695,840.9561493152976,80.0,,,
00507,D:\SIH_Dataset\Part_I\01_Train_Val_Oil_Spill_images\Oil\00507.tif,D:\SIH_Dataset\Part_I\01_Train_Val_Oil_Spill_mask\Mask_oil\00507.tif,S1B_IW_GRDH_1SDV_20180615T154858_20180615T154923_011386_014E8F_4E24_O,subset_763_of_S1B_IW_GRDH_1SDV_20180615T154858_20180615T154923_011386_014E8F_4E24_Orb_NR_Cal_Spk_TC_dB,GRD,2018-06-15T15:49:14.047432,2018-06-15T15:49:16.456498,EPSG:4326,2048,2048,31.909983323148722,34.63841080887275,32.0939582933364,34.822385779060426,34.73039829396659,32.00197080824256,148459,3.5395383834838867,251958744.3617308,1245.8016388363117,671.6437905414963,80.0,,,
00515,D:\SIH_Dataset\Part_I\01_Train_Val_Oil_Spill_images\Oil\00515.tif,D:\SIH_Dataset\Part_I\01_Train_Val_Oil_Spill_mask\Mask_oil\00515.tif,S1A_IW_GRDH_1SDV_20171013T000139_20171013T000204_018787_01FB66_8385_O,subset_788_of_S1A_IW_GRDH_1SDV_20171013T000139_20171013T000204_018787_01FB66_8385_Orb_NR_Cal_Spk_TC_dB,GRD,2017-10-13T00:01:49.112314,2017-10-13T00:01:51.506040,EPSG:4326,2048,2048,-89.03450314346323,28.92750787786159,-88.85052817327555,29.111482848049267,29.01949536295543,-88.94251565836939,107640,2.5663375854492188,11069361.267138133,1214.7773225566705,951.7807878112226,80.0,,,
00517,D:\SIH_Dataset\Part_I\01_Train_Val_Oil_Spill_images\Oil\00517.tif,D:\SIH_Dataset\Part_I\01_Train_Val_Oil_Spill_mask\Mask_oil\00517.tif,S1A_IW_GRDH_1SDV_20171013T000139_20171013T000204_018787_01FB66_8385_O,subset_790_of_S1A_IW_GRDH_1SDV_20171013T000139_20171013T000204_018787_01FB66_8385_Orb_NR_Cal_Spk_TC_dB,GRD,2017-10-13T00:01:51.633503,2017-10-13T00:01:54.027229,EPSG:4326,2048,2048,-89.18550994272371,28.73383110260542,-89.00153497253604,28.9178060727931,28.82581858769926,-89.09352245762987,126388,3.013324737548828,166820277.53062108,417.1764012406241,1547.8522881919168,80.0,,,
00522,D:\SIH_Dataset\Part_I\01_Train_Val_Oil_Spill_images\Oil\00522.tif,D:\SIH_Dataset\Part_I\01_Train_Val_Oil_Spill_mask\Mask_oil\00522.tif,S1A_IW_GRDH_1SDV_20171118T000138_20171118T000203_019312_020B93_770E_O,subset_821_of_S1A_IW_GRDH_1SDV_20171118T000138_20171118T000203_019312_020B93_770E_Orb_NR_Cal_Spk_TC_dB,GRD,2017-11-18T00:01:50.797310,2017-11-18T00:01:53.191160,EPSG:4326,2048,2048,-89.09163996020928,28.773819859133177,-88.9076649900216,28.957794829320854,28.865807344227015,-88.99965247511544,155358,3.7040233612060547,394281657.28783983,506.91280140063594,680.7384363856384,80.0,,,
00523,D:\SIH_Dataset\Part_I\01_Train_Val_Oil_Spill_images\Oil\00523.tif,D:\SIH_Dataset\Part_I\01_Train_Val_Oil_Spill_mask\Mask_oil\00523.tif,S1A_IW_GRDH_1SDV_20171118T000138_20171118T000203_019312_020B93_770E_O,subset_822_of_S1A_IW_GRDH_1SDV_20171118T000138_20171118T000203_019312_020B93_770E_Orb_NR_Cal_Spk_TC_dB,GRD,2017-11-18T00:01:51.656851,2017-11-18T00:01:54.050701,EPSG:4326,2048,2048,-89.15991192180236,28.707793685750392,-88.97593695161468,28.89176865593807,28.79978117084423,-89.06792443670852,126866,3.024721145629883,179838106.85584033,445.80219286491257,554.7776945753787,80.0,,,
00528,D:\SIH_Dataset\Part_I\01_Train_Val_Oil_Spill_images\Oil\00528.tif,D:\SIH_Dataset\Part_I\01_Train_Val_Oil_Spill_mask\Mask_oil\00528.tif,S1A_IW_GRDH_1SDV_20171118T000138_20171118T000203_019312_020B93_770E_O,subset_827_of_S1A_IW_GRDH_1SDV_20171118T000138_20171118T000203_019312_020B93_770E_Orb_NR_Cal_Spk_TC_dB,GRD,2017-11-18T00:02:00.700156,2017-11-18T00:02:03.094007,EPSG:4326,2048,2048,-90.45348593093448,28.013126476540766,-90.2695109607468,28.197101446728443,28.105113961634604,-90.36149844584064,122143,2.912116050720215,464696079.77405363,1371.4860900747485,1181.6880582595809,80.0,,,
00533,D:\SIH_Dataset\Part_I\01_Train_Val_Oil_Spill_images\Oil\00533.tif,D:\SIH_Dataset\Part_I\01_Train_Val_Oil_Spill_mask\Mask_oil\00533.tif,S1A_IW_GRDH_1SDV_20151225T051051_20151225T051116_009194_00D3ED_5016_O,subset_853_of_S1A_IW_GRDH_1SDV_20151225T051051_20151225T051116_009194_00D3ED_5016_Orb_NR_Cal_Spk_TC_dB,GRD,2015-12-25T05:11:00.021332,2015-12-25T05:11:02.444910,EPSG:4326,2048,2048,13.157604825095818,44.09831019735522,13.341579795283497,44.282285167542895,44.19029768244906,13.249592310189659,86605,2.064824104309082,127236921.39470859,936.0274984123319,1069.2814329426708,80.0,,,
00534,D:\SIH_Dataset\Part_I\01_Train_Val_Oil_Spill_images\Oil\00534.tif,D:\SIH_Dataset\Part_I\01_Train_Val_Oil_Spill_mask\Mask_oil\00534.tif,S1A_IW_GRDH_1SDV_20151225T051051_20151225T051116_009194_00D3ED_5016_O,subset_854_of_S1A_IW_GRDH_1SDV_20151225T051051_20151225T051116_009194_00D3ED_5016_Orb_NR_Cal_Spk_TC_dB,GRD,2015-12-25T05:11:00.544645,2015-12-25T05:11:02.968223,EPSG:4326,2048,2048,13.220037737342125,44.05860466179714,13.404012707529803,44.24257963198482,44.15059214689098,13.312025222435963,97824,2.332305908203125,221135424.00110346,833.8422677461564,996.2448172227674,80.0,,,
00535,D:\SIH_Dataset\Part_I\01_Train_Val_Oil_Spill_images\Oil\00535.tif,D:\SIH_Dataset\Part_I\01_Train_Val_Oil_Spill_mask\Mask_oil\00535.tif,S1A_IW_GRDH_1SDV_20151225T051051_20151225T051116_009194_00D3ED_5016_O,subset_855_of_S1A_IW_GRDH_1SDV_20151225T051051_20151225T051116_009194_00D3ED_5016_Orb_NR_Cal_Spk_TC_dB,GRD,2015-12-25T05:11:00.479527,2015-12-25T05:11:02.903105,EPSG:4326,2048,2048,13.269714572553935,44.0635453958598,13.453689542741614,44.247520366047475,44.155532880953636,13.361702057647776,84382,2.0118236541748047,163304308.96621895,1167.7699153847977,978.8203052783768,80.0,,,
00543,D:\SIH_Dataset\Part_I\01_Train_Val_Oil_Spill_images\Oil\00543.tif,D:\SIH_Dataset\Part_I\01_Train_Val_Oil_Spill_mask\Mask_oil\00543.tif,S1A_IW_GRDH_1SDV_20180111T172520_20180111T172545_020110_02249A_F770_O,subset_872_of_S1A_IW_GRDH_1SDV_20180111T172520_20180111T172545_020110_02249A_F770_Orb_NR_Cal_Spk_TC_dB,GRD,2018-01-11T17:25:21.133760,2018-01-11T17:25:23.548671,EPSG:4326,2048,2048,5.266448843627302,54.55656441415908,5.45042381381498,54.740539384346754,54.648551899252915,5.35843632872114,172334,4.108762741088867,263131289.2182469,1301.8363468613275,931.7530319031648,80.0,,,
00550,D:\SIH_Dataset\Part_I\01_Train_Val_Oil_Spill_images\Oil\00550.tif,D:\SIH_Dataset\Part_I\01_Train_Val_Oil_Spill_mask\Mask_oil\00550.tif,S1A_IW_GRDH_1SDV_20180415T174133_20180415T174158_021481_025009_5821_O,subset_879_of_S1A_IW_GRDH_1SDV_20180415T174133_20180415T174158_021481_025009_5821_Orb_NR_Cal_Spk_TC_dB,GRD,2018-04-15T17:41:44.366202,2018-04-15T17:41:46.787227,EPSG:4326,2048,2048,1.9946922035190355,52.868207571909664,2.1786671737067134,53.05218254209734,52.9601950570035,2.0866796886128745,381288,9.090614318847656,862058384.2771448,272.9811533538952,1268.5679853549022,80.0,,,
00554,D:\SIH_Dataset\Part_I\01_Train_Val_Oil_Spill_images\Oil\00554.tif,D:\SIH_Dataset\Part_I\01_Train_Val_Oil_Spill_mask\Mask_oil\00554.tif,S1A_IW_GRDH_1SDV_20170814T000137_20170814T000202_017912_01E0A9_DA58_O,subset_888_of_S1A_IW_GRDH_1SDV_20170814T000137_20170814T000202_017912_01E0A9_DA58_Orb_NR_Cal_Spk_TC_dB,GRD,2017-08-14T00:01:49.131218,2017-08-14T00:01:51.525047,EPSG:4326,2048,2048,-89.04035473496126,28.775878167883434,-88.85637976477358,28.95985313807111,28.867865652977272,-88.94836724986742,236615,5.641341209411621,243843020.87411618,188.4873169494749,1714.9333453077784,80.0,,,
00560,D:\SIH_Dataset\Part_I\01_Train_Val_Oil_Spill_images\Oil\00560.tif,D:\SIH_Dataset\Part_I\01_Train_Val_Oil_Spill_mask\Mask_oil\00560.tif,S1A_IW_GRDH_1SDV_20180508T002530_20180508T002555_021806_025A34_BAC9_O,subset_894_of_S1A_IW_GRDH_1SDV_20180508T002530_20180508T002555_021806_025A34_BAC9_Orb_NR_Cal_Spk_TC_dB,GRD,2018-05-08T00:25:40.761326,2018-05-08T00:25:43.147940,EPSG:4326,2048,2048,-95.00505913934607,25.96578177293797,-94.8210841691584,26.149756743125646,26.057769258031808,-94.91307165425224,201281,4.79891300201416,161962449.87180337,365.15400609098725,1141.1437318971984,80.0,,,
00561,D:\SIH_Dataset\Part_I\01_Train_Val_Oil_Spill_images\Oil\00561.tif,D:\SIH_Dataset\Part_I\01_Train_Val_Oil_Spill_mask\Mask_oil\00561.tif,S1A_IW_GRDH_1SDV_20180508T002530_20180508T002555_021806_025A34_BAC9_O,subset_895_of_S1A_IW_GRDH_1SDV_20180508T002530_20180508T002555_021806_025A34_BAC9_Orb_NR_Cal_Spk_TC_dB,GRD,2018-05-08T00:25:38.338569,2018-05-08T00:25:40.725183,EPSG:4326,2048,2048,-95.04719012617127,26.152451688978008,-94.8632151559836,26.336426659165685,26.244439174071847,-94.95520264107743,278905,6.649613380432129,90955435.69456375,1677.7866316487693,1377.9098384754666,80.0,,,
00563,D:\SIH_Dataset\Part_I\01_Train_Val_Oil_Spill_images\Oil\00563.tif,D:\SIH_Dataset\Part_I\01_Train_Val_Oil_Spill_mask\Mask_oil\00563.tif,S1A_IW_GRDH_1SDV_20180508T002530_20180508T002555_021806_025A34_BAC9_O,subset_897_of_S1A_IW_GRDH_1SDV_20180508T002530_20180508T002555_021806_025A34_BAC9_Orb_NR_Cal_Spk_TC_dB,GRD,2018-05-08T00:25:39.514970,2018-05-08T00:25:41.901584,EPSG:4326,2048,2048,-94.90651395267817,26.061811676810347,-94.72253898249049,26.245786646998024,26.153799161904185,-94.81452646758433,202076,4.817867279052734,35079360.26340825,1129.4420069676755,169.49561551099586,80.0,,,
00584,D:\SIH_Dataset\Part_I\01_Train_Val_Oil_Spill_images\Oil\00584.tif,D:\SIH_Dataset\Part_I\01_Train_Val_Oil_Spill_mask\Mask_oil\00584.tif,S1A_IW_GRDH_1SDV_20190215T114238_20190215T114303_025940_02E3A1_F94A_O,subset_919_of_S1A_IW_GRDH_1SDV_20190215T114238_20190215T114303_025940_02E3A1_F94A_Orb_NR_Cal_Spk_TC_dB,GRD,2019-02-15T11:42:53.454424,2019-02-15T11:42:55.784831,EPSG:4326,2048,2048,98.29094368706262,4.245677715081962,98.4749186572503,4.42965268526964,4.337665200175801,98.38293117215646,134087,3.196883201599121,47438516.98093278,1071.8435306927593,780.459705265984,80.0,,,
00585,D:\SIH_Dataset\Part_I\01_Train_Val_Oil_Spill_images\Oil\00585.tif,D:\SIH_Dataset\Part_I\01_Train_Val_Oil_Spill_mask\Mask_oil\00585.tif,S1A_IW_GRDH_1SDV_20190215T114238_20190215T114303_025940_02E3A1_F94A_O,subset_920_of_S1A_IW_GRDH_1SDV_20190215T114238_20190215T114303_025940_02E3A1_F94A_Orb_NR_Cal_Spk_TC_dB,GRD,2019-02-15T11:42:54.743149,2019-02-15T11:42:57.073557,EPSG:4326,2048,2048,98.32040842838174,4.143988424919632,98.50438339856942,4.32796339510731,4.235975910013471,98.41239591347558,84359,2.011275291442871,230810829.93296537,783.6806209177444,777.6039960170225,80.0,,,
00592,D:\SIH_Dataset\Part_I\01_Train_Val_Oil_Spill_images\Oil\00592.tif,D:\SIH_Dataset\Part_I\01_Train_Val_Oil_Spill_mask\Mask_oil\00592.tif,S1A_IW_GRDH_1SDV_20180601T002531_20180601T002556_022156_026562_C426_O,subset_926_of_S1A_IW_GRDH_1SDV_20180601T002531_20180601T002556_022156_026562_C426_Orb_NR_Cal_Spk_TC_dB,GRD,2018-06-01T00:25:41.324290,2018-06-01T00:25:43.710895,EPSG:4326,2048,2048,-94.91053164251916,26.018673097401738,-94.72655667233148,26.202648067589415,26.110660582495576,-94.81854415742532,58687,1.3992071151733398,140703132.9036892,828.8607954061376,757.7822942048494,80.0,,,
00594,D:\SIH_Dataset\Part_I\01_Train_Val_Oil_Spill_images\Oil\00594.tif,D:\SIH_Dataset\Part_I\01_Train_Val_Oil_Spill_mask\Mask_oil\00594.tif,S1A_IW_GRDH_1SDV_20170428T000130_20170428T000155_016337_01B092_EA60_O,subset_928_of_S1A_IW_GRDH_1SDV_20170428T000130_20170428T000155_016337_01B092_EA60_Orb_NR_Cal_Spk_TC_dB,GRD,2017-04-28T00:01:42.398340,2017-04-28T00:01:44.792169,EPSG:4326,2048,2048,-88.82596799393319,28.81317597822401,-88.64199302374551,28.997150948411686,28.905163463317848,-88.73398050883935,306625,7.31050968170166,68059723.75185625,441.7925658377497,618.508,80.0,,,
00598,D:\SIH_Dataset\Part_I\01_Train_Val_Oil_Spill_images\Oil\00598.tif,D:\SIH_Dataset\Part_I\01_Train_Val_Oil_Spill_mask\Mask_oil\00598.tif,S1A_IW_GRDH_1SDV_20170428T000130_20170428T000155_016337_01B092_EA60_O,subset_932_of_S1A_IW_GRDH_1SDV_20170428T000130_20170428T000155_016337_01B092_EA60_Orb_NR_Cal_Spk_TC_dB,GRD,2017-04-28T00:01:53.350079,2017-04-28T00:01:55.743908,EPSG:4326,2048,2048,-90.77180873086448,27.97190371464608,-90.5878337606768,28.155878684833755,28.063891199739917,-90.67982124577064,87828,2.093982696533203,353884329.2503858,1479.9792321355376,867.2137587102063,80.0,,,
00599,D:\SIH_Dataset\Part_I\01_Train_Val_Oil_Spill_images\Oil\00599.tif,D:\SIH_Dataset\Part_I\01_Train_Val_Oil_Spill_mask\Mask_oil\00599.tif,S1A_IW_GRDH_1SDV_20171224T000137_20171224T000202_019837_021BF1_C719_O,subset_933_of_S1A_IW_GRDH_1SDV_20171224T000137_20171224T000202_019837_021BF1_C719_Orb_NR_Cal_Spk_TC_dB,GRD,2017-12-24T00:01:48.101591,2017-12-24T00:01:50.495338,EPSG:4326,2048,2048,-88.97561231758516,28.871461192234655,-88.79163734739748,29.055436162422332,28.963448677328493,-88.88362483249132,398876,9.509944915771484,703179341.8212746,1739.4834459832127,1059.0464555400677,80.0,,,
00609,D:\SIH_Dataset\Part_I\01_Train_Val_Oil_Spill_images\Oil\00609.tif,D:\SIH_Dataset\Part_I\01_Train_Val_Oil_Spill_mask\Mask_oil\00609.tif,S1A_IW_GRDH_1SDV_20180529T000114_20180529T000139_022112_026401_D19B_O,subset_943_of_S1A_IW_GRDH_1SDV_20180529T000114_20180529T000139_022112_026401_D19B_Orb_NR_Cal_Spk_TC_dB,GRD,2018-05-29T00:01:29.946625,2018-05-29T00:01:32.336562,EPSG:4326,2048,2048,-90.49217884982892,26.96347151523351,-90.30820387964124,27.147446485421188,27.05545900032735,-90.40019136473508,100934,2.406454086303711,87304483.30346169,703.158014147859,1066.8231715774664,80.0,,,
00618,D:\SIH_Dataset\Part_I\01_Train_Val_Oil_Spill_images\Oil\00618.tif,D:\SIH_Dataset\Part_I\01_Train_Val_Oil_Spill_mask\Mask_oil\00618.tif,S1A_IW_GRDH_1SDV_20170215T000134_20170215T000159_015287_0190E3_D910_O,subset_952_of_S1A_IW_GRDH_1SDV_20170215T000134_20170215T000159_015287_0190E3_D910_Orb_NR_Cal_Spk_TC_dB,GRD,2017-02-15T00:01:50.653379,2017-02-15T00:01:53.047976,EPSG:4326,2048,2048,-89.19930995239358,28.806849858069015,-89.0153349822059,28.99082482825669,28.898837343162853,-89.10732246729974,132984,3.1705856323242188,105022623.677773,272.4123503579378,677.4028830536005,80.0,,,
00629,D:\SIH_Dataset\Part_I\01_Train_Val_Oil_Spill_images\Oil\00629.tif,D:\SIH_Dataset\Part_I\01_Train_Val_Oil_Spill_mask\Mask_oil\00629.tif,S1A_IW_GRDH_1SDV_20151031T180410_20151031T180435_008400_00BDD5_B96D_O,subset_963_of_S1A_IW_GRDH_1SDV_20151031T180410_20151031T180435_008400_00BDD5_B96D_Orb_NR_Cal_Spk_TC_dB,GRD,2015-10-31T18:04:25.378474,2015-10-31T18:04:27.796005,EPSG:4326,2048,2048,-2.5461856249742723,45.8351239223922,-2.3622106547865944,46.019098892579876,45.92711140748604,-2.4541981398804333,50027,1.1927366256713867,236586525.1832923,1097.2365822455874,1377.3428248745677,80.0,,,
00631,D:\SIH_Dataset\Part_I\01_Train_Val_Oil_Spill_images\Oil\00631.tif,D:\SIH_Dataset\Part_I\01_Train_Val_Oil_Spill_mask\Mask_oil\00631.tif,S1A_IW_GRDH_1SDV_20151031T180410_20151031T180435_008400_00BDD5_B96D_O,subset_965_of_S1A_IW_GRDH_1SDV_20151031T180410_20151031T180435_008400_00BDD5_B96D_Orb_NR_Cal_Spk_TC_dB,GRD,2015-10-31T18:04:26.944495,2015-10-31T18:04:29.362027,EPSG:4326,2048,2048,-2.184164565474105,45.71600731571795,-2.000189595286427,45.89998228590563,45.80799480081179,-2.092177080380266,59601,1.4209985733032227,178057267.1952556,954.2013808493147,1593.9234828274693,80.0,,,
00632,D:\SIH_Dataset\Part_I\01_Train_Val_Oil_Spill_images\Oil\00632.tif,D:\SIH_Dataset\Part_I\01_Train_Val_Oil_Spill_mask\Mask_oil\00632.tif,S1A_IW_GRDH_1SDV_20151031T180410_20151031T180435_008400_00BDD5_B96D_O,subset_966_of_S1A_IW_GRDH_1SDV_20151031T180410_20151031T180435_008400_00BDD5_B96D_Orb_NR_Cal_Spk_TC_dB,GRD,2015-10-31T18:04:27.327143,2015-10-31T18:04:29.744675,EPSG:4326,2048,2048,-2.067653073123803,45.68690190051248,-1.883678102936125,45.87087687070016,45.77888938560632,-1.975665588029964,52709,1.2566804885864258,339393950.5454136,680.0744180310763,468.65329450378493,80.0,,,
00641,D:\SIH_Dataset\Part_I\01_Train_Val_Oil_Spill_images\Oil\00641.tif,D:\SIH_Dataset\Part_I\01_Train_Val_Oil_Spill_mask\Mask_oil\00641.tif,S1A_IW_GRDH_1SDV_20191014T031500_20191014T031525_029449_03598E_ED4C_O,subset_975_of_S1A_IW_GRDH_1SDV_20191014T031500_20191014T031525_029449_03598E_ED4C_Orb_NR_Cal_Spk_TC_dB,GRD,2019-10-14T03:15:03.378560,2019-10-14T03:15:05.752046,EPSG:4326,2048,2048,39.54550887950483,18.781618391375822,39.72948384969251,18.9655933615635,18.87360587646966,39.63749636459867,129375,3.084540367126465,63145486.02681115,1288.4667787439614,791.405329468599,80.0,,,
00649,D:\SIH_Dataset\Part_I\01_Train_Val_Oil_Spill_images\Oil\00649.tif,D:\SIH_Dataset\Part_I\01_Train_Val_Oil_Spill_mask\Mask_oil\00649.tif,S1A_IW_GRDH_1SDV_20191014T031500_20191014T031525_029449_03598E_ED4C_O,subset_983_of_S1A_IW_GRDH_1SDV_20191014T031500_20191014T031525_029449_03598E_ED4C_Orb_NR_Cal_Spk_TC_dB,GRD,2019-10-14T03:15:11.526333,2019-10-14T03:15:13.899820,EPSG:4326,2048,2048,39.118359961905995,18.150372241225035,39.30233493209367,18.334347211412712,18.242359726318874,39.21034744699983,99745,2.378106117248535,178569810.10434282,892.9170033585643,743.4086671011079,80.0,,,
00654,D:\SIH_Dataset\Part_I\01_Train_Val_Oil_Spill_images\Oil\00654.tif,D:\SIH_Dataset\Part_I\01_Train_Val_Oil_Spill_mask\Mask_oil\00654.tif,S1A_IW_GRDH_1SDV_20191014T031500_20191014T031525_029449_03598E_ED4C_O,subset_988_of_S1A_IW_GRDH_1SDV_20191014T031500_20191014T031525_029449_03598E_ED4C_Orb_NR_Cal_Spk_TC_dB,GRD,2019-10-14T03:15:14.282453,2019-10-14T03:15:16.655940,EPSG:4326,2048,2048,39.80512199661537,17.936842698189825,39.98909696680305,18.1208176683775,18.028830183283663,39.89710948170921,177276,4.226589202880859,22904476.27153219,848.6344344412103,950.9319366411697,80.0,,,
00656,D:\SIH_Dataset\Part_I\01_Train_Val_Oil_Spill_images\Oil\00656.tif,D:\SIH_Dataset\Part_I\01_Train_Val_Oil_Spill_mask\Mask_oil\00656.tif,S1A_IW_GRDH_1SDV_20191014T031500_20191014T031525_029449_03598E_ED4C_O,subset_990_of_S1A_IW_GRDH_1SDV_20191014T031500_20191014T031525_029449_03598E_ED4C_Orb_NR_Cal_Spk_TC_dB,GRD,2019-10-14T03:15:14.844808,2019-10-14T03:15:17.218295,EPSG:4326,2048,2048,40.151422538643445,17.893274406910027,40.33539750883112,18.077249377097704,17.985261892003866,40.24341002373728,123106,2.9350757598876953,88043469.21464948,1079.694450311114,1134.5225984111253,80.0,,,
00657,D:\SIH_Dataset\Part_I\01_Train_Val_Oil_Spill_images\Oil\00657.tif,D:\SIH_Dataset\Part_I\01_Train_Val_Oil_Spill_mask\Mask_oil\00657.tif,S1A_IW_GRDH_1SDV_20191014T031500_20191014T031525_029449_03598E_ED4C_O,subset_991_of_S1A_IW_GRDH_1SDV_20191014T031500_20191014T031525_029449_03598E_ED4C_Orb_NR_Cal_Spk_TC_dB,GRD,2019-10-14T03:15:17.061763,2019-10-14T03:15:19.435250,EPSG:4326,2048,2048,40.24341002373728,17.721516524586374,40.42738499392496,17.90549149477405,17.813504009680212,40.33539750883112,193762,4.619646072387695,31470218.93867882,1036.7638494648074,1182.5762739856111,80.0,,,
00660,D:\SIH_Dataset\Part_I\01_Train_Val_Oil_Spill_images\Oil\00660.tif,D:\SIH_Dataset\Part_I\01_Train_Val_Oil_Spill_mask\Mask_oil\00660.tif,S1A_IW_GRDH_1SDV_20180522T035948_20180522T040013_022012_0260D6_92E3_O,subset_994_of_S1A_IW_GRDH_1SDV_20180522T035948_20180522T040013_022012_0260D6_92E3_Orb_NR_Cal_Spk_TC_dB,GRD,2018-05-22T03:59:55.525010,2018-05-22T03:59:57.928851,EPSG:4326,2048,2048,31.438165423760807,34.19266680875397,31.622140393948484,34.37664177894165,34.28465429384781,31.530152908854646,110790,2.641439437866211,192636478.56994763,924.8800252730391,1275.462099467461,80.0,,,
00661,D:\SIH_Dataset\Part_I\01_Train_Val_Oil_Spill_images\Oil\00661.tif,D:\SIH_Dataset\Part_I\01_Train_Val_Oil_Spill_mask\Mask_oil\00661.tif,S1A_IW_GRDH_1SDV_20180522T035948_20180522T040013_022012_0260D6_92E3_O,subset_995_of_S1A_IW_GRDH_1SDV_20180522T035948_20180522T040013_022012_0260D6_92E3_Orb_NR_Cal_Spk_TC_dB,GRD,2018-05-22T03:59:53.287922,2018-05-22T03:59:55.691764,EPSG:4326,2048,2048,31.52521217479199,34.36379587037874,31.709187144979666,34.547770840566415,34.455783355472576,31.617199659885827,68147,1.624751091003418,9292287.977236468,1009.1913583870163,1098.3841328304989,80.0,,,
00663,D:\SIH_Dataset\Part_I\01_Train_Val_Oil_Spill_images\Oil\00663.tif,D:\SIH_Dataset\Part_I\01_Train_Val_Oil_Spill_mask\Mask_oil\00663.tif,S1A_IW_GRDH_1SDV_20180216T154115_20180216T154140_020634_023548_2B58_O,subset_997_of_S1A_IW_GRDH_1SDV_20180216T154115_20180216T154140_020634_023548_2B58_Orb_NR_Cal_Spk_TC_dB,GRD,2018-02-16T15:41:32.271367,2018-02-16T15:41:34.677833,EPSG:4326,2048,2048,34.77450318913402,34.24076780251623,34.9584781593217,34.42474277270391,34.33275528761007,34.86649067422786,100735,2.40170955657959,98626749.51958038,1386.0611257259145,777.4301434456743,80.0,,,
00666,D:\SIH_Dataset\Part_I\01_Train_Val_Oil_Spill_images\Oil\00666.tif,D:\SIH_Dataset\Part_I\01_Train_Val_Oil_Spill_mask\Mask_oil\00666.tif,S1A_IW_GRDH_1SDV_20180827T045138_20180827T045203_023427_028CAE_388B_O,subset_1000_of_S1A_IW_GRDH_1SDV_20180827T045138_20180827T045203_023427_028CAE_388B_Orb_NR_Cal_Spk_TC_dB,GRD,2018-08-27T04:51:53.454052,2018-08-27T04:51:55.746947,EPSG:4326,2048,2048,11.24026296376688,-4.781198699498905,11.424237933954558,-4.597223729311227,-4.689211214405066,11.33225044886072,130360,3.1080245971679688,109196212.47505228,581.01167536054,600.2932417919607,80.0,,,
00674,D:\SIH_Dataset\Part_I\01_Train_Val_Oil_Spill_images\Oil\00674.tif,D:\SIH_Dataset\Part_I\01_Train_Val_Oil_Spill_mask\Mask_oil\00674.tif,S1A_IW_GRDH_1SDV_20181107T045139_20181107T045204_024477_02AF04_4293_O,subset_1008_of_S1A_IW_GRDH_1SDV_20181107T045139_20181107T045204_024477_02AF04_4293_Orb_NR_Cal_Spk_TC_dB,GRD,2018-11-07T04:51:58.469079,2018-11-07T04:52:00.762038,EPSG:4326,2048,2048,11.752198035951944,-5.084993959386145,11.936173006139622,-4.901018989198467,-4.993006474292306,11.844185521045784,99913,2.3821115493774414,46680033.41588223,1574.9320759060383,882.1001221062324,80.0,,,
00676,D:\SIH_Dataset\Part_I\01_Train_Val_Oil_Spill_images\Oil\00676.tif,D:\SIH_Dataset\Part_I\01_Train_Val_Oil_Spill_mask\Mask_oil\00676.tif,S1A_IW_GRDH_1SDV_20181107T045139_20181107T045204_024477_02AF04_4293_O,subset_1010_of_S1A_IW_GRDH_1SDV_20181107T045139_20181107T045204_024477_02AF04_4293_Orb_NR_Cal_Spk_TC_dB,GRD,2018-11-07T04:51:54.174403,2018-11-07T04:51:56.467361,EPSG:4326,2048,2048,11.190391657263595,-4.74057987945472,11.374366627451273,-4.556604909267042,-4.648592394360881,11.282379142357435,118652,2.8288841247558594,29831603.92010697,880.589901560867,1510.092952499747,80.0,,,
00678,D:\SIH_Dataset\Part_I\01_Train_Val_Oil_Spill_images\Oil\00678.tif,D:\SIH_Dataset\Part_I\01_Train_Val_Oil_Spill_mask\Mask_oil\00678.tif,S1A_IW_GRDH_1SDV_20181107T045139_20181107T045204_024477_02AF04_4293_O,subset_1012_of_S1A_IW_GRDH_1SDV_20181107T045139_20181107T045204_024477_02AF04_4293_Orb_NR_Cal_Spk_TC_dB,GRD,2018-11-07T04:51:52.106595,2018-11-07T04:51:54.399554,EPSG:4326,2048,2048,11.157153991751173,-4.574750878006257,11.341128961938852,-4.390775907818579,-4.4827633929124175,11.249141476845011,104480,2.490997314453125,231211.88842392186,1176.694419984686,1611.3404575038285,80.0,,,
00680,D:\SIH_Dataset\Part_I\01_Train_Val_Oil_Spill_images\Oil\00680.tif,D:\SIH_Dataset\Part_I\01_Train_Val_Oil_Spill_mask\Mask_oil\00680.tif,S1A_IW_GRDH_1SDV_20181107T045139_20181107T045204_024477_02AF04_4293_O,subset_1014_of_S1A_IW_GRDH_1SDV_20181107T045139_20181107T045204_024477_02AF04_4293_Orb_NR_Cal_Spk_TC_dB,GRD,2018-11-07T04:51:48.582586,2018-11-07T04:51:50.875544,EPSG:4326,2048,2048,11.109453450164427,-4.292140889622255,11.293428420352106,-4.108165919434577,-4.200153404528416,11.201440935258265,74578,1.7780780792236328,57847803.81563117,956.4076000965432,876.5894767894017,80.0,,,
00688,D:\SIH_Dataset\Part_I\01_Train_Val_Oil_Spill_images\Oil\00688.tif,D:\SIH_Dataset\Part_I\01_Train_Val_Oil_Spill_mask\Mask_oil\00688.tif,S1A_IW_GRDH_1SDV_20190211T045136_20190211T045201_025877_02E164_324F_O,subset_1022_of_S1A_IW_GRDH_1SDV_20190211T045136_20190211T045201_025877_02E164_324F_Orb_NR_Cal_Spk_TC_dB,GRD,2019-02-11T04:51:55.325836,2019-02-11T04:51:57.618794,EPSG:4326,2048,2048,11.614231345443974,-5.089541305035993,11.798206315631653,-4.905566334848315,-4.997553819942153,11.706218830537814,51628,1.2309074401855469,34692940.60587017,739.8845975052297,1201.5087936778493,80.0,,,
00691,D:\SIH_Dataset\Part_I\01_Train_Val_Oil_Spill_images\Oil\00691.tif,D:\SIH_Dataset\Part_I\01_Train_Val_Oil_Spill_mask\Mask_oil\00691.tif,S1A_IW_GRDH_1SDV_20190211T045136_20190211T045201_025877_02E164_324F_O,subset_1025_of_S1A_IW_GRDH_1SDV_20190211T045136_20190211T045201_025877_02E164_324F_Orb_NR_Cal_Spk_TC_dB,GRD,2019-02-11T04:51:48.813255,2019-02-11T04:51:51.106212,EPSG:4326,2048,2048,11.141268348355046,-4.567260798848904,11.325243318542725,-4.383285828661226,-4.475273313755064,11.233255833448887,211656,5.046272277832031,61261576.91817992,1346.3182428090865,1373.0594785878973,80.0,,,
00700,D:\SIH_Dataset\Part_I\01_Train_Val_Oil_Spill_images\Oil\00700.tif,D:\SIH_Dataset\Part_I\01_Train_Val_Oil_Spill_mask\Mask_oil\00700.tif,S1A_IW_GRDH_1SDV_20180503T001529_20180503T001554_021733_0257F1_84A5_O,subset_1034_of_S1A_IW_GRDH_1SDV_20180503T001529_20180503T001554_021733_0257F1_84A5_Orb_NR_Cal_Spk_TC_dB,GRD,2018-05-03T00:15:41.581921,2018-05-03T00:15:43.950283,EPSG:4326,2048,2048,-92.09192534494943,19.324976853101308,-91.90795037476175,19.508951823288985,19.416964338195147,-91.99993785985559,47333,1.1285066604614258,394771901.5410897,1407.0385037922802,448.43801364798344,80.0,,,
00701,D:\SIH_Dataset\Part_I\01_Train_Val_Oil_Spill_images\Oil\00701.tif,D:\SIH_Dataset\Part_I\01_Train_Val_Oil_Spill_mask\Mask_oil\00701.tif,S1A_IW_GRDH_1SDV_20180503T001529_20180503T001554_021733_0257F1_84A5_O,subset_1035_of_S1A_IW_GRDH_1SDV_20180503T001529_20180503T001554_021733_0257F1_84A5_Orb_NR_Cal_Spk_TC_dB,GRD,2018-05-03T00:15:41.868855,2018-05-03T00:15:44.237217,EPSG:4326,2048,2048,-92.21400639206128,19.302698634055144,-92.0300314218736,19.48667360424282,19.394686119148982,-92.12201890696744,55331,1.3191938400268555,112194341.86938971,1142.1513889139903,1696.4201351864235,80.0,,,
00710,D:\SIH_Dataset\Part_I\01_Train_Val_Oil_Spill_images\Oil\00710.tif,D:\SIH_Dataset\Part_I\01_Train_Val_Oil_Spill_mask\Mask_oil\00710.tif,S1A_IW_GRDH_1SDV_20190412T045202_20190412T045227_026752_03012F_7DB1_O,subset_1044_of_S1A_IW_GRDH_1SDV_20190412T045202_20190412T045227_026752_03012F_7DB1_Orb_NR_Cal_Spk_TC_dB,GRD,2019-04-12T04:52:15.914225,2019-04-12T04:52:18.201764,EPSG:4326,2048,2048,11.140113010458666,-6.206040256524259,11.324087980646345,-6.022065286336582,-6.114052771430421,11.232100495552505,123666,2.948427200317383,311173691.33674526,1714.3278265651027,665.7454676305533,80.0,,,
00712,D:\SIH_Dataset\Part_I\01_Train_Val_Oil_Spill_images\Oil\00712.tif,D:\SIH_Dataset\Part_I\01_Train_Val_Oil_Spill_mask\Mask_oil\00712.tif,S1A_IW_GRDH_1SDV_20190412T045202_20190412T045227_026752_03012F_7DB1_O,subset_1046_of_S1A_IW_GRDH_1SDV_20190412T045202_20190412T045227_026752_03012F_7DB1_Orb_NR_Cal_Spk_TC_dB,GRD,2019-04-12T04:52:09.282933,2019-04-12T04:52:11.570472,EPSG:4326,2048,2048,11.081722516990897,-5.672979966927736,11.265697487178576,-5.489004996740058,-5.580992481833897,11.173710002084736,61111,1.4569997787475586,88504097.96083538,1165.598247451359,954.5746183174879,80.0,,,
00717,D:\SIH_Dataset\Part_I\01_Train_Val_Oil_Spill_images\Oil\00717.tif,D:\SIH_Dataset\Part_I\01_Train_Val_Oil_Spill_mask\Mask_oil\00717.tif,S1A_IW_GRDH_1SDV_20190412T045202_20190412T045227_026752_03012F_7DB1_O,subset_1051_of_S1A_IW_GRDH_1SDV_20190412T045202_20190412T045227_026752_03012F_7DB1_Orb_NR_Cal_Spk_TC_dB,GRD,2019-04-12T04:52:06.401997,2019-04-12T04:52:08.689536,EPSG:4326,2048,2048,11.199401819210555,-5.441394286681723,11.383376789398234,-5.257419316494045,-5.349406801587884,11.291389304304396,53867,1.2842893600463867,377402657.7613979,1403.1408933113037,1861.8439768318265,80.0,,,
00720,D:\SIH_Dataset\Part_I\01_Train_Val_Oil_Spill_images\Oil\00720.tif,D:\SIH_Dataset\Part_I\01_Train_Val_Oil_Spill_mask\Mask_oil\00720.tif,S1A_IW_GRDH_1SDV_20181225T045203_20181225T045228_025177_02C817_C7B4_O,subset_1054_of_S1A_IW_GRDH_1SDV_20181225T045203_20181225T045228_025177_02C817_C7B4_Orb_NR_Cal_Spk_TC_dB,GRD,2018-12-25T04:52:19.566976,2018-12-25T04:52:21.854634,EPSG:4326,2048,2048,10.613275352575895,-6.398460156839714,10.797250322763574,-6.214485186652036,-6.306472671745874,10.705262837669736,41963,1.0004758834838867,10123055.255656755,1189.0723613659652,1292.5346019112076,80.0,,,
00727,D:\SIH_Dataset\Part_I\01_Train_Val_Oil_Spill_images\Oil\00727.tif,D:\SIH_Dataset\Part_I\01_Train_Val_Oil_Spill_mask\Mask_oil\00727.tif,S1A_IW_GRDH_1SDV_20160829T054424_20160829T054449_012811_014333_2E60_O,subset_1061_of_S1A_IW_GRDH_1SDV_20160829T054424_20160829T054449_012811_014333_2E60_Orb_NR_Cal_Spk_TC_dB,GRD,2016-08-29T05:44:44.952764,2016-08-29T05:44:47.363596,EPSG:4326,2048,2048,6.0701237086892785,41.33414941367156,6.254098678876956,41.51812438385924,41.4261368987654,6.162111193783117,125808,2.9994964599609375,383186826.9193046,1174.801340137352,840.0868466234261,80.0,,,
00738,D:\SIH_Dataset\Part_I\01_Train_Val_Oil_Spill_images\Oil\00738.tif,D:\SIH_Dataset\Part_I\01_Train_Val_Oil_Spill_mask\Mask_oil\00738.tif,S1A_IW_GRDH_1SDV_20171006T022305_20171006T022330_018686_01F861_636B_O,subset_1072_of_S1A_IW_GRDH_1SDV_20171006T022305_20171006T022330_018686_01F861_636B_Orb_NR_Cal_Spk_TC_dB,GRD,2017-10-06T02:23:16.101156,2017-10-06T02:23:18.486103,EPSG:4326,2048,2048,52.818248335719005,26.61388533803311,53.00222330590668,26.797860308220788,26.70587282312695,52.910235820812844,60330,1.4383792877197266,105942493.91162217,1116.4852643792474,1382.1405105254435,80.0,,,
00739,D:\SIH_Dataset\Part_I\01_Train_Val_Oil_Spill_images\Oil\00739.tif,D:\SIH_Dataset\Part_I\01_Train_Val_Oil_Spill_mask\Mask_oil\00739.tif,S1A_IW_GRDH_1SDV_20171006T022305_20171006T022330_018686_01F861_636B_O,subset_1073_of_S1A_IW_GRDH_1SDV_20171006T022305_20171006T022330_018686_01F861_636B_Orb_NR_Cal_Spk_TC_dB,GRD,2017-10-06T02:23:16.518260,2017-10-06T02:23:18.903206,EPSG:4326,2048,2048,52.86837432857288,26.58172565086163,53.052349298760554,26.76570062104931,26.67371313595547,52.960361813666715,64151,1.5294790267944336,137477319.48221412,748.5580973016788,811.4658150301632,80.0,,,
00748,D:\SIH_Dataset\Part_I\01_Train_Val_Oil_Spill_images\Oil\00748.tif,D:\SIH_Dataset\Part_I\01_Train_Val_Oil_Spill_mask\Mask_oil\00748.tif,S1A_IW_GRDH_1SDV_20180205T034316_20180205T034341_020466_022FF1_BCD9_O,subset_1082_of_S1A_IW_GRDH_1SDV_20180205T034316_20180205T034341_020466_022FF1_BCD9_Orb_NR_Cal_Spk_TC_dB,GRD,2018-02-05T03:43:29.299492,2018-02-05T03:43:31.702077,EPSG:4326,2048,2048,34.273120533653454,33.87272205367998,34.45709550384113,34.056697023867656,33.96470953877382,34.36510801874729,111797,2.6654481887817383,211286746.24513263,276.6567931160944,1593.4215184665063,80.0,,,
00749,D:\SIH_Dataset\Part_I\01_Train_Val_Oil_Spill_images\Oil\00749.tif,D:\SIH_Dataset\Part_I\01_Train_Val_Oil_Spill_mask\Mask_oil\00749.tif,S1A_IW_GRDH_1SDV_20180205T034316_20180205T034341_020466_022FF1_BCD9_O,subset_1083_of_S1A_IW_GRDH_1SDV_20180205T034316_20180205T034341_020466_022FF1_BCD9_Orb_NR_Cal_Spk_TC_dB,GRD,2018-02-05T03:43:28.105828,2018-02-05T03:43:30.508414,EPSG:4326,2048,2048,34.30537005235334,33.96408071807493,34.489345022541016,34.14805568826261,34.05606820316877,34.39735753744718,216262,5.156087875366211,262495881.82281357,952.1394928373917,1450.8865265280076,80.0,,,
00751,D:\SIH_Dataset\Part_I\01_Train_Val_Oil_Spill_images\Oil\00751.tif,D:\SIH_Dataset\Part_I\01_Train_Val_Oil_Spill_mask\Mask_oil\00751.tif,S1A_IW_GRDH_1SDV_20180205T034316_20180205T034341_020466_022FF1_BCD9_O,subset_1085_of_S1A_IW_GRDH_1SDV_20180205T034316_20180205T034341_020466_022FF1_BCD9_Orb_NR_Cal_Spk_TC_dB,GRD,2018-02-05T03:43:25.456762,2018-02-05T03:43:27.859348,EPSG:4326,2048,2048,34.460059944278726,34.16683047770071,34.6440349144664,34.35080544788838,34.258817962794545,34.552047429372564,65782,1.5683650970458984,41743059.83039887,1236.0296737709405,1088.0394028761668,80.0,,,
00760,D:\SIH_Dataset\Part_I\01_Train_Val_Oil_Spill_images\Oil\00760.tif,D:\SIH_Dataset\Part_I\01_Train_Val_Oil_Spill_mask\Mask_oil\00760.tif,S1A_IW_GRDH_1SDV_20190108T224024_20190108T224049_025392_02CFEC_DBB6_O,subset_1094_of_S1A_IW_GRDH_1SDV_20190108T224024_20190108T224049_025392_02CFEC_DBB6_Orb_NR_Cal_Spk_TC_dB,GRD,2019-01-08T22:40:39.252346,2019-01-08T22:40:41.560304,EPSG:4326,2048,2048,106.3721653133047,-1.3971511908733545,106.55614028349238,-1.2131762206856764,-1.3051637057795156,106.46415279839854,71451,1.7035245895385742,54066951.20216903,1187.3991756588432,872.206204251865,80.0,,,
00766,D:\SIH_Dataset\Part_I\01_Train_Val_Oil_Spill_images\Oil\00766.tif,D:\SIH_Dataset\Part_I\01_Train_Val_Oil_Spill_mask\Mask_oil\00766.tif,S1A_IW_GRDH_1SDV_20180524T034318_20180524T034343_022041_0261C3_61AF_O,subset_1100_of_S1A_IW_GRDH_1SDV_20180524T034318_20180524T034343_022041_0261C3_61AF_Orb_NR_Cal_Spk_TC_dB,GRD,2018-05-24T03:43:34.715623,2018-05-24T03:43:37.118294,EPSG:4326,2048,2048,33.826142976830084,33.66169118642687,34.01011794701776,33.84566615661455,33.75367867152071,33.91813046192392,47715,1.1376142501831055,55069136.823226824,1195.7961332914178,1737.9355653358482,80.0,,,
00769,D:\SIH_Dataset\Part_I\01_Train_Val_Oil_Spill_images\Oil\00769.tif,D:\SIH_Dataset\Part_I\01_Train_Val_Oil_Spill_mask\Mask_oil\00769.tif,S1A_IW_GRDH_1SDV_20181205T001536_20181205T001601_024883_02BD82_4AE4_O,subset_1103_of_S1A_IW_GRDH_1SDV_20181205T001536_20181205T001601_024883_02BD82_4AE4_Orb_NR_Cal_Spk_TC_dB,GRD,2018-12-05T00:15:49.380410,2018-12-05T00:15:51.755436,EPSG:4326,2048,2048,-92.12192673263476,19.294089896563023,-91.93795176244709,19.4780648667507,19.38607738165686,-92.02993924754092,175676,4.188442230224609,66995959.815952875,1103.5281484095722,715.807930508436,80.0,,,
00770,D:\SIH_Dataset\Part_I\01_Train_Val_Oil_Spill_images\Oil\00770.tif,D:\SIH_Dataset\Part_I\01_Train_Val_Oil_Spill_mask\Mask_oil\00770.tif,S1A_IW_GRDH_1SDV_20181205T001536_20181205T001601_024883_02BD82_4AE4_O,subset_1104_of_S1A_IW_GRDH_1SDV_20181205T001536_20181205T001601_024883_02BD82_4AE4_Orb_NR_Cal_Spk_TC_dB,GRD,2018-12-05T00:15:49.016092,2018-12-05T00:15:51.391119,EPSG:4326,2048,2048,-92.210949777291,19.322296996484376,-92.02697480710333,19.506271966672053,19.414284481578214,-92.11896229219717,125289,2.9871225357055664,479843350.1853515,1397.8849100878767,1429.4238799894645,80.0,,,
00771,D:\SIH_Dataset\Part_I\01_Train_Val_Oil_Spill_images\Oil\00771.tif,D:\SIH_Dataset\Part_I\01_Train_Val_Oil_Spill_mask\Mask_oil\00771.tif,S1A_IW_GRDH_1SDV_20181205T001536_20181205T001601_024883_02BD82_4AE4_O,subset_1105_of_S1A_IW_GRDH_1SDV_20181205T001536_20181205T001601_024883_02BD82_4AE4_Orb_NR_Cal_Spk_TC_dB,GRD,2018-12-05T00:15:49.134438,2018-12-05T00:15:51.509464,EPSG:4326,2048,2048,-92.28326415766263,19.313134180586356,-92.09928918747495,19.497109150774033,19.405121665680195,-92.19127667256879,111655,2.662062644958496,36567419.89072469,1452.6118445210693,537.2292015583718,80.0,,,
00772,D:\SIH_Dataset\Part_I\01_Train_Val_Oil_Spill_images\Oil\00772.tif,D:\SIH_Dataset\Part_I\01_Train_Val_Oil_Spill_mask\Mask_oil\00772.tif,S1A_IW_GRDH_1SDV_20181205T001536_20181205T001601_024883_02BD82_4AE4_O,subset_1106_of_S1A_IW_GRDH_1SDV_20181205T001536_20181205T001601_024883_02BD82_4AE4_Orb_NR_Cal_Spk_TC_dB,GRD,2018-12-05T00:15:49.685555,2018-12-05T00:15:52.060582,EPSG:4326,2048,2048,-92.36447185934703,19.270464204590677,-92.18049688915936,19.454439174778354,19.362451689684516,-92.2724843742532,129878,3.0965328216552734,125580074.63116653,1095.065553827438,1206.276752028827,80.0,,,
00777,D:\SIH_Dataset\Part_I\01_Train_Val_Oil_Spill_images\Oil\00777.tif,D:\SIH_Dataset\Part_I\01_Train_Val_Oil_Spill_mask\Mask_oil\00777.tif,S1A_IW_GRDH_1SDV_20180423T000137_20180423T000202_021587_02534B_857C_O,subset_1111_of_S1A_IW_GRDH_1SDV_20180423T000137_20180423T000202_021587_02534B_857C_Orb_NR_Cal_Spk_TC_dB,GRD,2018-04-23T00:01:47.426635,2018-04-23T00:01:49.820462,EPSG:4326,2048,2048,-89.00415241023036,28.90687007324718,-88.82017744004268,29.090845043434857,28.99885755834102,-88.91216492513652,94052,2.2423744201660156,150702400.26515597,1720.392835878025,886.3853931867477,80.0,,,
00778,D:\SIH_Dataset\Part_I\01_Train_Val_Oil_Spill_images\Oil\00778.tif,D:\SIH_Dataset\Part_I\01_Train_Val_Oil_Spill_mask\Mask_oil\00778.tif,S1A_IW_GRDH_1SDV_20171009T170355_20171009T170420_018739_01F9F0_7DBB_O,subset_0_of_S1A_IW_GRDH_1SDV_20171009T170355_20171009T170420_018739_01F9F0_7DBB_Orb_NR_Cal_Spk_TC_dB,GRD,2017-10-09T17:04:07.229803,2017-10-09T17:04:09.635746,EPSG:4326,2048,2048,14.631288187922319,35.74842130551092,14.815263158109998,35.93239627569859,35.840408790604755,14.723275673016158,273948,6.531429290771484,130109570.25385313,976.8065800808913,697.6786506928322,80.0,,,
00780,D:\SIH_Dataset\Part_I\01_Train_Val_Oil_Spill_images\Oil\00780.tif,D:\SIH_Dataset\Part_I\01_Train_Val_Oil_Spill_mask\Mask_oil\00780.tif,S1A_IW_GRDH_1SDV_20180616T154120_20180616T154145_022384_026C73_CB62_O,subset_2_of_S1A_IW_GRDH_1SDV_20180616T154120_20180616T154145_022384_026C73_CB62_Orb_NR_Cal_Spk_TC_dB,GRD,2018-06-16T15:41:32.981919,2018-06-16T15:41:35.388362,EPSG:4326,2048,2048,35.0453922637073,34.51993539476016,35.229367233894976,34.70391036494784,34.611922879854,35.13737974880114,42441,1.0118722915649414,275758.8694623086,1255.7338069319762,787.8350062439622,80.0,,,
00783,D:\SIH_Dataset\Part_I\01_Train_Val_Oil_Spill_images\Oil\00783.tif,D:\SIH_Dataset\Part_I\01_Train_Val_Oil_Spill_mask\Mask_oil\00783.tif,S1A_IW_GRDH_1SDV_20180622T000140_20180622T000205_022462_026EC6_82DF_O,subset_5_of_S1A_IW_GRDH_1SDV_20180622T000140_20180622T000205_022462_026EC6_82DF_Orb_NR_Cal_Spk_TC_dB,GRD,2018-06-22T00:01:50.661728,2018-06-22T00:01:53.055546,EPSG:4326,2048,2048,-88.56517113236423,28.918538263808607,-88.38119616217655,29.102513233996284,29.010525748902445,-88.47318364727039,96109,2.291417121887207,372979007.4786584,1343.7173989948913,547.0019613147572,80.0,,,
00784,D:\SIH_Dataset\Part_I\01_Train_Val_Oil_Spill_images\Oil\00784.tif,D:\SIH_Dataset\Part_I\01_Train_Val_Oil_Spill_mask\Mask_oil\00784.tif,S1A_IW_GRDH_1SDV_20180622T000140_20180622T000205_022462_026EC6_82DF_O,subset_6_of_S1A_IW_GRDH_1SDV_20180622T000140_20180622T000205_022462_026EC6_82DF_Orb_NR_Cal_Spk_TC_dB,GRD,2018-06-22T00:01:50.280495,2018-06-22T00:01:52.674313,EPSG:4326,2048,2048,-88.68527588585101,28.9478233420709,-88.50130091566334,29.131798312258578,29.03981082716474,-88.59328840075717,251829,6.004071235656738,1048683436.5673518,1598.8539266724642,846.5057578753837,80.0,,,
00785,D:\SIH_Dataset\Part_I\01_Train_Val_Oil_Spill_images\Oil\00785.tif,D:\SIH_Dataset\Part_I\01_Train_Val_Oil_Spill_mask\Mask_oil\00785.tif,S1A_IW_GRDH_1SDV_20180622T000140_20180622T000205_022462_026EC6_82DF_O,subset_7_of_S1A_IW_GRDH_1SDV_20180622T000140_20180622T000205_022462_026EC6_82DF_Orb_NR_Cal_Spk_TC_dB,GRD,2018-06-22T00:01:50.462926,2018-06-22T00:01:52.856744,EPSG:4326,2048,2048,-88.83295891856027,28.933809623638638,-88.64898394837259,29.117784593826315,29.025797108732476,-88.74097143346643,291588,6.951999664306641,213542773.99265367,1490.553867100155,1108.7759029864055,80.0,,,
00786,D:\SIH_Dataset\Part_I\01_Train_Val_Oil_Spill_images\Oil\00786.tif,D:\SIH_Dataset\Part_I\01_Train_Val_Oil_Spill_mask\Mask_oil\00786.tif,S1A_IW_GRDH_1SDV_20180622T000140_20180622T000205_022462_026EC6_82DF_O,subset_8_of_S1A_IW_GRDH_1SDV_20180622T000140_20180622T000205_022462_026EC6_82DF_Orb_NR_Cal_Spk_TC_dB,GRD,2018-06-22T00:01:51.286203,2018-06-22T00:01:53.680021,EPSG:4326,2048,2048,-88.9399482688989,28.870568227636625,-88.75597329871123,29.0545431978243,28.962555712730463,-88.84796078380506,256226,6.108903884887695,622691865.0466995,1066.1707320880785,1006.343544370985,80.0,,,
00787,D:\SIH_Dataset\Part_I\01_Train_Val_Oil_Spill_images\Oil\00787.tif,D:\SIH_Dataset\Part_I\01_Train_Val_Oil_Spill_mask\Mask_oil\00787.tif,S1A_IW_GRDH_1SDV_20180622T000140_20180622T000205_022462_026EC6_82DF_O,subset_9_of_S1A_IW_GRDH_1SDV_20180622T000140_20180622T000205_022462_026EC6_82DF_Orb_NR_Cal_Spk_TC_dB,GRD,2018-06-22T00:01:51.400807,2018-06-22T00:01:53.794624,EPSG:4326,2048,2048,-89.04810542910688,28.86176473785225,-88.8641304589192,29.045739708039928,28.95375222294609,-88.95611794401304,152431,3.6342382431030273,881866990.7592816,1058.9664536741213,1560.0833524676739,80.0,,,
00788,D:\SIH_Dataset\Part_I\01_Train_Val_Oil_Spill_images\Oil\00788.tif,D:\SIH_Dataset\Part_I\01_Train_Val_Oil_Spill_mask\Mask_oil\00788.tif,S1A_IW_GRDH_1SDV_20180622T000140_20180622T000205_022462_026EC6_82DF_O,subset_10_of_S1A_IW_GRDH_1SDV_20180622T000140_20180622T000205_022462_026EC6_82DF_Orb_NR_Cal_Spk_TC_dB,GRD,2018-06-22T00:01:52.626367,2018-06-22T00:01:55.020185,EPSG:4326,2048,2048,-88.97129947231467,28.767621296076527,-88.78732450212699,28.951596266264204,28.859608781170365,-88.87931198722083,90036,2.146625518798828,508113065.30842507,56.76460526900351,616.1768403749611,80.0,,,
00789,D:\SIH_Dataset\Part_I\01_Train_Val_Oil_Spill_images\Oil\00789.tif,D:\SIH_Dataset\Part_I\01_Train_Val_Oil_Spill_mask\Mask_oil\00789.tif,S1A_IW_GRDH_1SDV_20180622T000140_20180622T000205_022462_026EC6_82DF_O,subset_11_of_S1A_IW_GRDH_1SDV_20180622T000140_20180622T000205_022462_026EC6_82DF_Orb_NR_Cal_Spk_TC_dB,GRD,2018-06-22T00:01:49.975274,2018-06-22T00:01:52.369093,EPSG:4326,2048,2048,-88.86188467070892,28.97126937098642,-88.67790970052124,29.155244341174097,29.063256856080258,-88.76989718561508,165536,3.946685791015625,159341333.18770814,1880.4529769959404,1490.8411221728204,80.0,,,
00794,D:\SIH_Dataset\Part_I\01_Train_Val_Oil_Spill_images\Oil\00794.tif,D:\SIH_Dataset\Part_I\01_Train_Val_Oil_Spill_mask\Mask_oil\00794.tif,S1A_IW_GRDH_1SDV_20171017T155749_20171017T155814_018855_01FD8C_9271_O,subset_16_of_S1A_IW_GRDH_1SDV_20171017T155749_20171017T155814_018855_01FD8C_9271_Orb_NR_Cal_Spk_TC_dB,GRD,2017-10-17T15:58:02.480930,2017-10-17T15:58:04.873454,EPSG:4326,2048,2048,30.32811298279469,34.644290834547505,30.512087952982366,34.82826580473518,34.73627831964134,30.420100467888528,159804,3.8100242614746094,3139851.947949,901.1194588370754,1139.402687041626,80.0,,,
00795,D:\SIH_Dataset\Part_I\01_Train_Val_Oil_Spill_images\Oil\00795.tif,D:\SIH_Dataset\Part_I\01_Train_Val_Oil_Spill_mask\Mask_oil\00795.tif,S1A_IW_GRDH_1SDV_20171017T155749_20171017T155814_018855_01FD8C_9271_O,subset_17_of_S1A_IW_GRDH_1SDV_20171017T155749_20171017T155814_018855_01FD8C_9271_Orb_NR_Cal_Spk_TC_dB,GRD,2017-10-17T15:58:01.820561,2017-10-17T15:58:04.213085,EPSG:4326,2048,2048,30.20073187550654,34.69504564810026,30.384706845694218,34.87902061828794,34.7870331331941,30.29271936060038,105047,2.5045156478881836,56600957.01886803,744.8674450484069,1092.4023770312335,80.0,,,
00796,D:\SIH_Dataset\Part_I\01_Train_Val_Oil_Spill_images\Oil\00796.tif,D:\SIH_Dataset\Part_I\01_Train_Val_Oil_Spill_mask\Mask_oil\00796.tif,S1A_IW_GRDH_1SDV_20171017T155749_20171017T155814_018855_01FD8C_9271_O,subset_18_of_S1A_IW_GRDH_1SDV_20171017T155749_20171017T155814_018855_01FD8C_9271_Orb_NR_Cal_Spk_TC_dB,GRD,2017-10-17T15:58:01.509662,2017-10-17T15:58:03.902185,EPSG:4326,2048,2048,30.10631893914558,34.718940834657836,30.290293909333258,34.90291580484551,34.810928319751675,30.19830642423942,56221,1.3404130935668945,186577751.8886133,688.1707813806229,1364.9872912256985,80.0,,,
00798,D:\SIH_Dataset\Part_I\01_Train_Val_Oil_Spill_images\Oil\00798.tif,D:\SIH_Dataset\Part_I\01_Train_Val_Oil_Spill_mask\Mask_oil\00798.tif,S1A_IW_GRDH_1SDV_20170818T063539_20170818T063604_017974_01E28B_B491_O,subset_20_of_S1A_IW_GRDH_1SDV_20170818T063539_20170818T063604_017974_01E28B_B491_Orb_NR_Cal_Spk_TC_dB,GRD,2017-08-18T06:35:54.208987,2017-08-18T06:35:56.605451,EPSG:4326,2048,2048,-8.59675107446782,35.31158931275185,-8.412776104280141,35.495564282939526,35.40357679784569,-8.50476358937398,102658,2.4475574493408203,3436539.593516656,832.5794093007852,1016.2336203705507,80.0,,,
00799,D:\SIH_Dataset\Part_I\01_Train_Val_Oil_Spill_images\Oil\00799.tif,D:\SIH_Dataset\Part_I\01_Train_Val_Oil_Spill_mask\Mask_oil\00799.tif,S1A_IW_GRDH_1SDV_20170818T063539_20170818T063604_017974_01E28B_B491_O,subset_21_of_S1A_IW_GRDH_1SDV_20170818T063539_20170818T063604_017974_01E28B_B491_Orb_NR_Cal_Spk_TC_dB,GRD,2017-08-18T06:35:57.350030,2017-08-18T06:35:59.746495,EPSG:4326,2048,2048,-8.812346742656505,35.07057132202259,-8.628371772468826,35.254546292210264,35.162558807116426,-8.720359257562666,250266,5.966806411743164,165389462.7611252,829.2573621666547,1007.877014856193,80.0,,,
00800,D:\SIH_Dataset\Part_I\01_Train_Val_Oil_Spill_images\Oil\00800.tif,D:\SIH_Dataset\Part_I\01_Train_Val_Oil_Spill_mask\Mask_oil\00800.tif,S1A_IW_GRDH_1SDV_20170818T063539_20170818T063604_017974_01E28B_B491_O,subset_22_of_S1A_IW_GRDH_1SDV_20170818T063539_20170818T063604_017974_01E28B_B491_Orb_NR_Cal_Spk_TC_dB,GRD,2017-08-18T06:35:58.209339,2017-08-18T06:36:00.605803,EPSG:4326,2048,2048,-8.915383505745014,35.00463498016821,-8.731408535557335,35.18860995035589,35.09662246526205,-8.823396020651174,160948,3.837299346923828,110363007.62356135,759.672826005915,1346.3328404205085,80.0,,,
00802,D:\SIH_Dataset\Part_I\01_Train_Val_Oil_Spill_images\Oil\00802.tif,D:\SIH_Dataset\Part_I\01_Train_Val_Oil_Spill_mask\Mask_oil\00802.tif,S1A_IW_GRDH_1SDV_20180807T182628_20180807T182653_023144_028394_2037_O,subset_24_of_S1A_IW_GRDH_1SDV_20180807T182628_20180807T182653_023144_028394_2037_Orb_NR_Cal_Spk_TC_dB,GRD,2018-08-07T18:26:43.984824,2018-08-07T18:26:46.396620,EPSG:4326,2048,2048,-7.87865233061866,36.15337105968197,-7.694677360430982,36.33734602986965,36.24535854477581,-7.786664845524822,191238,4.559469223022461,127395238.5307601,1121.4523421077402,943.3194971710643,80.0,,,
00803,D:\SIH_Dataset\Part_I\01_Train_Val_Oil_Spill_images\Oil\00803.tif,D:\SIH_Dataset\Part_I\01_Train_Val_Oil_Spill_mask\Mask_oil\00803.tif,S1A_IW_GRDH_1SDV_20180807T182628_20180807T182653_023144_028394_2037_O,subset_25_of_S1A_IW_GRDH_1SDV_20180807T182628_20180807T182653_023144_028394_2037_Orb_NR_Cal_Spk_TC_dB,GRD,2018-08-07T18:26:41.431641,2018-08-07T18:26:43.843438,EPSG:4326,2048,2048,-7.456444147082486,36.34803598175068,-7.272469176894808,36.532010951938354,36.440023466844515,-7.364456661988648,121981,2.9082536697387695,117026444.88874707,988.9502094588502,1708.7738377288267,80.0,,,
00804,D:\SIH_Dataset\Part_I\01_Train_Val_Oil_Spill_images\Oil\00804.tif,D:\SIH_Dataset\Part_I\01_Train_Val_Oil_Spill_mask\Mask_oil\00804.tif,S1A_IW_GRDH_1SDV_20180807T182628_20180807T182653_023144_028394_2037_O,subset_26_of_S1A_IW_GRDH_1SDV_20180807T182628_20180807T182653_023144_028394_2037_Orb_NR_Cal_Spk_TC_dB,GRD,2018-08-07T18:26:41.045188,2018-08-07T18:26:43.456985,EPSG:4326,2048,2048,-7.345412377965313,36.377500723069794,-7.161437407777635,36.56147569325747,36.46948820816363,-7.2534248928714735,393696,9.386444091796875,71642908.57952732,1199.343099752093,971.4174794765504,80.0,,,
00810,D:\SIH_Dataset\Part_I\01_Train_Val_Oil_Spill_images\Oil\00810.tif,D:\SIH_Dataset\Part_I\01_Train_Val_Oil_Spill_mask\Mask_oil\00810.tif,S1B_IW_GRDH_1SDV_20180601T174553_20180601T174618_011183_014840_19C3_O,subset_32_of_S1B_IW_GRDH_1SDV_20180601T174553_20180601T174618_011183_014840_19C3_Orb_NR_Cal_Spk_TC_dB,GRD,2018-06-01T17:46:10.450876,2018-06-01T17:46:12.861777,EPSG:4326,2048,2048,2.7687060658731477,40.879120399546295,2.9526810360608255,41.06309536973397,40.97110788464013,2.8606935509669866,98996,2.360248565673828,156639526.16100028,647.5953169825043,713.601387934866,80.0,,,
00812,D:\SIH_Dataset\Part_I\01_Train_Val_Oil_Spill_images\Oil\00812.tif,D:\SIH_Dataset\Part_I\01_Train_Val_Oil_Spill_mask\Mask_oil\00812.tif,S1B_IW_GRDH_1SDV_20180601T174553_20180601T174618_011183_014840_19C3_O,subset_34_of_S1B_IW_GRDH_1SDV_20180601T174553_20180601T174618_011183_014840_19C3_Orb_NR_Cal_Spk_TC_dB,GRD,2018-06-01T17:46:11.027985,2018-06-01T17:46:13.438886,EPSG:4326,2048,2048,2.9763965595615813,40.83510295062444,3.160371529749259,41.019077920812116,40.92709043571828,3.0683840446554203,125998,3.004026412963867,36359647.72698525,807.68189177606,781.4133716408197,80.0,,,
00824,D:\SIH_Dataset\Part_I\01_Train_Val_Oil_Spill_images\Oil\00824.tif,D:\SIH_Dataset\Part_I\01_Train_Val_Oil_Spill_mask\Mask_oil\00824.tif,S1B_IW_GRDH_1SDV_20180131T060035_20180131T060100_009411_010E90_3192_O,subset_46_of_S1B_IW_GRDH_1SDV_20180131T060035_20180131T060100_009411_010E90_3192_Orb_NR_Cal_Spk_TC_dB,GRD,2018-01-31T06:00:48.269663,2018-01-31T06:00:50.672934,EPSG:4326,2048,2048,1.9021460180335503,40.63753455884005,2.086120988221228,40.82150952902773,40.72952204393389,1.9941335031273892,47348,1.1288642883300781,72992582.30933219,1272.1290445214158,661.0092928951592,80.0,,,
00826,D:\SIH_Dataset\Part_I\01_Train_Val_Oil_Spill_images\Oil\00826.tif,D:\SIH_Dataset\Part_I\01_Train_Val_Oil_Spill_mask\Mask_oil\00826.tif,S1B_IW_GRDH_1SDV_20180131T060035_20180131T060100_009411_010E90_3192_O,subset_48_of_S1B_IW_GRDH_1SDV_20180131T060035_20180131T060100_009411_010E90_3192_Orb_NR_Cal_Spk_TC_dB,GRD,2018-01-31T06:00:50.334809,2018-01-31T06:00:52.738079,EPSG:4326,2048,2048,1.6344480633659328,40.479520900363426,1.818423033553611,40.6634958705511,40.571508385457264,1.7264355484597718,70740,1.6865730285644531,106601863.30221322,466.693539722929,926.852855527283,80.0,,,
00828,D:\SIH_Dataset\Part_I\01_Train_Val_Oil_Spill_images\Oil\00828.tif,D:\SIH_Dataset\Part_I\01_Train_Val_Oil_Spill_mask\Mask_oil\00828.tif,S1A_IW_GRDH_1SDV_20180519T175403_20180519T175428_021977_025FA2_3EEB_O,subset_50_of_S1A_IW_GRDH_1SDV_20180519T175403_20180519T175428_021977_025FA2_3EEB_Orb_NR_Cal_Spk_TC_dB,GRD,2018-05-19T17:54:20.116433,2018-05-19T17:54:22.525833,EPSG:4326,2048,2048,0.03593311609945293,38.13642362752686,0.21990808628713093,38.32039859771454,38.2284111126207,0.12792060119329193,44039,1.049971580505371,306716701.5397389,1754.8807080088104,260.79991598356,80.0,,,
00830,D:\SIH_Dataset\Part_I\01_Train_Val_Oil_Spill_images\Oil\00830.tif,D:\SIH_Dataset\Part_I\01_Train_Val_Oil_Spill_mask\Mask_oil\00830.tif,S1A_IW_GRDH_1SDV_20180519T175403_20180519T175428_021977_025FA2_3EEB_O,subset_52_of_S1A_IW_GRDH_1SDV_20180519T175403_20180519T175428_021977_025FA2_3EEB_Orb_NR_Cal_Spk_TC_dB,GRD,2018-05-19T17:54:21.841973,2018-05-19T17:54:24.251374,EPSG:4326,2048,2048,-0.18711856894742418,38.004730606874936,-0.00314359875974618,38.18870557706261,38.096718091968775,-0.09513108385358518,263789,6.289219856262207,565412607.669898,1126.0512019075852,748.7801595214357,80.0,,,
00834,D:\SIH_Dataset\Part_I\01_Train_Val_Oil_Spill_images\Oil\00834.tif,D:\SIH_Dataset\Part_I\01_Train_Val_Oil_Spill_mask\Mask_oil\00834.tif,S1A_IW_GRDH_1SDV_20180519T175403_20180519T175428_021977_025FA2_3EEB_O,subset_56_of_S1A_IW_GRDH_1SDV_20180519T175403_20180519T175428_021977_025FA2_3EEB_Orb_NR_Cal_Spk_TC_dB,GRD,2018-05-19T17:54:25.177704,2018-05-19T17:54:27.587105,EPSG:4326,2048,2048,-0.29419775081447114,37.75014805535547,-0.11022278062679314,37.934123025543144,37.842135540449306,-0.20221026572063214,113035,2.6949644088745117,301636487.2380582,507.767616225063,372.34960410492323,80.0,,,
00836,D:\SIH_Dataset\Part_I\01_Train_Val_Oil_Spill_images\Oil\00836.tif,D:\SIH_Dataset\Part_I\01_Train_Val_Oil_Spill_mask\Mask_oil\00836.tif,S1A_IW_GRDH_1SDV_20180519T175403_20180519T175428_021977_025FA2_3EEB_O,subset_58_of_S1A_IW_GRDH_1SDV_20180519T175403_20180519T175428_021977_025FA2_3EEB_Orb_NR_Cal_Spk_TC_dB,GRD,2018-05-19T17:54:22.172721,2018-05-19T17:54:24.582122,EPSG:4326,2048,2048,-0.0415914929200617,37.97948794739118,0.1423834772676163,38.163462917578855,38.071475432485016,0.0503959921737773,83651,1.9943952560424805,324453308.0703297,66.75740278060036,779.7245639621761,80.0,,,
00838,D:\SIH_Dataset\Part_I\01_Train_Val_Oil_Spill_images\Oil\00838.tif,D:\SIH_Dataset\Part_I\01_Train_Val_Oil_Spill_mask\Mask_oil\00838.tif,S1A_IW_GRDH_1SDV_20180906T174116_20180906T174141_023581_02919D_8911_O,subset_60_of_S1A_IW_GRDH_1SDV_20180906T174116_20180906T174141_023581_02919D_8911_Orb_NR_Cal_Spk_TC_dB,GRD,2018-09-06T17:41:24.508016,2018-09-06T17:41:26.930906,EPSG:4326,2048,2048,2.4000120783224923,51.604044713684544,2.58398704851017,51.78801968387222,51.69603219877838,2.491999563416331,195035,4.649996757507324,72201818.08875278,1140.0455123439383,958.0095546953111,80.0,,,
00846,D:\SIH_Dataset\Part_I\01_Train_Val_Oil_Spill_images\Oil\00846.tif,D:\SIH_Dataset\Part_I\01_Train_Val_Oil_Spill_mask\Mask_oil\00846.tif,S1A_IW_GRDH_1SDV_20190407T153311_20190407T153336_026686_02FEBD_284D_O,subset_68_of_S1A_IW_GRDH_1SDV_20190407T153311_20190407T153336_026686_02FEBD_284D_Orb_NR_Cal_Spk_TC_dB,GRD,2019-04-07T15:33:21.601351,2019-04-07T15:33:24.012883,EPSG:4326,2048,2048,35.652003428074565,34.79327885662349,35.83597839826224,34.977253826811165,34.885266341717326,35.7439909131684,230498,5.495500564575195,246872988.6833551,635.9975097397809,1326.5475275273539,80.0,,,
00855,D:\SIH_Dataset\Part_I\01_Train_Val_Oil_Spill_images\Oil\00855.tif,D:\SIH_Dataset\Part_I\01_Train_Val_Oil_Spill_mask\Mask_oil\00855.tif,S1A_IW_GRDH_1SDV_20170214T062714_20170214T062739_015276_019087_DD69_O,subset_77_of_S1A_IW_GRDH_1SDV_20170214T062714_20170214T062739_015276_019087_DD69_Orb_NR_Cal_Spk_TC_dB,GRD,2017-02-14T06:27:23.493924,2017-02-14T06:27:25.896674,EPSG:4326,2048,2048,-7.270642365502201,35.947264023631114,-7.086667395314524,36.13123899381879,36.03925150872495,-7.178654880408363,101775,2.4265050888061523,78257684.23738965,861.8718103660034,916.4174551707197,80.0,,,
00856,D:\SIH_Dataset\Part_I\01_Train_Val_Oil_Spill_images\Oil\00856.tif,D:\SIH_Dataset\Part_I\01_Train_Val_Oil_Spill_mask\Mask_oil\00856.tif,S1A_IW_GRDH_1SDV_20170214T062714_20170214T062739_015276_019087_DD69_O,subset_78_of_S1A_IW_GRDH_1SDV_20170214T062714_20170214T062739_015276_019087_DD69_Orb_NR_Cal_Spk_TC_dB,GRD,2017-02-14T06:27:22.983325,2017-02-14T06:27:25.386075,EPSG:4326,2048,2048,-7.436381535422253,35.98634073849031,-7.252406565234575,36.17031570867799,36.07832822358415,-7.344394050328415,101821,2.4276018142700195,165207543.43725303,977.663885642451,1288.8446734956444,80.0,,,
00860,D:\SIH_Dataset\Part_I\01_Train_Val_Oil_Spill_images\Oil\00860.tif,D:\SIH_Dataset\Part_I\01_Train_Val_Oil_Spill_mask\Mask_oil\00860.tif,S1A_IW_GRDH_1SDV_20190921T035215_20190921T035240_029114_034E08_9927_O,subset_82_of_S1A_IW_GRDH_1SDV_20190921T035215_20190921T035240_029114_034E08_9927_Orb_NR_Cal_Spk_TC_dB,GRD,2019-09-21T03:52:30.168487,2019-09-21T03:52:32.570267,EPSG:4326,2048,2048,32.70573642615632,31.946776245062694,32.889711396344,32.13075121525037,32.03876373015653,32.79772391125016,46823,1.116347312927246,17359899.598941915,1245.264068940478,987.7158127416013,80.0,,,
00861,D:\SIH_Dataset\Part_I\01_Train_Val_Oil_Spill_images\Oil\00861.tif,D:\SIH_Dataset\Part_I\01_Train_Val_Oil_Spill_mask\Mask_oil\00861.tif,S1A_IW_GRDH_1SDV_20190921T035215_20190921T035240_029114_034E08_9927_O,subset_83_of_S1A_IW_GRDH_1SDV_20190921T035215_20190921T035240_029114_034E08_9927_Orb_NR_Cal_Spk_TC_dB,GRD,2019-09-21T03:52:32.251125,2019-09-21T03:52:34.652905,EPSG:4326,2048,2048,32.63081693146075,31.787325282131476,32.81479190164843,31.971300252319153,31.879312767225315,32.72280441655459,115898,2.763223648071289,3619365.0672253673,1123.978239486445,957.0372310134774,80.0,,,
00862,D:\SIH_Dataset\Part_I\01_Train_Val_Oil_Spill_images\Oil\00862.tif,D:\SIH_Dataset\Part_I\01_Train_Val_Oil_Spill_mask\Mask_oil\00862.tif,S1A_IW_GRDH_1SDV_20190921T035215_20190921T035240_029114_034E08_9927_O,subset_84_of_S1A_IW_GRDH_1SDV_20190921T035215_20190921T035240_029114_034E08_9927_Orb_NR_Cal_Spk_TC_dB,GRD,2019-09-21T03:52:34.370136,2019-09-21T03:52:36.771916,EPSG:4326,2048,2048,32.48187625735373,31.62508954181949,32.66585122754141,31.80906451200717,31.71707702691333,32.57386374244757,75238,1.793813705444336,40708096.248200454,1058.844413727106,1000.3852042850688,80.0,,,
00867,D:\SIH_Dataset\Part_I\01_Train_Val_Oil_Spill_images\Oil\00867.tif,D:\SIH_Dataset\Part_I\01_Train_Val_Oil_Spill_mask\Mask_oil\00867.tif,S1A_IW_GRDH_1SDV_20190828T035214_20190828T035239_028764_0341F0_762B_O,subset_89_of_S1A_IW_GRDH_1SDV_20190828T035214_20190828T035239_028764_0341F0_762B_Orb_NR_Cal_Spk_TC_dB,GRD,2019-08-28T03:52:31.600088,2019-08-28T03:52:34.001850,EPSG:4326,2048,2048,32.78478491996652,31.755280410551922,32.968759890154196,31.9392553807396,31.84726789564576,32.87677240506036,56092,1.3373374938964844,149635234.37609056,514.8841189474435,213.74171004777864,80.0,,,
00882,D:\SIH_Dataset\Part_I\01_Train_Val_Oil_Spill_images\Oil\00882.tif,D:\SIH_Dataset\Part_I\01_Train_Val_Oil_Spill_mask\Mask_oil\00882.tif,S1A_IW_GRDH_1SDV_20180602T155724_20180602T155749_022180_02662B_E72B_O,subset_104_of_S1A_IW_GRDH_1SDV_20180602T155724_20180602T155749_022180_02662B_E72B_Orb_NR_Cal_Spk_TC_dB,GRD,2018-06-02T15:57:37.237872,2018-06-02T15:57:39.627014,EPSG:4326,2048,2048,29.991094937156245,33.167496028647484,30.17506990734392,33.35147099883516,33.25948351374132,30.083082422250083,162342,3.870534896850586,49405750.991582654,1187.8509196634266,1244.1025366202216,80.0,,,
00883,D:\SIH_Dataset\Part_I\01_Train_Val_Oil_Spill_images\Oil\00883.tif,D:\SIH_Dataset\Part_I\01_Train_Val_Oil_Spill_mask\Mask_oil\00883.tif,S1A_IW_GRDH_1SDV_20180602T155724_20180602T155749_022180_02662B_E72B_O,subset_105_of_S1A_IW_GRDH_1SDV_20180602T155724_20180602T155749_022180_02662B_E72B_Orb_NR_Cal_Spk_TC_dB,GRD,2018-06-02T15:57:37.319572,2018-06-02T15:57:39.708715,EPSG:4326,2048,2048,30.084160400591028,33.16120782165865,30.268135370778705,33.34518279184633,33.25319530675249,30.176147885684866,110548,2.635669708251953,55306292.00088564,1391.8388754206317,549.3823135651481,80.0,,,
00886,D:\SIH_Dataset\Part_I\01_Train_Val_Oil_Spill_images\Oil\00886.tif,D:\SIH_Dataset\Part_I\01_Train_Val_Oil_Spill_mask\Mask_oil\00886.tif,S1A_IW_GRDH_1SDV_20180602T155724_20180602T155749_022180_02662B_E72B_O,subset_108_of_S1A_IW_GRDH_1SDV_20180602T155724_20180602T155749_022180_02662B_E72B_Orb_NR_Cal_Spk_TC_dB,GRD,2018-06-02T15:57:40.672775,2018-06-02T15:57:43.061918,EPSG:4326,2048,2048,30.358416056832716,32.903121840531114,30.542391027020393,33.08709681071879,32.99510932562495,30.450403541926555,136012,3.242778778076172,89121417.9802206,895.9430123812605,831.7262667999883,80.0,,,
00893,D:\SIH_Dataset\Part_I\01_Train_Val_Oil_Spill_images\Oil\00893.tif,D:\SIH_Dataset\Part_I\01_Train_Val_Oil_Spill_mask\Mask_oil\00893.tif,S1B_IW_GRDH_1SDV_20180404T062632_20180404T062657_010330_012CD5_1B1B_O,subset_115_of_S1B_IW_GRDH_1SDV_20180404T062632_20180404T062657_010330_012CD5_1B1B_Orb_NR_Cal_Spk_TC_dB,GRD,2018-04-04T06:26:41.850746,2018-04-04T06:26:44.249063,EPSG:4326,2048,2048,-7.172570679620985,36.36778598593684,-6.988595709433307,36.55176095612452,36.45977347103068,-7.080583194527145,133190,3.175497055053711,20311848.622845594,692.501358960883,715.2016292514453,80.0,,,
00896,D:\SIH_Dataset\Part_I\01_Train_Val_Oil_Spill_images\Oil\00896.tif,D:\SIH_Dataset\Part_I\01_Train_Val_Oil_Spill_mask\Mask_oil\00896.tif,S1B_IW_GRDH_1SDV_20180404T062632_20180404T062657_010330_012CD5_1B1B_O,subset_118_of_S1B_IW_GRDH_1SDV_20180404T062632_20180404T062657_010330_012CD5_1B1B_Orb_NR_Cal_Spk_TC_dB,GRD,2018-04-04T06:26:40.874783,2018-04-04T06:26:43.273099,EPSG:4326,2048,2048,-7.163497695251378,36.442615649104,-6.9795227250637,36.626590619291676,36.53460313419784,-7.071510210157539,185722,4.427957534790039,36841303.704123296,1133.5874748279687,904.6840169716028,80.0,,,
00898,D:\SIH_Dataset\Part_I\01_Train_Val_Oil_Spill_images\Oil\00898.tif,D:\SIH_Dataset\Part_I\01_Train_Val_Oil_Spill_mask\Mask_oil\00898.tif,S1B_IW_GRDH_1SDV_20180404T062632_20180404T062657_010330_012CD5_1B1B_O,subset_120_of_S1B_IW_GRDH_1SDV_20180404T062632_20180404T062657_010330_012CD5_1B1B_Orb_NR_Cal_Spk_TC_dB,GRD,2018-04-04T06:26:39.200530,2018-04-04T06:26:41.598847,EPSG:4326,2048,2048,-7.070252568759772,36.57098490320468,-6.886277598572094,36.75495987339236,36.66297238829852,-6.978265083665933,285865,6.815552711486816,510798122.9103038,822.3403547128889,1150.9613331467651,80.0,,,
00899,D:\SIH_Dataset\Part_I\01_Train_Val_Oil_Spill_images\Oil\00899.tif,D:\SIH_Dataset\Part_I\01_Train_Val_Oil_Spill_mask\Mask_oil\00899.tif,S1B_IW_GRDH_1SDV_20180404T062632_20180404T062657_010330_012CD5_1B1B_O,subset_121_of_S1B_IW_GRDH_1SDV_20180404T062632_20180404T062657_010330_012CD5_1B1B_Orb_NR_Cal_Spk_TC_dB,GRD,2018-04-04T06:26:38.221051,2018-04-04T06:26:40.619368,EPSG:4326,2048,2048,-7.014736684201186,36.64608406095707,-6.830761714013508,36.83005903114475,36.73807154605091,-6.922749199107347,235983,5.626273155212402,18691627.772959374,1504.574208735375,648.5810778742537,80.0,,,
00910,D:\SIH_Dataset\Part_I\01_Train_Val_Oil_Spill_images\Oil\00910.tif,D:\SIH_Dataset\Part_I\01_Train_Val_Oil_Spill_mask\Mask_oil\00910.tif,S1A_IW_GRDH_1SDV_20190610T035930_20190610T035955_027612_031DBE_CF47_O,subset_132_of_S1A_IW_GRDH_1SDV_20190610T035930_20190610T035955_027612_031DBE_CF47_Orb_NR_Cal_Spk_TC_dB,GRD,2019-06-10T03:59:45.090807,2019-06-10T03:59:47.497921,EPSG:4326,2048,2048,31.083017908552467,35.114870884975346,31.266992878740144,35.29884585516302,35.206858370069185,31.175005393646305,44271,1.0555028915405273,284253086.7688972,1032.808283074699,918.3771656389058,80.0,,,
00911,D:\SIH_Dataset\Part_I\01_Train_Val_Oil_Spill_images\Oil\00911.tif,D:\SIH_Dataset\Part_I\01_Train_Val_Oil_Spill_mask\Mask_oil\00911.tif,S1A_IW_GRDH_1SDV_20190610T035930_20190610T035955_027612_031DBE_CF47_O,subset_133_of_S1A_IW_GRDH_1SDV_20190610T035930_20190610T035955_027612_031DBE_CF47_Orb_NR_Cal_Spk_TC_dB,GRD,2019-06-10T03:59:43.539766,2019-06-10T03:59:45.946879,EPSG:4326,2048,2048,30.940365441434285,35.23335867095071,31.12434041162196,35.417333641138384,35.325346156044546,31.032352926528123,98059,2.3379087448120117,8524276.037014257,1288.5958198635515,1046.7151561814826,80.0,,,
00913,D:\SIH_Dataset\Part_I\01_Train_Val_Oil_Spill_images\Oil\00913.tif,D:\SIH_Dataset\Part_I\01_Train_Val_Oil_Spill_mask\Mask_oil\00913.tif,S1A_IW_GRDH_1SDV_20190610T035930_20190610T035955_027612_031DBE_CF47_O,subset_135_of_S1A_IW_GRDH_1SDV_20190610T035930_20190610T035955_027612_031DBE_CF47_Orb_NR_Cal_Spk_TC_dB,GRD,2019-06-10T03:59:41.584206,2019-06-10T03:59:43.991320,EPSG:4326,2048,2048,30.660180904317407,35.38274850269978,30.844155874505084,35.56672347288746,35.47473598779362,30.752168389411246,63147,1.5055418014526367,35953000.38372792,1550.108738340697,1436.4568625587915,80.0,,,
00918,D:\SIH_Dataset\Part_I\01_Train_Val_Oil_Spill_images\Oil\00918.tif,D:\SIH_Dataset\Part_I\01_Train_Val_Oil_Spill_mask\Mask_oil\00918.tif,S1A_IW_GRDH_1SDV_20160727T171401_20160727T171426_012337_013359_C786_O,subset_140_of_S1A_IW_GRDH_1SDV_20160727T171401_20160727T171426_012337_013359_C786_Orb_NR_Cal_Spk_TC_dB,GRD,2016-07-27T17:14:07.650953,2016-07-27T17:14:10.066538,EPSG:4326,2048,2048,9.259029057870949,43.46659095152067,9.443004028058628,43.65056592170835,43.55857843661451,9.35101654296479,68326,1.629018783569336,23666169.486267436,587.8740742908996,860.4308608728742,80.0,,,
00922,D:\SIH_Dataset\Part_I\01_Train_Val_Oil_Spill_images\Oil\00922.tif,D:\SIH_Dataset\Part_I\01_Train_Val_Oil_Spill_mask\Mask_oil\00922.tif,S1A_IW_GRDH_1SDV_20190313T000142_20190313T000207_026312_02F101_603B_O,subset_144_of_S1A_IW_GRDH_1SDV_20190313T000142_20190313T000207_026312_02F101_603B_Orb_NR_Cal_Spk_TC_dB,GRD,2019-03-13T00:01:54.340524,2019-03-13T00:01:56.738539,EPSG:4326,2048,2048,-89.13681369517268,28.77227560837405,-88.952838724985,28.956250578561725,28.864263093467887,-89.04482621007884,261067,6.224322319030762,191890249.458351,760.7769289109692,1059.862703826987,80.0,,,
00923,D:\SIH_Dataset\Part_I\01_Train_Val_Oil_Spill_images\Oil\00923.tif,D:\SIH_Dataset\Part_I\01_Train_Val_Oil_Spill_mask\Mask_oil\00923.tif,S1A_IW_GRDH_1SDV_20190313T000142_20190313T000207_026312_02F101_603B_O,subset_145_of_S1A_IW_GRDH_1SDV_20190313T000142_20190313T000207_026312_02F101_603B_Orb_NR_Cal_Spk_TC_dB,GRD,2019-03-13T00:01:55.103156,2019-03-13T00:01:57.501171,EPSG:4326,2048,2048,-89.2503607470854,28.713795283377866,-89.06638577689772,28.897770253565543,28.805782768471705,-89.15837326199156,172519,4.113173484802246,407707241.98969877,550.3746688770512,1191.2636086460043,80.0,,,
00924,D:\SIH_Dataset\Part_I\01_Train_Val_Oil_Spill_images\Oil\00924.tif,D:\SIH_Dataset\Part_I\01_Train_Val_Oil_Spill_mask\Mask_oil\00924.tif,S1A_IW_GRDH_1SDV_20190313T000142_20190313T000207_026312_02F101_603B_O,subset_146_of_S1A_IW_GRDH_1SDV_20190313T000142_20190313T000207_026312_02F101_603B_Orb_NR_Cal_Spk_TC_dB,GRD,2019-03-13T00:01:55.228504,2019-03-13T00:01:57.626519,EPSG:4326,2048,2048,-89.39346237184563,28.704183309837788,-89.20948740165795,28.888158280025465,28.796170794931626,-89.30147488675179,75176,1.7923355102539062,138846752.90825257,675.5334814302437,1000.8647706714909,80.0,,,
00925,D:\SIH_Dataset\Part_I\01_Train_Val_Oil_Spill_images\Oil\00925.tif,D:\SIH_Dataset\Part_I\01_Train_Val_Oil_Spill_mask\Mask_oil\00925.tif,S1A_IW_GRDH_1SDV_20190831T232736_20190831T232801_028820_0343E0_5008_O,subset_147_of_S1A_IW_GRDH_1SDV_20190831T232736_20190831T232801_028820_0343E0_5008_Orb_NR_Cal_Spk_TC_dB,GRD,2019-08-31T23:27:46.113674,2019-08-31T23:27:48.495889,EPSG:4326,2048,2048,-81.40554769257841,24.227953633968912,-81.22157272239073,24.41192860415659,24.31994111906275,-81.31356020748457,44088,1.0511398315429688,164616104.5171025,1116.3462847033206,735.5935175104337,80.0,,,
00928,D:\SIH_Dataset\Part_I\01_Train_Val_Oil_Spill_images\Oil\00928.tif,D:\SIH_Dataset\Part_I\01_Train_Val_Oil_Spill_mask\Mask_oil\00928.tif,S1A_IW_GRDH_1SDV_20190831T232736_20190831T232801_028820_0343E0_5008_O,subset_150_of_S1A_IW_GRDH_1SDV_20190831T232736_20190831T232801_028820_0343E0_5008_Orb_NR_Cal_Spk_TC_dB,GRD,2019-08-31T23:27:46.735122,2019-08-31T23:27:49.117336,EPSG:4326,2048,2048,-81.68950515388859,24.17998359779693,-81.50553018370091,24.363958567984607,24.27197108289077,-81.59751766879475,205195,4.892230033874512,126525975.56704037,977.974129486586,1546.8113428689783,80.0,,,
00936,D:\SIH_Dataset\Part_I\01_Train_Val_Oil_Spill_images\Oil\00936.tif,D:\SIH_Dataset\Part_I\01_Train_Val_Oil_Spill_mask\Mask_oil\00936.tif,S1A_IW_GRDH_1SDV_20171011T023147_20171011T023213_018759_01FA92_75B3_O,subset_158_of_S1A_IW_GRDH_1SDV_20171011T023147_20171011T023213_018759_01FA92_75B3_Orb_NR_Cal_Spk_TC_dB,GRD,2017-10-11T02:31:54.984429,2017-10-11T02:31:57.394048,EPSG:4326,2048,2048,51.759762828265394,25.16606282975779,51.94373779845307,25.35003779994547,25.25805031485163,51.85175031335923,112248,2.6762008666992188,3924630.48274675,1028.7456970280093,872.625,80.0,,,
00941,D:\SIH_Dataset\Part_I\01_Train_Val_Oil_Spill_images\Oil\00941.tif,D:\SIH_Dataset\Part_I\01_Train_Val_Oil_Spill_mask\Mask_oil\00941.tif,S1A_IW_GRDH_1SDV_20190716T000949_20190716T001014_028135_032D7F_A3E3_O,subset_163_of_S1A_IW_GRDH_1SDV_20190716T000949_20190716T001014_028135_032D7F_A3E3_Orb_NR_Cal_Spk_TC_dB,GRD,2019-07-16T00:10:07.141547,2019-07-16T00:10:09.534184,EPSG:4326,2048,2048,-90.5912520704186,27.605765139063394,-90.40727710023093,27.78974010925107,27.697752624157232,-90.49926458532477,168171,4.009509086608887,92947226.92723028,843.114541151566,825.7852869995421,80.0,,,
00946,D:\SIH_Dataset\Part_I\01_Train_Val_Oil_Spill_images\Oil\00946.tif,D:\SIH_Dataset\Part_I\01_Train_Val_Oil_Spill_mask\Mask_oil\00946.tif,S1A_IW_GRDH_1SDV_20190704T000948_20190704T001013_027960_032833_0688_O,subset_168_of_S1A_IW_GRDH_1SDV_20190704T000948_20190704T001013_027960_032833_0688_Orb_NR_Cal_Spk_TC_dB,GRD,2019-07-04T00:10:01.950433,2019-07-04T00:10:04.343080,EPSG:4326,2048,2048,-91.09716789160571,27.94526365244739,-90.91319292141803,28.129238622635068,28.03725113754123,-91.00518040651187,74977,1.7875909805297852,146485752.04382026,1016.8608173173106,1259.5148578897529,80.0,,,
00947,D:\SIH_Dataset\Part_I\01_Train_Val_Oil_Spill_images\Oil\00947.tif,D:\SIH_Dataset\Part_I\01_Train_Val_Oil_Spill_mask\Mask_oil\00947.tif,S1A_IW_GRDH_1SDV_20190907T001722_20190907T001747_028908_0346F0_862C_O,subset_169_of_S1A_IW_GRDH_1SDV_20190907T001722_20190907T001747_028908_0346F0_862C_Orb_NR_Cal_Spk_TC_dB,GRD,2019-09-07T00:17:25.238665,2019-09-07T00:17:27.624293,EPSG:4326,2048,2048,-92.76880382333982,26.119186686783163,-92.58482885315215,26.30316165697084,26.211174171877,-92.67681633824598,51456,1.226806640625,86649993.62313554,1308.82373289801,888.1873833955224,80.0,,,
00952,D:\SIH_Dataset\Part_I\01_Train_Val_Oil_Spill_images\Oil\00952.tif,D:\SIH_Dataset\Part_I\01_Train_Val_Oil_Spill_mask\Mask_oil\00952.tif,S1A_IW_GRDH_1SDV_20181014T172234_20181014T172259_024135_02A39B_BAD2_O,subset_174_of_S1A_IW_GRDH_1SDV_20181014T172234_20181014T172259_024135_02A39B_BAD2_Orb_NR_Cal_Spk_TC_dB,GRD,2018-10-14T17:22:45.398726,2018-10-14T17:22:47.813901,EPSG:4326,2048,2048,9.104957954650665,43.30146534133918,9.288932924838344,43.48544031152686,43.39345282643302,9.196945439744503,87077,2.076077461242676,92116985.28215343,930.200219346096,1201.377671486156,80.0,,,
00959,D:\SIH_Dataset\Part_I\01_Train_Val_Oil_Spill_images\Oil\00959.tif,D:\SIH_Dataset\Part_I\01_Train_Val_Oil_Spill_mask\Mask_oil\00959.tif,S1A_IW_GRDH_1SDV_20191006T002544_20191006T002609_029331_035579_A39B_O,subset_181_of_S1A_IW_GRDH_1SDV_20191006T002544_20191006T002609_029331_035579_A39B_Orb_NR_Cal_Spk_TC_dB,GRD,2019-10-06T00:25:54.725322,2019-10-06T00:25:57.111885,EPSG:4326,2048,2048,-95.07232733412106,25.982456996697397,-94.88835236393338,26.166431966885074,26.074444481791236,-94.98033984902722,56481,1.3466119766235352,144027780.9240953,839.5476266355057,772.6383651139321,80.0,,,
00966,D:\SIH_Dataset\Part_I\01_Train_Val_Oil_Spill_images\Oil\00966.tif,D:\SIH_Dataset\Part_I\01_Train_Val_Oil_Spill_mask\Mask_oil\00966.tif,S1A_IW_GRDH_1SDV_20191030T002544_20191030T002609_029681_036197_5CDB_O,subset_188_of_S1A_IW_GRDH_1SDV_20191030T002544_20191030T002609_029681_036197_5CDB_Orb_NR_Cal_Spk_TC_dB,GRD,2019-10-30T00:25:54.154491,2019-10-30T00:25:56.541069,EPSG:4326,2048,2048,-95.06195560170713,26.02425573586416,-94.87798063151945,26.208230706051836,26.116243220957998,-94.96996811661329,152359,3.632521629333496,332327854.10047805,1029.675650929712,1124.7489252357918,80.0,,,
00969,D:\SIH_Dataset\Part_I\01_Train_Val_Oil_Spill_images\Oil\00969.tif,D:\SIH_Dataset\Part_I\01_Train_Val_Oil_Spill_mask\Mask_oil\00969.tif,S1A_IW_GRDH_1SDV_20191030T002544_20191030T002609_029681_036197_5CDB_O,subset_191_of_S1A_IW_GRDH_1SDV_20191030T002544_20191030T002609_029681_036197_5CDB_Orb_NR_Cal_Spk_TC_dB,GRD,2019-10-30T00:25:53.310386,2019-10-30T00:25:55.696964,EPSG:4326,2048,2048,-94.97158508412471,26.089293762434412,-94.78761011393703,26.27326873262209,26.18128124752825,-94.87959759903087,86775,2.0688772201538086,96530612.28674887,1698.1253068280034,360.47052146355514,80.0,,,
00970,D:\SIH_Dataset\Part_I\01_Train_Val_Oil_Spill_images\Oil\00970.tif,D:\SIH_Dataset\Part_I\01_Train_Val_Oil_Spill_mask\Mask_oil\00970.tif,S1A_IW_GRDH_1SDV_20190702T002539_20190702T002604_027931_032749_948A_O,subset_192_of_S1A_IW_GRDH_1SDV_20190702T002539_20190702T002604_027931_032749_948A_Orb_NR_Cal_Spk_TC_dB,GRD,2019-07-02T00:25:49.769893,2019-07-02T00:25:52.156563,EPSG:4326,2048,2048,-94.95791972287824,25.982614334456695,-94.77394475269057,26.166589304644372,26.074601819550534,-94.8659322377844,45794,1.0918140411376953,8521887.325654656,929.4424378739573,1027.3457003100843,80.0,,,
00972,D:\SIH_Dataset\Part_I\01_Train_Val_Oil_Spill_images\Oil\00972.tif,D:\SIH_Dataset\Part_I\01_Train_Val_Oil_Spill_mask\Mask_oil\00972.tif,S1A_IW_GRDH_1SDV_20190702T002539_20190702T002604_027931_032749_948A_O,subset_194_of_S1A_IW_GRDH_1SDV_20190702T002539_20190702T002604_027931_032749_948A_Orb_NR_Cal_Spk_TC_dB,GRD,2019-07-02T00:25:49.100646,2019-07-02T00:25:51.487316,EPSG:4326,2048,2048,-94.95774005982142,26.034177631765154,-94.77376508963374,26.21815260195283,26.126165116858992,-94.86575257472758,45787,1.0916471481323242,59354890.032143414,1503.3092034857054,1025.2167973442242,80.0,,,
00974,D:\SIH_Dataset\Part_I\01_Train_Val_Oil_Spill_images\Oil\00974.tif,D:\SIH_Dataset\Part_I\01_Train_Val_Oil_Spill_mask\Mask_oil\00974.tif,S1A_IW_GRDH_1SDV_20160715T171425_20160715T171450_012162_012DA2_4874_O,subset_196_of_S1A_IW_GRDH_1SDV_20160715T171425_20160715T171450_012162_012DA2_4874_Orb_NR_Cal_Spk_TC_dB,GRD,2016-07-15T17:14:48.363030,2016-07-15T17:14:50.777270,EPSG:4326,2048,2048,8.854775051956025,43.71500423012061,9.038750022143704,43.89897920030829,43.80699171521445,8.946762537049864,112536,2.6830673217773438,163369057.27892354,732.6028293168408,730.3103895642283,80.0,,,
00975,D:\SIH_Dataset\Part_I\01_Train_Val_Oil_Spill_images\Oil\00975.tif,D:\SIH_Dataset\Part_I\01_Train_Val_Oil_Spill_mask\Mask_oil\00975.tif,S1A_IW_GRDH_1SDV_20160715T171425_20160715T171450_012162_012DA2_4874_O,subset_197_of_S1A_IW_GRDH_1SDV_20160715T171425_20160715T171450_012162_012DA2_4874_Orb_NR_Cal_Spk_TC_dB,GRD,2016-07-15T17:14:47.465503,2016-07-15T17:14:49.879743,EPSG:4326,2048,2048,8.79881000975538,43.78336602324211,8.982784979943059,43.96734099342979,43.87535350833595,8.89079749484922,162534,3.875112533569336,214138544.99532357,1157.522321483505,1055.5018826830078,80.0,,,
00976,D:\SIH_Dataset\Part_I\01_Train_Val_Oil_Spill_images\Oil\00976.tif,D:\SIH_Dataset\Part_I\01_Train_Val_Oil_Spill_mask\Mask_oil\00976.tif,S1A_IW_GRDH_1SDV_20160715T171425_20160715T171450_012162_012DA2_4874_O,subset_198_of_S1A_IW_GRDH_1SDV_20160715T171425_20160715T171450_012162_012DA2_4874_Orb_NR_Cal_Spk_TC_dB,GRD,2016-07-15T17:14:46.626947,2016-07-15T17:14:49.041187,EPSG:4326,2048,2048,8.73943136947508,43.84723623994301,8.923406339662758,44.031211210130685,43.93922372503685,8.83141885456892,167561,3.9949655532836914,131672074.94743012,804.9586926552121,796.2655122612064,80.0,,,
00977,D:\SIH_Dataset\Part_I\01_Train_Val_Oil_Spill_images\Oil\00977.tif,D:\SIH_Dataset\Part_I\01_Train_Val_Oil_Spill_mask\Mask_oil\00977.tif,S1A_IW_GRDH_1SDV_20160715T171425_20160715T171450_012162_012DA2_4874_O,subset_199_of_S1A_IW_GRDH_1SDV_20160715T171425_20160715T171450_012162_012DA2_4874_Orb_NR_Cal_Spk_TC_dB,GRD,2016-07-15T17:14:45.147974,2016-07-15T17:14:47.562215,EPSG:4326,2048,2048,8.622919877124778,43.959884976571594,8.806894847312456,44.14385994675927,44.05187246166543,8.714907362218618,181881,4.336380958557129,28092614.640461467,1192.3960144270154,1083.4187050873923,80.0,,,
00978,D:\SIH_Dataset\Part_I\01_Train_Val_Oil_Spill_images\Oil\00978.tif,D:\SIH_Dataset\Part_I\01_Train_Val_Oil_Spill_mask\Mask_oil\00978.tif,S1A_IW_GRDH_1SDV_20180729T171154_20180729T171219_023012_027F72_2304_O,subset_200_of_S1A_IW_GRDH_1SDV_20180729T171154_20180729T171219_023012_027F72_2304_Orb_NR_Cal_Spk_TC_dB,GRD,2018-07-29T17:12:13.423312,2018-07-29T17:12:15.828418,EPSG:4326,2048,2048,11.246350622191644,34.158878347583496,11.430325592379322,34.34285331777117,34.250865832677334,11.338338107285484,109267,2.605128288269043,237736803.57978332,456.75251905881925,1144.2103883148618,80.0,,,
00980,D:\SIH_Dataset\Part_I\01_Train_Val_Oil_Spill_images\Oil\00980.tif,D:\SIH_Dataset\Part_I\01_Train_Val_Oil_Spill_mask\Mask_oil\00980.tif,S1A_IW_GRDH_1SDV_20180729T171154_20180729T171219_023012_027F72_2304_O,subset_202_of_S1A_IW_GRDH_1SDV_20180729T171154_20180729T171219_023012_027F72_2304_Orb_NR_Cal_Spk_TC_dB,GRD,2018-07-29T17:12:11.880613,2018-07-29T17:12:14.285719,EPSG:4326,2048,2048,11.233684376685558,34.276827144388385,11.417659346873236,34.46080211457606,34.36881462948222,11.325671861779398,109184,2.6031494140625,280067133.8100634,1769.53190943728,1285.9225435961314,80.0,,,
00982,D:\SIH_Dataset\Part_I\01_Train_Val_Oil_Spill_images\Oil\00982.tif,D:\SIH_Dataset\Part_I\01_Train_Val_Oil_Spill_mask\Mask_oil\00982.tif,S1A_IW_GRDH_1SDV_20190623T154126_20190623T154151_027809_0323A6_DF6C_O,subset_204_of_S1A_IW_GRDH_1SDV_20190623T154126_20190623T154151_027809_0323A6_DF6C_Orb_NR_Cal_Spk_TC_dB,GRD,2019-06-23T15:41:43.592346,2019-06-23T15:41:45.996000,EPSG:4326,2048,2048,34.09513476125639,34.187622547038266,34.279109731444066,34.37159751722594,34.279610032132105,34.18712224635023,71543,1.7057180404663086,31739156.763111845,997.3067595711669,1065.3050822582222,80.0,,,
00984,D:\SIH_Dataset\Part_I\01_Train_Val_Oil_Spill_images\Oil\00984.tif,D:\SIH_Dataset\Part_I\01_Train_Val_Oil_Spill_mask\Mask_oil\00984.tif,S1A_IW_GRDH_1SDV_20190623T154126_20190623T154151_027809_0323A6_DF6C_O,subset_206_of_S1A_IW_GRDH_1SDV_20190623T154126_20190623T154151_027809_0323A6_DF6C_Orb_NR_Cal_Spk_TC_dB,GRD,2019-06-23T15:41:45.831608,2019-06-23T15:41:48.235262,EPSG:4326,2048,2048,34.43011653070456,34.01631382235667,34.614091500892236,34.20028879254435,34.10830130745051,34.5221040157984,61506,1.4664173126220703,198735325.9230558,414.1573830195428,1148.2328715897636,80.0,,,
00988,D:\SIH_Dataset\Part_I\01_Train_Val_Oil_Spill_images\Oil\00988.tif,D:\SIH_Dataset\Part_I\01_Train_Val_Oil_Spill_mask\Mask_oil\00988.tif,S1A_IW_GRDH_1SDV_20181009T171427_20181009T171452_024062_02A131_E887_O,subset_210_of_S1A_IW_GRDH_1SDV_20181009T171427_20181009T171452_024062_02A131_E887_Orb_NR_Cal_Spk_TC_dB,GRD,2018-10-09T17:14:44.280312,2018-10-09T17:14:46.698164,EPSG:4326,2048,2048,8.949522319270914,43.33608194227455,9.133497289458592,43.52005691246222,43.428069427368385,9.041509804364754,204402,4.873323440551758,232558487.65621725,959.7341904678036,1074.9852741166917,80.0,,,
00990,D:\SIH_Dataset\Part_I\01_Train_Val_Oil_Spill_images\Oil\00990.tif,D:\SIH_Dataset\Part_I\01_Train_Val_Oil_Spill_mask\Mask_oil\00990.tif,S1A_IW_GRDH_1SDV_20181009T171427_20181009T171452_024062_02A131_E887_O,subset_212_of_S1A_IW_GRDH_1SDV_20181009T171427_20181009T171452_024062_02A131_E887_Orb_NR_Cal_Spk_TC_dB,GRD,2018-10-09T17:14:44.209442,2018-10-09T17:14:46.627294,EPSG:4326,2048,2048,8.96784795106695,43.34147183397926,9.15182292125463,43.52544680416694,43.4334593190731,9.059835436160789,228765,5.4541826248168945,264423777.8364304,948.8767097239526,913.5395646187135,80.0,,,
00992,D:\SIH_Dataset\Part_I\01_Train_Val_Oil_Spill_images\Oil\00992.tif,D:\SIH_Dataset\Part_I\01_Train_Val_Oil_Spill_mask\Mask_oil\00992.tif,S1A_IW_GRDH_1SDV_20181009T171427_20181009T171452_024062_02A131_E887_O,subset_214_of_S1A_IW_GRDH_1SDV_20181009T171427_20181009T171452_024062_02A131_E887_Orb_NR_Cal_Spk_TC_dB,GRD,2018-10-09T17:14:43.485386,2018-10-09T17:14:45.903237,EPSG:4326,2048,2048,8.872177373308222,43.39653856089579,9.056152343495901,43.58051353108347,43.48852604598963,8.96416485840206,132866,3.1677722930908203,58967045.523512185,1097.6367543239053,1647.7973446931494,80.0,,,
00993,D:\SIH_Dataset\Part_I\01_Train_Val_Oil_Spill_images\Oil\00993.tif,D:\SIH_Dataset\Part_I\01_Train_Val_Oil_Spill_mask\Mask_oil\00993.tif,S1A_IW_GRDH_1SDV_20181009T171427_20181009T171452_024062_02A131_E887_O,subset_215_of_S1A_IW_GRDH_1SDV_20181009T171427_20181009T171452_024062_02A131_E887_Orb_NR_Cal_Spk_TC_dB,GRD,2018-10-09T17:14:42.597148,2018-10-09T17:14:45.014999,EPSG:4326,2048,2048,8.976651440851322,43.464091870261576,9.160626411039,43.64806684044925,43.556079355355415,9.068638925945162,185298,4.417848587036133,524766127.5567748,1421.087140713877,861.9122116806442,80.0,,,
00997,D:\SIH_Dataset\Part_I\01_Train_Val_Oil_Spill_images\Oil\00997.tif,D:\SIH_Dataset\Part_I\01_Train_Val_Oil_Spill_mask\Mask_oil\00997.tif,S1A_IW_GRDH_1SDV_20181111T001627_20181111T001652_024533_02B121_F7A2_O,subset_219_of_S1A_IW_GRDH_1SDV_20181111T001627_20181111T001652_024533_02B121_F7A2_Orb_NR_Cal_Spk_TC_dB,GRD,2018-11-11T00:16:39.887301,2018-11-11T00:16:42.264346,EPSG:4326,2048,2048,-93.31328191555679,22.31924895804391,-93.12930694536911,22.503223928231588,22.41123644313775,-93.22129443046295,44997,1.0728120803833008,62301391.784810945,746.3750583372225,341.89375958397227,80.0,,,
00998,D:\SIH_Dataset\Part_I\01_Train_Val_Oil_Spill_images\Oil\00998.tif,D:\SIH_Dataset\Part_I\01_Train_Val_Oil_Spill_mask\Mask_oil\00998.tif,S1A_IW_GRDH_1SDV_20181111T001627_20181111T001652_024533_02B121_F7A2_O,subset_220_of_S1A_IW_GRDH_1SDV_20181111T001627_20181111T001652_024533_02B121_F7A2_Orb_NR_Cal_Spk_TC_dB,GRD,2018-11-11T00:16:39.616734,2018-11-11T00:16:41.993779,EPSG:4326,2048,2048,-93.42054076048065,22.340179704163894,-93.23656579029297,22.52415467435157,22.432167189257733,-93.32855327538681,102288,2.4387359619140625,145958399.06789273,927.0390954950727,961.9534549507274,80.0,,,
01001,D:\SIH_Dataset\Part_I\01_Train_Val_Oil_Spill_images\Oil\01001.tif,D:\SIH_Dataset\Part_I\01_Train_Val_Oil_Spill_mask\Mask_oil\01001.tif,S1A_IW_GRDH_1SDV_20181111T001627_20181111T001652_024533_02B121_F7A2_O,subset_223_of_S1A_IW_GRDH_1SDV_20181111T001627_20181111T001652_024533_02B121_F7A2_Orb_NR_Cal_Spk_TC_dB,GRD,2018-11-11T00:16:38.864254,2018-11-11T00:16:41.241299,EPSG:4326,2048,2048,-93.40086765575843,22.39839053457484,-93.21689268557076,22.582365504762517,22.49037801966868,-93.3088801706646,88637,2.1132707595825195,117518576.91213235,1518.9399404311969,977.2779595428545,80.0,,,
01007,D:\SIH_Dataset\Part_I\01_Train_Val_Oil_Spill_images\Oil\01007.tif,D:\SIH_Dataset\Part_I\01_Train_Val_Oil_Spill_mask\Mask_oil\01007.tif,S1A_IW_GRDH_1SDV_20181118T000947_20181118T001012_024635_02B4D5_3492_O,subset_229_of_S1A_IW_GRDH_1SDV_20181118T000947_20181118T001012_024635_02B4D5_3492_Orb_NR_Cal_Spk_TC_dB,GRD,2018-11-18T00:10:03.120517,2018-11-18T00:10:05.512987,EPSG:4326,2048,2048,-90.61403571244466,27.717294016609817,-90.43006074225698,27.901268986797493,27.809281501703655,-90.52204822735082,88495,2.1098852157592773,162935951.55356863,1148.195372619922,836.239974009831,80.0,,,
01017,D:\SIH_Dataset\Part_I\01_Train_Val_Oil_Spill_images\Oil\01017.tif,D:\SIH_Dataset\Part_I\01_Train_Val_Oil_Spill_mask\Mask_oil\01017.tif,S1A_IW_GRDH_1SDV_20180702T001802_20180702T001827_022608_02730A_4E5F_O,subset_239_of_S1A_IW_GRDH_1SDV_20180702T001802_20180702T001827_022608_02730A_4E5F_Orb_NR_Cal_Spk_TC_dB,GRD,2018-07-02T00:18:06.278106,2018-07-02T00:18:08.671946,EPSG:4326,2048,2048,-94.43173936879401,29.04638448761767,-94.24776439860634,29.230359457805346,29.138371972711507,-94.33975188370017,43883,1.0462522506713867,52545203.14873902,1521.659469498439,1473.4703074083359,80.0,,,
01020,D:\SIH_Dataset\Part_I\01_Train_Val_Oil_Spill_images\Oil\01020.tif,D:\SIH_Dataset\Part_I\01_Train_Val_Oil_Spill_mask\Mask_oil\01020.tif,S1A_IW_GRDH_1SDV_20180702T001802_20180702T001827_022608_02730A_4E5F_O,subset_242_of_S1A_IW_GRDH_1SDV_20180702T001802_20180702T001827_022608_02730A_4E5F_Orb_NR_Cal_Spk_TC_dB,GRD,2018-07-02T00:18:16.100218,2018-07-02T00:18:18.494058,EPSG:4326,2048,2048,-94.50423341222246,28.291889480485683,-94.32025844203478,28.47586445067336,28.38387696557952,-94.41224592712862,70299,1.6760587692260742,466636151.308412,1080.7881122064325,1032.7137725998948,80.0,,,
01022,D:\SIH_Dataset\Part_I\01_Train_Val_Oil_Spill_images\Oil\01022.tif,D:\SIH_Dataset\Part_I\01_Train_Val_Oil_Spill_mask\Mask_oil\01022.tif,S1A_IW_GRDH_1SDV_20180702T001802_20180702T001827_022608_02730A_4E5F_O,subset_244_of_S1A_IW_GRDH_1SDV_20180702T001802_20180702T001827_022608_02730A_4E5F_Orb_NR_Cal_Spk_TC_dB,GRD,2018-07-02T00:18:17.281350,2018-07-02T00:18:19.675190,EPSG:4326,2048,2048,-94.48213485623312,28.201159636789612,-94.29815988604544,28.38513460697729,28.29314712188345,-94.39014737113928,56157,1.3388872146606445,25542999.742873814,88.15669462400056,725.7252078992824,80.0,,,
01025,D:\SIH_Dataset\Part_I\01_Train_Val_Oil_Spill_images\Oil\01025.tif,D:\SIH_Dataset\Part_I\01_Train_Val_Oil_Spill_mask\Mask_oil\01025.tif,S1A_IW_GRDH_1SDV_20180724T042302_20180724T042327_022931_027CEC_08F4_O,subset_247_of_S1A_IW_GRDH_1SDV_20180724T042302_20180724T042327_022931_027CEC_08F4_Orb_NR_Cal_Spk_TC_dB,GRD,2018-07-24T04:23:19.148883,2018-07-24T04:23:21.562425,EPSG:4326,2048,2048,25.33048949317125,38.92907357734609,25.514464463358927,39.113048547533765,39.02106106243993,25.422476978265088,51325,1.2236833572387695,116542901.7629197,846.3426302971261,1030.475879201169,80.0,,,
01026,D:\SIH_Dataset\Part_I\01_Train_Val_Oil_Spill_images\Oil\01026.tif,D:\SIH_Dataset\Part_I\01_Train_Val_Oil_Spill_mask\Mask_oil\01026.tif,S1A_IW_GRDH_1SDV_20180724T042302_20180724T042327_022931_027CEC_08F4_O,subset_248_of_S1A_IW_GRDH_1SDV_20180724T042302_20180724T042327_022931_027CEC_08F4_Orb_NR_Cal_Spk_TC_dB,GRD,2018-07-24T04:23:18.294062,2018-07-24T04:23:20.707604,EPSG:4326,2048,2048,25.25736662904392,38.99420143544476,25.441341599231595,39.178176405632435,39.086188920538596,25.349354114137757,67169,1.6014337539672852,93585707.42976223,1264.877733775998,1320.9386249609195,80.0,,,
01029,D:\SIH_Dataset\Part_I\01_Train_Val_Oil_Spill_images\Oil\01029.tif,D:\SIH_Dataset\Part_I\01_Train_Val_Oil_Spill_mask\Mask_oil\01029.tif,S1A_IW_GRDH_1SDV_20180724T042302_20180724T042327_022931_027CEC_08F4_O,subset_251_of_S1A_IW_GRDH_1SDV_20180724T042302_20180724T042327_022931_027CEC_08F4_Orb_NR_Cal_Spk_TC_dB,GRD,2018-07-24T04:23:22.742667,2018-07-24T04:23:25.156208,EPSG:4326,2048,2048,25.31854189989246,38.65526707874646,25.502516870080136,38.83924204893414,38.7472545638403,25.410529384986297,82098,1.9573688507080078,82877466.29532309,1243.1437063022242,1149.6548636994812,80.0,,,
01030,D:\SIH_Dataset\Part_I\01_Train_Val_Oil_Spill_images\Oil\01030.tif,D:\SIH_Dataset\Part_I\01_Train_Val_Oil_Spill_mask\Mask_oil\01030.tif,S1A_IW_GRDH_1SDV_20180724T042302_20180724T042327_022931_027CEC_08F4_O,subset_252_of_S1A_IW_GRDH_1SDV_20180724T042302_20180724T042327_022931_027CEC_08F4_Orb_NR_Cal_Spk_TC_dB,GRD,2018-07-24T04:23:19.938855,2018-07-24T04:23:22.352397,EPSG:4326,2048,2048,25.192148939416843,38.86888645331008,25.37612390960452,39.05286142349776,38.96087393840392,25.28413642451068,43588,1.0392189025878906,54386330.60142563,1524.4048132513535,784.3156143892814,80.0,,,
01035,D:\SIH_Dataset\Part_I\01_Train_Val_Oil_Spill_images\Oil\01035.tif,D:\SIH_Dataset\Part_I\01_Train_Val_Oil_Spill_mask\Mask_oil\01035.tif,S1A_IW_GRDH_1SDV_20180719T002444_20180719T002509_022856_027A78_4DB1_O,subset_257_of_S1A_IW_GRDH_1SDV_20180719T002444_20180719T002509_022856_027A78_4DB1_Orb_NR_Cal_Spk_TC_dB,GRD,2018-07-19T00:25:01.529700,2018-07-19T00:25:03.907769,EPSG:4326,2048,2048,-93.88578954519312,22.450855393491473,-93.70181457500544,22.63483036367915,22.54284287858531,-93.79380206009928,96577,2.30257511138916,216767357.3491753,1330.7679209335556,1321.321758803856,80.0,,,
01036,D:\SIH_Dataset\Part_I\01_Train_Val_Oil_Spill_images\Oil\01036.tif,D:\SIH_Dataset\Part_I\01_Train_Val_Oil_Spill_mask\Mask_oil\01036.tif,S1A_IW_GRDH_1SDV_20180719T002444_20180719T002509_022856_027A78_4DB1_O,subset_258_of_S1A_IW_GRDH_1SDV_20180719T002444_20180719T002509_022856_027A78_4DB1_Orb_NR_Cal_Spk_TC_dB,GRD,2018-07-19T00:25:02.456764,2018-07-19T00:25:04.834832,EPSG:4326,2048,2048,-93.67881770373198,22.379169833818736,-93.4948427335443,22.563144804006413,22.471157318912574,-93.58683021863814,191705,4.570603370666504,584680751.9703176,1163.4137216035053,1218.4685558540466,80.0,,,
01037,D:\SIH_Dataset\Part_I\01_Train_Val_Oil_Spill_images\Oil\01037.tif,D:\SIH_Dataset\Part_I\01_Train_Val_Oil_Spill_mask\Mask_oil\01037.tif,S1A_IW_GRDH_1SDV_20180719T002444_20180719T002509_022856_027A78_4DB1_O,subset_259_of_S1A_IW_GRDH_1SDV_20180719T002444_20180719T002509_022856_027A78_4DB1_Orb_NR_Cal_Spk_TC_dB,GRD,2018-07-19T00:25:02.943530,2018-07-19T00:25:05.321599,EPSG:4326,2048,2048,-93.59356758326905,22.341530423414127,-93.40959261308137,22.525505393601804,22.433517908507966,-93.50158009817521,140113,3.3405542373657227,45499594.73726678,998.1260018699193,1037.81846438232,80.0,,,
01041,D:\SIH_Dataset\Part_I\01_Train_Val_Oil_Spill_images\Oil\01041.tif,D:\SIH_Dataset\Part_I\01_Train_Val_Oil_Spill_mask\Mask_oil\01041.tif,S1A_IW_GRDH_1SDV_20190729T154128_20190729T154153_028334_033394_8B82_O,subset_263_of_S1A_IW_GRDH_1SDV_20190729T154128_20190729T154153_028334_033394_8B82_Orb_NR_Cal_Spk_TC_dB,GRD,2019-07-29T15:41:33.976519,2019-07-29T15:41:36.380247,EPSG:4326,2048,2048,35.16166519351055,35.09555946152757,35.34564016369823,35.27953443171525,35.18754694662141,35.25365267860439,55925,1.3333559036254883,168596499.90319407,1508.4164953062136,1690.637773804202,80.0,,,
01042,D:\SIH_Dataset\Part_I\01_Train_Val_Oil_Spill_images\Oil\01042.tif,D:\SIH_Dataset\Part_I\01_Train_Val_Oil_Spill_mask\Mask_oil\01042.tif,S1A_IW_GRDH_1SDV_20190729T154128_20190729T154153_028334_033394_8B82_O,subset_264_of_S1A_IW_GRDH_1SDV_20190729T154128_20190729T154153_028334_033394_8B82_Orb_NR_Cal_Spk_TC_dB,GRD,2019-07-29T15:41:33.576093,2019-07-29T15:41:35.979822,EPSG:4326,2048,2048,35.196789321119624,35.12619201271605,35.3807642913073,35.31016698290372,35.218179497809885,35.28877680621346,55925,1.3333559036254883,302831875.56941795,1849.4164953062136,1299.637773804202,80.0,,,
01044,D:\SIH_Dataset\Part_I\01_Train_Val_Oil_Spill_images\Oil\01044.tif,D:\SIH_Dataset\Part_I\01_Train_Val_Oil_Spill_mask\Mask_oil\01044.tif,S1A_IW_GRDH_1SDV_20191022T034356_20191022T034421_029566_035D93_FD78_O,subset_266_of_S1A_IW_GRDH_1SDV_20191022T034356_20191022T034421_029566_035D93_FD78_Orb_NR_Cal_Spk_TC_dB,GRD,2019-10-22T03:44:09.830675,2019-10-22T03:44:12.228950,EPSG:4326,2048,2048,33.52127668662441,32.3887594716648,33.70525165681209,32.572734441852475,32.48074695675864,33.61326417171825,63625,1.5169382095336914,53879878.4292034,1309.966703339882,901.1448880157171,80.0,,,
01062,D:\SIH_Dataset\Part_I\01_Train_Val_Oil_Spill_images\Oil\01062.tif,D:\SIH_Dataset\Part_I\01_Train_Val_Oil_Spill_mask\Mask_oil\01062.tif,S1A_IW_GRDH_1SDV_20190816T000100_20190816T000125_028587_033BC6_3ADE_O,subset_284_of_S1A_IW_GRDH_1SDV_20190816T000100_20190816T000125_028587_033BC6_3ADE_Orb_NR_Cal_Spk_TC_dB,GRD,2019-08-16T00:01:17.301205,2019-08-16T00:01:19.687072,EPSG:4326,2048,2048,-90.20661355856036,25.356959381448466,-90.02263858837269,25.540934351636142,25.448946866542304,-90.11462607346652,63175,1.506209373474121,24331479.909819596,753.5776889592402,1242.0864186782746,80.0,,,
01063,D:\SIH_Dataset\Part_I\01_Train_Val_Oil_Spill_images\Oil\01063.tif,D:\SIH_Dataset\Part_I\01_Train_Val_Oil_Spill_mask\Mask_oil\01063.tif,S1A_IW_GRDH_1SDV_20190816T000100_20190816T000125_028587_033BC6_3ADE_O,subset_285_of_S1A_IW_GRDH_1SDV_20190816T000100_20190816T000125_028587_033BC6_3ADE_Orb_NR_Cal_Spk_TC_dB,GRD,2019-08-16T00:01:18.233639,2019-08-16T00:01:20.619506,EPSG:4326,2048,2048,-90.08013076655634,25.285094158718902,-89.89615579636866,25.46906912890658,25.37708164381274,-89.9881432814625,93962,2.2402286529541016,43043682.277935356,1156.151646410251,1214.9241821161747,80.0,,,
01067,D:\SIH_Dataset\Part_I\01_Train_Val_Oil_Spill_images\Oil\01067.tif,D:\SIH_Dataset\Part_I\01_Train_Val_Oil_Spill_mask\Mask_oil\01067.tif,S1A_IW_GRDH_1SDV_20190604T154953_20190604T155018_027532_031B5A_8B9B_O,subset_289_of_S1A_IW_GRDH_1SDV_20190604T154953_20190604T155018_027532_031B5A_8B9B_Orb_NR_Cal_Spk_TC_dB,GRD,2019-06-04T15:50:01.417901,2019-06-04T15:50:03.823882,EPSG:4326,2048,2048,31.827815597937576,35.7982901429688,32.01179056812526,35.98226511315648,35.89027762806264,31.919803083031418,81832,1.9510269165039062,613025209.0625585,1045.2360323589794,971.5863354189071,80.0,,,
01073,D:\SIH_Dataset\Part_I\01_Train_Val_Oil_Spill_images\Oil\01073.tif,D:\SIH_Dataset\Part_I\01_Train_Val_Oil_Spill_mask\Mask_oil\01073.tif,S1A_IW_GRDH_1SDV_20190604T154953_20190604T155018_027532_031B5A_8B9B_O,subset_295_of_S1A_IW_GRDH_1SDV_20190604T154953_20190604T155018_027532_031B5A_8B9B_Orb_NR_Cal_Spk_TC_dB,GRD,2019-06-04T15:50:02.917672,2019-06-04T15:50:05.323653,EPSG:4326,2048,2048,32.65588262683895,35.683665112715154,32.83985759702663,35.86764008290283,35.77565259780899,32.74787011193279,65516,1.5620231628417969,572403397.1169872,1840.292203431223,1030.0612980035412,80.0,,,
01083,D:\SIH_Dataset\Part_I\01_Train_Val_Oil_Spill_images\Oil\01083.tif,D:\SIH_Dataset\Part_I\01_Train_Val_Oil_Spill_mask\Mask_oil\01083.tif,S1A_IW_GRDH_1SDV_20190710T154905_20190710T154930_028057_032B2E_E9D6_O,subset_305_of_S1A_IW_GRDH_1SDV_20190710T154905_20190710T154930_028057_032B2E_E9D6_Orb_NR_Cal_Spk_TC_dB,GRD,2019-07-10T15:49:16.056789,2019-07-10T15:49:18.456034,EPSG:4326,2048,2048,32.67357797356096,32.591845895130916,32.85755294374864,32.77582086531859,32.683833380224755,32.7655654586548,134012,3.1950950622558594,85076276.46898466,1620.5364668835628,545.9952168462526,80.0,,,
01085,D:\SIH_Dataset\Part_I\01_Train_Val_Oil_Spill_images\Oil\01085.tif,D:\SIH_Dataset\Part_I\01_Train_Val_Oil_Spill_mask\Mask_oil\01085.tif,S1A_IW_GRDH_1SDV_20181006T001537_20181006T001602_024008_029F7D_50DC_O,subset_307_of_S1A_IW_GRDH_1SDV_20181006T001537_20181006T001602_024008_029F7D_50DC_Orb_NR_Cal_Spk_TC_dB,GRD,2018-10-06T00:15:49.927748,2018-10-06T00:15:52.295972,EPSG:4326,2048,2048,-92.13444945940292,19.299945722240043,-91.95047448921524,19.48392069242772,19.39193320733388,-92.04246197430908,53652,1.2791633605957031,320029522.8529039,1137.9588458957728,845.023987922165,80.0,,,
01093,D:\SIH_Dataset\Part_I\01_Train_Val_Oil_Spill_images\Oil\01093.tif,D:\SIH_Dataset\Part_I\01_Train_Val_Oil_Spill_mask\Mask_oil\01093.tif,S1A_IW_GRDH_1SDV_20181006T001537_20181006T001602_024008_029F7D_50DC_O,subset_315_of_S1A_IW_GRDH_1SDV_20181006T001537_20181006T001602_024008_029F7D_50DC_Orb_NR_Cal_Spk_TC_dB,GRD,2018-10-06T00:15:50.899565,2018-10-06T00:15:53.267789,EPSG:4326,2048,2048,-92.07057924270202,19.224487238374003,-91.88660427251435,19.40846220856168,19.31647472346784,-91.97859175760819,48257,1.1505365371704102,104784215.80045712,338.2276042853886,412.60421286031044,80.0,,,
01095,D:\SIH_Dataset\Part_I\01_Train_Val_Oil_Spill_images\Oil\01095.tif,D:\SIH_Dataset\Part_I\01_Train_Val_Oil_Spill_mask\Mask_oil\01095.tif,S1A_IW_GRDH_1SDV_20180831T001536_20180831T001601_023483_028E75_4C10_O,subset_317_of_S1A_IW_GRDH_1SDV_20180831T001536_20180831T001601_023483_028E75_4C10_Orb_NR_Cal_Spk_TC_dB,GRD,2018-08-31T00:15:49.925763,2018-08-31T00:15:52.294017,EPSG:4326,2048,2048,-92.07036183864201,19.231796203320595,-91.88638686845434,19.415771173508272,19.323783688414434,-91.97837435354818,50413,1.201939582824707,314762718.1972634,329.7336897228889,258.43942038759843,80.0,,,
01098,D:\SIH_Dataset\Part_I\01_Train_Val_Oil_Spill_images\Oil\01098.tif,D:\SIH_Dataset\Part_I\01_Train_Val_Oil_Spill_mask\Mask_oil\01098.tif,S1A_IW_GRDH_1SDV_20180831T001536_20180831T001601_023483_028E75_4C10_O,subset_320_of_S1A_IW_GRDH_1SDV_20180831T001536_20180831T001601_023483_028E75_4C10_Orb_NR_Cal_Spk_TC_dB,GRD,2018-08-31T00:15:48.153332,2018-08-31T00:15:50.521586,EPSG:4326,2048,2048,-92.2160685777262,19.369418104847707,-92.03209360753853,19.553393075035384,19.461405589941545,-92.12408109263237,83506,1.9909381866455078,263435268.63241965,1677.6478336885973,1615.507041410198,80.0,,,
01103,D:\SIH_Dataset\Part_I\01_Train_Val_Oil_Spill_images\Oil\01103.tif,D:\SIH_Dataset\Part_I\01_Train_Val_Oil_Spill_mask\Mask_oil\01103.tif,S1A_IW_GRDH_1SDV_20180831T001536_20180831T001601_023483_028E75_4C10_O,subset_325_of_S1A_IW_GRDH_1SDV_20180831T001536_20180831T001601_023483_028E75_4C10_Orb_NR_Cal_Spk_TC_dB,GRD,2018-08-31T00:15:49.962785,2018-08-31T00:15:52.331039,EPSG:4326,2048,2048,-92.2069955933566,19.228921594411414,-92.02302062316892,19.41289656459909,19.320909079505252,-92.11500810826276,89989,2.145504951477051,219249424.2055082,417.51065685806043,1463.539104779473,80.0,,,
01113,D:\SIH_Dataset\Part_I\01_Train_Val_Oil_Spill_images\Oil\01113.tif,D:\SIH_Dataset\Part_I\01_Train_Val_Oil_Spill_mask\Mask_oil\01113.tif,S1A_IW_GRDH_1SDV_20180912T001536_20180912T001601_023658_029410_FDB1_O,subset_335_of_S1A_IW_GRDH_1SDV_20180912T001536_20180912T001601_023658_029410_FDB1_Orb_NR_Cal_Spk_TC_dB,GRD,2018-09-12T00:15:50.469178,2018-09-12T00:15:52.837403,EPSG:4326,2048,2048,-92.07818013414929,19.22005134820631,-91.89420516396162,19.40402631839399,19.31203883330015,-91.98619264905545,81482,1.9426822662353516,146419165.8581856,294.12896099752095,298.07485088731255,80.0,,,
01115,D:\SIH_Dataset\Part_I\01_Train_Val_Oil_Spill_images\Oil\01115.tif,D:\SIH_Dataset\Part_I\01_Train_Val_Oil_Spill_mask\Mask_oil\01115.tif,S1A_IW_GRDH_1SDV_20180819T001535_20180819T001600_023308_0288E8_81AC_O,subset_337_of_S1A_IW_GRDH_1SDV_20180819T001535_20180819T001600_023308_0288E8_81AC_Orb_NR_Cal_Spk_TC_dB,GRD,2018-08-19T00:15:48.663605,2018-08-19T00:15:51.031829,EPSG:4326,2048,2048,-92.13645050889322,19.271056581369603,-91.95247553870554,19.45503155155728,19.36304406646344,-92.04446302379938,54747,1.3052701950073242,273049361.427051,690.2851023800391,906.7608179443622,80.0,,,
01116,D:\SIH_Dataset\Part_I\01_Train_Val_Oil_Spill_images\Oil\01116.tif,D:\SIH_Dataset\Part_I\01_Train_Val_Oil_Spill_mask\Mask_oil\01116.tif,S1A_IW_GRDH_1SDV_20180819T001535_20180819T001600_023308_0288E8_81AC_O,subset_338_of_S1A_IW_GRDH_1SDV_20180819T001535_20180819T001600_023308_0288E8_81AC_Orb_NR_Cal_Spk_TC_dB,GRD,2018-08-19T00:15:47.485857,2018-08-19T00:15:49.854080,EPSG:4326,2048,2048,-92.200949546293,19.36250507729297,-92.01697457610533,19.546480047480646,19.454492562386807,-92.10896206119916,56021,1.3356447219848633,305964268.0521763,1692.339542314489,1601.2738526623943,80.0,,,
01120,D:\SIH_Dataset\Part_I\01_Train_Val_Oil_Spill_images\Oil\01120.tif,D:\SIH_Dataset\Part_I\01_Train_Val_Oil_Spill_mask\Mask_oil\01120.tif,S1A_IW_GRDH_1SDV_20181229T001535_20181229T001600_025233_02CA25_DAF3_O,subset_342_of_S1A_IW_GRDH_1SDV_20181229T001535_20181229T001600_025233_02CA25_DAF3_Orb_NR_Cal_Spk_TC_dB,GRD,2018-12-29T00:15:48.771622,2018-12-29T00:15:51.139763,EPSG:4326,2048,2048,-92.1032191326224,19.27098200817909,-91.91924416243472,19.454956978366766,19.362969493272928,-92.01123164752856,175434,4.182672500610352,126597843.8018575,632.6638450927414,507.0451109819077,80.0,,,
01121,D:\SIH_Dataset\Part_I\01_Train_Val_Oil_Spill_images\Oil\01121.tif,D:\SIH_Dataset\Part_I\01_Train_Val_Oil_Spill_mask\Mask_oil\01121.tif,S1A_IW_GRDH_1SDV_20181229T001535_20181229T001600_025233_02CA25_DAF3_O,subset_343_of_S1A_IW_GRDH_1SDV_20181229T001535_20181229T001600_025233_02CA25_DAF3_Orb_NR_Cal_Spk_TC_dB,GRD,2018-12-29T00:15:48.496283,2018-12-29T00:15:50.864425,EPSG:4326,2048,2048,-92.18496582347727,19.292361911941136,-92.0009908532896,19.476336882128813,19.384349397034974,-92.09297833838343,223870,5.33747673034668,263797412.18888387,682.9419975878858,1143.8905302184303,80.0,,,
01122,D:\SIH_Dataset\Part_I\01_Train_Val_Oil_Spill_images\Oil\01122.tif,D:\SIH_Dataset\Part_I\01_Train_Val_Oil_Spill_mask\Mask_oil\01122.tif,S1A_IW_GRDH_1SDV_20181229T001535_20181229T001600_025233_02CA25_DAF3_O,subset_344_of_S1A_IW_GRDH_1SDV_20181229T001535_20181229T001600_025233_02CA25_DAF3_Orb_NR_Cal_Spk_TC_dB,GRD,2018-12-29T00:15:47.635562,2018-12-29T00:15:50.003703,EPSG:4326,2048,2048,-92.23221720742195,19.35919656907963,-92.04824223723428,19.543171539267306,19.451184054173467,-92.14022972232812,249881,5.957627296447754,263743612.6066394,1137.7111885257382,1407.327417850897,80.0,,,
01123,D:\SIH_Dataset\Part_I\01_Train_Val_Oil_Spill_images\Oil\01123.tif,D:\SIH_Dataset\Part_I\01_Train_Val_Oil_Spill_mask\Mask_oil\01123.tif,S1A_IW_GRDH_1SDV_20181229T001535_20181229T001600_025233_02CA25_DAF3_O,subset_345_of_S1A_IW_GRDH_1SDV_20181229T001535_20181229T001600_025233_02CA25_DAF3_Orb_NR_Cal_Spk_TC_dB,GRD,2018-12-29T00:15:46.223006,2018-12-29T00:15:48.591148,EPSG:4326,2048,2048,-92.3219589043055,19.46888086527062,-92.13798393411783,19.652855835458297,19.56086835036446,-92.22997141921167,123287,2.9393911361694336,21310998.14155147,1302.9739591359998,1208.7372350693909,80.0,,,
01125,D:\SIH_Dataset\Part_I\01_Train_Val_Oil_Spill_images\Oil\01125.tif,D:\SIH_Dataset\Part_I\01_Train_Val_Oil_Spill_mask\Mask_oil\01125.tif,S1A_IW_GRDH_1SDV_20181229T001535_20181229T001600_025233_02CA25_DAF3_O,subset_347_of_S1A_IW_GRDH_1SDV_20181229T001535_20181229T001600_025233_02CA25_DAF3_Orb_NR_Cal_Spk_TC_dB,GRD,2018-12-29T00:15:47.452774,2018-12-29T00:15:49.820915,EPSG:4326,2048,2048,-92.35115415103938,19.373389950568715,-92.1671791808517,19.55736492075639,19.465377435662553,-92.25916666594554,76643,1.8273115158081055,73870991.7416071,770.1862596714637,1023.5580614015631,80.0,,,
01126,D:\SIH_Dataset\Part_I\01_Train_Val_Oil_Spill_images\Oil\01126.tif,D:\SIH_Dataset\Part_I\01_Train_Val_Oil_Spill_mask\Mask_oil\01126.tif,S1A_IW_GRDH_1SDV_20181229T001535_20181229T001600_025233_02CA25_DAF3_O,subset_348_of_S1A_IW_GRDH_1SDV_20181229T001535_20181229T001600_025233_02CA25_DAF3_Orb_NR_Cal_Spk_TC_dB,GRD,2018-12-29T00:15:47.836859,2018-12-29T00:15:50.205001,EPSG:4326,2048,2048,-92.36759332073876,19.34356588313595,-92.18361835055109,19.527540853323625,19.435553368229787,-92.27560583564492,66001,1.5735864639282227,21953361.167231437,769.0191891031955,785.1286116877017,80.0,,,
01130,D:\SIH_Dataset\Part_I\01_Train_Val_Oil_Spill_images\Oil\01130.tif,D:\SIH_Dataset\Part_I\01_Train_Val_Oil_Spill_mask\Mask_oil\01130.tif,S1A_IW_GRDH_1SDV_20181229T001535_20181229T001600_025233_02CA25_DAF3_O,subset_352_of_S1A_IW_GRDH_1SDV_20181229T001535_20181229T001600_025233_02CA25_DAF3_Orb_NR_Cal_Spk_TC_dB,GRD,2018-12-29T00:15:46.395382,2018-12-29T00:15:48.763523,EPSG:4326,2048,2048,-92.07878495689434,19.45549596753724,-91.89480998670666,19.639470937724916,19.547483452631077,-91.9867974718005,84174,2.006864547729492,10700570.971527359,1562.8529118255044,902.5644854705729,80.0,,,
01137,D:\SIH_Dataset\Part_I\01_Train_Val_Oil_Spill_images\Oil\01137.tif,D:\SIH_Dataset\Part_I\01_Train_Val_Oil_Spill_mask\Mask_oil\01137.tif,S1A_IW_GRDH_1SDV_20181111T001537_20181111T001602_024533_02B121_8A1D_O,subset_359_of_S1A_IW_GRDH_1SDV_20181111T001537_20181111T001602_024533_02B121_8A1D_Orb_NR_Cal_Spk_TC_dB,GRD,2018-11-11T00:15:49.269358,2018-11-11T00:15:51.637602,EPSG:4326,2048,2048,-92.10866800277515,19.34982929591342,-91.92469303258747,19.533804266101097,19.441816781007258,-92.01668051768131,200377,4.777359962463379,705714457.5879472,1554.045561616353,543.7479126845896,80.0,,,
01142,D:\SIH_Dataset\Part_I\01_Train_Val_Oil_Spill_images\Oil\01142.tif,D:\SIH_Dataset\Part_I\01_Train_Val_Oil_Spill_mask\Mask_oil\01142.tif,S1A_IW_GRDH_1SDV_20181111T001537_20181111T001602_024533_02B121_8A1D_O,subset_364_of_S1A_IW_GRDH_1SDV_20181111T001537_20181111T001602_024533_02B121_8A1D_Orb_NR_Cal_Spk_TC_dB,GRD,2018-11-11T00:15:49.807333,2018-11-11T00:15:52.175577,EPSG:4326,2048,2048,-92.2044284120623,19.30805763520186,-92.02045344187462,19.492032605389536,19.400045120295697,-92.11244092696846,298372,7.113742828369141,1077233741.690458,1329.5936951188448,1099.2838503612938,80.0,,,
01144,D:\SIH_Dataset\Part_I\01_Train_Val_Oil_Spill_images\Oil\01144.tif,D:\SIH_Dataset\Part_I\01_Train_Val_Oil_Spill_mask\Mask_oil\01144.tif,S1A_IW_GRDH_1SDV_20181111T001537_20181111T001602_024533_02B121_8A1D_O,subset_366_of_S1A_IW_GRDH_1SDV_20181111T001537_20181111T001602_024533_02B121_8A1D_Orb_NR_Cal_Spk_TC_dB,GRD,2018-11-11T00:15:50.267792,2018-11-11T00:15:52.636037,EPSG:4326,2048,2048,-92.25203912212062,19.272304686893904,-92.06806415193294,19.45627965708158,19.364292171987742,-92.16005163702678,295364,7.042026519775391,890307600.090771,1114.3578296610285,1141.7078689346026,80.0,,,
01150,D:\SIH_Dataset\Part_I\01_Train_Val_Oil_Spill_images\Oil\01150.tif,D:\SIH_Dataset\Part_I\01_Train_Val_Oil_Spill_mask\Mask_oil\01150.tif,S1A_IW_GRDH_1SDV_20181111T001537_20181111T001602_024533_02B121_8A1D_O,subset_372_of_S1A_IW_GRDH_1SDV_20181111T001537_20181111T001602_024533_02B121_8A1D_Orb_NR_Cal_Spk_TC_dB,GRD,2018-11-11T00:15:52.114259,2018-11-11T00:15:54.482504,EPSG:4326,2048,2048,-92.28904971182635,19.12893356754843,-92.10507474163867,19.312908537736106,19.220921052642268,-92.19706222673251,72554,1.7298221588134766,88208349.3039101,363.4318714336908,532.9882570223558,80.0,,,
01151,D:\SIH_Dataset\Part_I\01_Train_Val_Oil_Spill_images\Oil\01151.tif,D:\SIH_Dataset\Part_I\01_Train_Val_Oil_Spill_mask\Mask_oil\01151.tif,S1A_IW_GRDH_1SDV_20181111T001537_20181111T001602_024533_02B121_8A1D_O,subset_373_of_S1A_IW_GRDH_1SDV_20181111T001537_20181111T001602_024533_02B121_8A1D_Orb_NR_Cal_Spk_TC_dB,GRD,2018-11-11T00:15:52.153595,2018-11-11T00:15:54.521839,EPSG:4326,2048,2048,-92.28860055418428,19.125879295582422,-92.10462558399661,19.3098542657701,19.21786678067626,-92.19661306909045,70573,1.682591438293457,161449840.62078094,338.14834993552773,542.055864140677,80.0,,,
01157,D:\SIH_Dataset\Part_I\01_Train_Val_Oil_Spill_images\Oil\01157.tif,D:\SIH_Dataset\Part_I\01_Train_Val_Oil_Spill_mask\Mask_oil\01157.tif,S1A_IW_GRDH_1SDV_20181123T001536_20181123T001601_024708_02B792_4673_O,subset_379_of_S1A_IW_GRDH_1SDV_20181123T001536_20181123T001601_024708_02B792_4673_Orb_NR_Cal_Spk_TC_dB,GRD,2018-11-23T00:15:49.598812,2018-11-23T00:15:51.967087,EPSG:4326,2048,2048,-92.43826302113425,19.301425174987966,-92.25428805094657,19.485400145175642,19.393412660081804,-92.34627553604041,53332,1.2715339660644531,440756184.0431638,495.8473899347484,1402.2252681317034,80.0,,,
01160,D:\SIH_Dataset\Part_I\01_Train_Val_Oil_Spill_images\Oil\01160.tif,D:\SIH_Dataset\Part_I\01_Train_Val_Oil_Spill_mask\Mask_oil\01160.tif,S1A_IW_GRDH_1SDV_20181123T001536_20181123T001601_024708_02B792_4673_O,subset_382_of_S1A_IW_GRDH_1SDV_20181123T001536_20181123T001601_024708_02B792_4673_Orb_NR_Cal_Spk_TC_dB,GRD,2018-11-23T00:15:50.837904,2018-11-23T00:15:53.206179,EPSG:4326,2048,2048,-92.45730730515757,19.205215608058765,-92.2733323349699,19.389190578246442,19.297203093152604,-92.36531982006373,85396,2.035999298095703,17066091.781439524,1112.6562016956298,699.1101105438194,80.0,,,
01162,D:\SIH_Dataset\Part_I\01_Train_Val_Oil_Spill_images\Oil\01162.tif,D:\SIH_Dataset\Part_I\01_Train_Val_Oil_Spill_mask\Mask_oil\01162.tif,S1B_IW_GRDH_1SDV_20170819T062633_20170819T062658_007005_00C576_3AC7_O,subset_384_of_S1B_IW_GRDH_1SDV_20170819T062633_20170819T062658_007005_00C576_3AC7_Orb_NR_Cal_Spk_TC_dB,GRD,2017-08-19T06:26:46.097616,2017-08-19T06:26:48.495967,EPSG:4326,2048,2048,-7.3718685514433995,36.093305262556484,-7.187893581255722,36.27728023274416,36.18529274765032,-7.27988106634956,190499,4.5418500900268555,569714855.6364808,861.239410705568,1234.339988661358,80.0,,,
01164,D:\SIH_Dataset\Part_I\01_Train_Val_Oil_Spill_images\Oil\01164.tif,D:\SIH_Dataset\Part_I\01_Train_Val_Oil_Spill_mask\Mask_oil\01164.tif,S1B_IW_GRDH_1SDV_20170819T062633_20170819T062658_007005_00C576_3AC7_O,subset_386_of_S1B_IW_GRDH_1SDV_20170819T062633_20170819T062658_007005_00C576_3AC7_Orb_NR_Cal_Spk_TC_dB,GRD,2017-08-19T06:26:46.080042,2017-08-19T06:26:48.478393,EPSG:4326,2048,2048,-7.186815602914778,36.09465273548266,-7.0028406327271,36.27862770567034,36.1866402205765,-7.0948281178209385,106315,2.5347471237182617,192346387.62820762,997.4251469689132,622.7343977801816,80.0,,,
01165,D:\SIH_Dataset\Part_I\01_Train_Val_Oil_Spill_images\Oil\01165.tif,D:\SIH_Dataset\Part_I\01_Train_Val_Oil_Spill_mask\Mask_oil\01165.tif,S1B_IW_GRDH_1SDV_20170819T062633_20170819T062658_007005_00C576_3AC7_O,subset_387_of_S1B_IW_GRDH_1SDV_20170819T062633_20170819T062658_007005_00C576_3AC7_Orb_NR_Cal_Spk_TC_dB,GRD,2017-08-19T06:26:45.247004,2017-08-19T06:26:47.645355,EPSG:4326,2048,2048,-7.352015783664358,36.15852295218356,-7.16804081347668,36.34249792237124,36.2505104372774,-7.26002829857052,204039,4.864668846130371,641692466.151412,1596.8277412651503,1258.4559446968472,80.0,,,
01166,D:\SIH_Dataset\Part_I\01_Train_Val_Oil_Spill_images\Oil\01166.tif,D:\SIH_Dataset\Part_I\01_Train_Val_Oil_Spill_mask\Mask_oil\01166.tif,S1B_IW_GRDH_1SDV_20170819T062633_20170819T062658_007005_00C576_3AC7_O,subset_388_of_S1B_IW_GRDH_1SDV_20170819T062633_20170819T062658_007005_00C576_3AC7_Orb_NR_Cal_Spk_TC_dB,GRD,2017-08-19T06:26:45.288012,2017-08-19T06:26:47.686363,EPSG:4326,2048,2048,-7.4859545925265785,36.15537884868914,-7.301979622338901,36.339353818876816,36.24736633378298,-7.39396710743274,264348,6.302547454833984,410935668.84439063,1084.363471635874,1072.976031594716,80.0,,,
01170,D:\SIH_Dataset\Part_I\01_Train_Val_Oil_Spill_images\Oil\01170.tif,D:\SIH_Dataset\Part_I\01_Train_Val_Oil_Spill_mask\Mask_oil\01170.tif,S1B_IW_GRDH_1SDV_20170819T062633_20170819T062658_007005_00C576_3AC7_O,subset_392_of_S1B_IW_GRDH_1SDV_20170819T062633_20170819T062658_007005_00C576_3AC7_Orb_NR_Cal_Spk_TC_dB,GRD,2017-08-19T06:26:41.514153,2017-08-19T06:26:43.912504,EPSG:4326,2048,2048,-7.064285398160875,36.444726201704036,-6.880310427973197,36.62870117189171,36.536713686797874,-6.972297913067036,112574,2.6839733123779297,150486346.68417725,1634.1401389308367,414.2075701316467,80.0,,,
01173,D:\SIH_Dataset\Part_I\01_Train_Val_Oil_Spill_images\Oil\01173.tif,D:\SIH_Dataset\Part_I\01_Train_Val_Oil_Spill_mask\Mask_oil\01173.tif,S1A_IW_GRDH_1SDV_20191015T000152_20191015T000217_029462_035A0E_6CA9_O,subset_395_of_S1A_IW_GRDH_1SDV_20191015T000152_20191015T000217_029462_035A0E_6CA9_Orb_NR_Cal_Spk_TC_dB,GRD,2019-10-15T00:02:03.448632,2019-10-15T00:02:05.842546,EPSG:4326,2048,2048,-89.09585240002542,28.81549551023513,-88.91187742983774,28.999470480422808,28.90748299532897,-89.00386491493158,287387,6.851840019226074,7504536.147042656,1242.2945975287678,650.5721883731693,80.0,,,
01175,D:\SIH_Dataset\Part_I\01_Train_Val_Oil_Spill_images\Oil\01175.tif,D:\SIH_Dataset\Part_I\01_Train_Val_Oil_Spill_mask\Mask_oil\01175.tif,S1A_IW_GRDH_1SDV_20191015T000152_20191015T000217_029462_035A0E_6CA9_O,subset_397_of_S1A_IW_GRDH_1SDV_20191015T000152_20191015T000217_029462_035A0E_6CA9_Orb_NR_Cal_Spk_TC_dB,GRD,2019-10-15T00:02:13.642943,2019-10-15T00:02:16.036858,EPSG:4326,2048,2048,-90.45239831057431,28.032434077068142,-90.26842334038663,28.21640904725582,28.12442156216198,-90.36041082548047,65758,1.5677928924560547,1563682.6201361718,1408.7148483834667,1394.9254387298884,80.0,,,
01176,D:\SIH_Dataset\Part_I\01_Train_Val_Oil_Spill_images\Oil\01176.tif,D:\SIH_Dataset\Part_I\01_Train_Val_Oil_Spill_mask\Mask_oil\01176.tif,S1A_IW_GRDH_1SDV_20180716T000142_20180716T000207_022812_027929_4B86_O,subset_398_of_S1A_IW_GRDH_1SDV_20180716T000142_20180716T000207_022812_027929_4B86_Orb_NR_Cal_Spk_TC_dB,GRD,2018-07-16T00:01:52.978760,2018-07-16T00:01:55.372724,EPSG:4326,2048,2048,-88.9998759770722,28.847850389407864,-88.81590100688452,29.03182535959554,28.939837874501702,-88.90788849197835,341473,8.141350746154785,126289584.79784697,982.3158624547183,678.0965537538839,80.0,,,
01177,D:\SIH_Dataset\Part_I\01_Train_Val_Oil_Spill_images\Oil\01177.tif,D:\SIH_Dataset\Part_I\01_Train_Val_Oil_Spill_mask\Mask_oil\01177.tif,S1A_IW_GRDH_1SDV_20180716T000142_20180716T000207_022812_027929_4B86_O,subset_399_of_S1A_IW_GRDH_1SDV_20180716T000142_20180716T000207_022812_027929_4B86_Orb_NR_Cal_Spk_TC_dB,GRD,2018-07-16T00:01:53.782206,2018-07-16T00:01:56.176170,EPSG:4326,2048,2048,-89.02233385917518,28.786136129388854,-88.8383588889875,28.97011109957653,28.878123614482693,-88.93034637408134,277532,6.616878509521484,109251464.82907578,747.9997621895853,911.0266203536889,80.0,,,
01179,D:\SIH_Dataset\Part_I\01_Train_Val_Oil_Spill_images\Oil\01179.tif,D:\SIH_Dataset\Part_I\01_Train_Val_Oil_Spill_mask\Mask_oil\01179.tif,S1A_IW_GRDH_1SDV_20180716T000142_20180716T000207_022812_027929_4B86_O,subset_401_of_S1A_IW_GRDH_1SDV_20180716T000142_20180716T000207_022812_027929_4B86_Orb_NR_Cal_Spk_TC_dB,GRD,2018-07-16T00:01:55.577387,2018-07-16T00:01:57.971351,EPSG:4326,2048,2048,-88.94570756543979,28.648244733276506,-88.76173259525211,28.832219703464183,28.740232218370345,-88.85372008034595,160562,3.828096389770508,141789362.05496496,910.436460681855,1148.6746988702184,80.0,,,
01181,D:\SIH_Dataset\Part_I\01_Train_Val_Oil_Spill_images\Oil\01181.tif,D:\SIH_Dataset\Part_I\01_Train_Val_Oil_Spill_mask\Mask_oil\01181.tif,S1A_IW_GRDH_1SDV_20180716T000142_20180716T000207_022812_027929_4B86_O,subset_403_of_S1A_IW_GRDH_1SDV_20180716T000142_20180716T000207_022812_027929_4B86_Orb_NR_Cal_Spk_TC_dB,GRD,2018-07-16T00:01:56.095475,2018-07-16T00:01:58.489439,EPSG:4326,2048,2048,-88.87312369048293,28.608449366190012,-88.68914872029525,28.79242433637769,28.70043685128385,-88.78113620538909,201948,4.814815521240234,116802838.02071375,566.6896775407531,1140.7129805692555,80.0,,,
01182,D:\SIH_Dataset\Part_I\01_Train_Val_Oil_Spill_images\Oil\01182.tif,D:\SIH_Dataset\Part_I\01_Train_Val_Oil_Spill_mask\Mask_oil\01182.tif,S1A_IW_GRDH_1SDV_20180716T000142_20180716T000207_022812_027929_4B86_O,subset_404_of_S1A_IW_GRDH_1SDV_20180716T000142_20180716T000207_022812_027929_4B86_Orb_NR_Cal_Spk_TC_dB,GRD,2018-07-16T00:01:56.135238,2018-07-16T00:01:58.529202,EPSG:4326,2048,2048,-88.78769390696316,28.605395094224008,-88.60371893677548,28.789370064411685,28.697382579317846,-88.69570642186932,312396,7.448101043701172,98453082.3845655,591.6931554821444,1261.3323794158696,80.0,,,
01183,D:\SIH_Dataset\Part_I\01_Train_Val_Oil_Spill_images\Oil\01183.tif,D:\SIH_Dataset\Part_I\01_Train_Val_Oil_Spill_mask\Mask_oil\01183.tif,S1A_IW_GRDH_1SDV_20180716T000142_20180716T000207_022812_027929_4B86_O,subset_405_of_S1A_IW_GRDH_1SDV_20180716T000142_20180716T000207_022812_027929_4B86_Orb_NR_Cal_Spk_TC_dB,GRD,2018-07-16T00:01:56.270899,2018-07-16T00:01:58.664864,EPSG:4326,2048,2048,-88.72472200554638,28.59497463692822,-88.5407470353587,28.778949607115898,28.68696212202206,-88.63273452045254,267110,6.368398666381836,106602647.92512512,522.1559619632361,780.2171951630414,80.0,,,
01184,D:\SIH_Dataset\Part_I\01_Train_Val_Oil_Spill_images\Oil\01184.tif,D:\SIH_Dataset\Part_I\01_Train_Val_Oil_Spill_mask\Mask_oil\01184.tif,S1A_IW_GRDH_1SDV_20180716T000142_20180716T000207_022812_027929_4B86_O,subset_406_of_S1A_IW_GRDH_1SDV_20180716T000142_20180716T000207_022812_027929_4B86_Orb_NR_Cal_Spk_TC_dB,GRD,2018-07-16T00:01:56.650987,2018-07-16T00:01:59.044951,EPSG:4326,2048,2048,-88.87240503825564,28.565779390194336,-88.68843006806796,28.749754360382013,28.657766875288175,-88.7804175531618,110510,2.634763717651367,223805367.61532822,293.4621482218804,957.3080535698127,80.0,,,
01185,D:\SIH_Dataset\Part_I\01_Train_Val_Oil_Spill_images\Oil\01185.tif,D:\SIH_Dataset\Part_I\01_Train_Val_Oil_Spill_mask\Mask_oil\01185.tif,S1A_IW_GRDH_1SDV_20180716T000142_20180716T000207_022812_027929_4B86_O,subset_407_of_S1A_IW_GRDH_1SDV_20180716T000142_20180716T000207_022812_027929_4B86_Orb_NR_Cal_Spk_TC_dB,GRD,2018-07-16T00:01:56.215933,2018-07-16T00:01:58.609897,EPSG:4326,2048,2048,-88.99861833567442,28.599196718763583,-88.81464336548675,28.78317168895126,28.69118420385742,-88.90663085058058,73668,1.7563819885253906,106632171.46535735,673.7401314003366,1785.7344165716459,80.0,,,
01189,D:\SIH_Dataset\Part_I\01_Train_Val_Oil_Spill_images\Oil\01189.tif,D:\SIH_Dataset\Part_I\01_Train_Val_Oil_Spill_mask\Mask_oil\01189.tif,S1A_IW_GRDH_1SDV_20181125T000145_20181125T000210_024737_02B8A0_60CA_O,subset_411_of_S1A_IW_GRDH_1SDV_20181125T000145_20181125T000210_024737_02B8A0_60CA_Orb_NR_Cal_Spk_TC_dB,GRD,2018-11-25T00:02:06.707973,2018-11-25T00:02:09.101823,EPSG:4326,2048,2048,-90.2978544091827,28.03680766866246,-90.11387943899503,28.220782638850135,28.128795153756297,-90.20586692408887,90016,2.146148681640625,180596435.45100522,1012.575519907572,707.0823520263065,80.0,,,
01193,D:\SIH_Dataset\Part_I\01_Train_Val_Oil_Spill_images\Oil\01193.tif,D:\SIH_Dataset\Part_I\01_Train_Val_Oil_Spill_mask\Mask_oil\01193.tif,S1A_IW_GRDH_1SDV_20180821T000144_20180821T000209_023337_0289D2_F4AD_O,subset_415_of_S1A_IW_GRDH_1SDV_20180821T000144_20180821T000209_023337_0289D2_F4AD_Orb_NR_Cal_Spk_TC_dB,GRD,2018-08-21T00:01:55.615284,2018-08-21T00:01:58.009114,EPSG:4326,2048,2048,-88.82004283498482,28.80220452775324,-88.63606786479714,28.986179497940917,28.89419201284708,-88.72805534989098,211361,5.039238929748535,151487611.6240116,784.9393005332109,1071.155570327544,80.0,,,
01195,D:\SIH_Dataset\Part_I\01_Train_Val_Oil_Spill_images\Oil\01195.tif,D:\SIH_Dataset\Part_I\01_Train_Val_Oil_Spill_mask\Mask_oil\01195.tif,S1A_IW_GRDH_1SDV_20180821T000144_20180821T000209_023337_0289D2_F4AD_O,subset_417_of_S1A_IW_GRDH_1SDV_20180821T000144_20180821T000209_023337_0289D2_F4AD_Orb_NR_Cal_Spk_TC_dB,GRD,2018-08-21T00:01:54.058767,2018-08-21T00:01:56.452598,EPSG:4326,2048,2048,-88.66113086122407,28.92177029206955,-88.47715589103639,29.105745262257226,29.013757777163388,-88.56914337613023,124177,2.9606103897094727,90538280.11150073,953.5319302286252,462.7551036021163,80.0,,,
01197,D:\SIH_Dataset\Part_I\01_Train_Val_Oil_Spill_images\Oil\01197.tif,D:\SIH_Dataset\Part_I\01_Train_Val_Oil_Spill_mask\Mask_oil\01197.tif,S1A_IW_GRDH_1SDV_20190605T000145_20190605T000210_027537_031B82_AABF_O,subset_419_of_S1A_IW_GRDH_1SDV_20190605T000145_20190605T000210_027537_031B82_AABF_Orb_NR_Cal_Spk_TC_dB,GRD,2019-06-05T00:01:56.019759,2019-06-05T00:01:58.413622,EPSG:4326,2048,2048,-90.38920371451773,28.88484037012795,-90.20522874433006,29.068815340315627,28.97682785522179,-90.2972162294239,86653,2.0659685134887695,123043738.94372253,966.7090175758485,1023.8964202047246,80.0,,,
01200,D:\SIH_Dataset\Part_I\01_Train_Val_Oil_Spill_images\Oil\01200.tif,D:\SIH_Dataset\Part_I\01_Train_Val_Oil_Spill_mask\Mask_oil\01200.tif,S1A_IW_GRDH_1SDV_20190605T000145_20190605T000210_027537_031B82_AABF_O,subset_422_of_S1A_IW_GRDH_1SDV_20190605T000145_20190605T000210_027537_031B82_AABF_Orb_NR_Cal_Spk_TC_dB,GRD,2019-06-05T00:01:48.132992,2019-06-05T00:01:50.526855,EPSG:4326,2048,2048,-89.4892714628868,29.490664197738155,-89.30529649269913,29.674639167925832,29.582651682831994,-89.39728397779297,74805,1.7834901809692383,45098958.62571775,1366.5713856025666,1013.4484793797207,80.0,,,
01202,D:\SIH_Dataset\Part_I\01_Train_Val_Oil_Spill_images\Oil\01202.tif,D:\SIH_Dataset\Part_I\01_Train_Val_Oil_Spill_mask\Mask_oil\01202.tif,S1A_IW_GRDH_1SDV_20181207T000144_20181207T000209_024912_02BE7D_4097_O,subset_424_of_S1A_IW_GRDH_1SDV_20181207T000144_20181207T000209_024912_02BE7D_4097_Orb_NR_Cal_Spk_TC_dB,GRD,2018-12-07T00:01:56.200140,2018-12-07T00:01:58.593987,EPSG:4326,2048,2048,-89.17289689924753,28.825323841904734,-88.98892192905986,29.00929881209241,28.917311326998572,-89.0809094141537,148229,3.534054756164551,50624571.83097175,1099.7203887228545,1479.938692833386,80.0,,,
01204,D:\SIH_Dataset\Part_I\01_Train_Val_Oil_Spill_images\Oil\01204.tif,D:\SIH_Dataset\Part_I\01_Train_Val_Oil_Spill_mask\Mask_oil\01204.tif,S1A_IW_GRDH_1SDV_20190112T000143_20190112T000208_025437_02D177_1EFC_O,subset_426_of_S1A_IW_GRDH_1SDV_20190112T000143_20190112T000208_025437_02D177_1EFC_Orb_NR_Cal_Spk_TC_dB,GRD,2019-01-12T00:01:54.254697,2019-01-12T00:01:56.648436,EPSG:4326,2048,2048,-89.08734769923434,28.858540711240327,-88.90337272904667,29.042515681428004,28.950528196334165,-88.9953602141405,211174,5.034780502319336,544978868.6104522,1090.9755178194284,1043.2706157007965,80.0,,,
01207,D:\SIH_Dataset\Part_I\01_Train_Val_Oil_Spill_images\Oil\01207.tif,D:\SIH_Dataset\Part_I\01_Train_Val_Oil_Spill_mask\Mask_oil\01207.tif,S1A_IW_GRDH_1SDV_20181231T000144_20181231T000209_025262_02CB2C_196A_O,subset_429_of_S1A_IW_GRDH_1SDV_20181231T000144_20181231T000209_025262_02CB2C_196A_Orb_NR_Cal_Spk_TC_dB,GRD,2018-12-31T00:01:55.309252,2018-12-31T00:01:57.703027,EPSG:4326,2048,2048,-89.20631098146293,28.821503231847988,-89.02233601127526,29.005478202035665,28.913490716941826,-89.1143234963691,290281,6.920838356018066,584402232.6321378,489.389045442175,1301.9303554142366,80.0,,,
01214,D:\SIH_Dataset\Part_I\01_Train_Val_Oil_Spill_images\Oil\01214.tif,D:\SIH_Dataset\Part_I\01_Train_Val_Oil_Spill_mask\Mask_oil\01214.tif,S1A_IW_GRDH_1SDV_20181219T000144_20181219T000209_025087_02C4D5_EE7D_O,subset_436_of_S1A_IW_GRDH_1SDV_20181219T000144_20181219T000209_025087_02C4D5_EE7D_Orb_NR_Cal_Spk_TC_dB,GRD,2018-12-19T00:02:04.199287,2018-12-19T00:02:06.593035,EPSG:4326,2048,2048,-89.3939238320417,28.163563769179966,-89.20994886185402,28.347538739367643,28.255551254273804,-89.30193634694785,120306,2.868318557739258,439059960.68961436,1097.5780925307133,1391.1591524944724,80.0,,,
01217,D:\SIH_Dataset\Part_I\01_Train_Val_Oil_Spill_images\Oil\01217.tif,D:\SIH_Dataset\Part_I\01_Train_Val_Oil_Spill_mask\Mask_oil\01217.tif,S1A_IW_GRDH_1SDV_20190325T000142_20190325T000207_026487_02F77B_19BF_O,subset_439_of_S1A_IW_GRDH_1SDV_20190325T000142_20190325T000207_026487_02F77B_19BF_Orb_NR_Cal_Spk_TC_dB,GRD,2019-03-25T00:01:55.282793,2019-03-25T00:01:57.676532,EPSG:4326,2048,2048,-89.35737642222246,28.723675349149836,-89.17340145203478,28.907650319337513,28.815662834243675,-89.26538893712862,73981,1.7638444900512695,273333467.41490704,302.4367675484246,1144.8006717941093,80.0,,,
01218,D:\SIH_Dataset\Part_I\01_Train_Val_Oil_Spill_images\Oil\01218.tif,D:\SIH_Dataset\Part_I\01_Train_Val_Oil_Spill_mask\Mask_oil\01218.tif,S1A_IW_GRDH_1SDV_20190325T000142_20190325T000207_026487_02F77B_19BF_O,subset_440_of_S1A_IW_GRDH_1SDV_20190325T000142_20190325T000207_026487_02F77B_19BF_Orb_NR_Cal_Spk_TC_dB,GRD,2019-03-25T00:01:54.364822,2019-03-25T00:01:56.758562,EPSG:4326,2048,2048,-89.36716805881936,28.79419309895322,-89.18319308863168,28.978168069140896,28.886180584047057,-89.27518057372552,105241,2.509140968322754,14912732.595745077,982.0138206592487,1346.1820155642763,80.0,,,
01219,D:\SIH_Dataset\Part_I\01_Train_Val_Oil_Spill_images\Oil\01219.tif,D:\SIH_Dataset\Part_I\01_Train_Val_Oil_Spill_mask\Mask_oil\01219.tif,S1A_IW_GRDH_1SDV_20190325T000142_20190325T000207_026487_02F77B_19BF_O,subset_441_of_S1A_IW_GRDH_1SDV_20190325T000142_20190325T000207_026487_02F77B_19BF_Orb_NR_Cal_Spk_TC_dB,GRD,2019-03-25T00:01:54.008159,2019-03-25T00:01:56.401898,EPSG:4326,2048,2048,-89.23017497799113,28.821591715118863,-89.04620000780345,29.00556668530654,28.913579200212702,-89.13818749289729,403991,9.631896018981934,281142689.668962,760.3908837078054,1187.3912723303242,80.0,,,
01221,D:\SIH_Dataset\Part_I\01_Train_Val_Oil_Spill_images\Oil\01221.tif,D:\SIH_Dataset\Part_I\01_Train_Val_Oil_Spill_mask\Mask_oil\01221.tif,S1A_IW_GRDH_1SDV_20190325T000142_20190325T000207_026487_02F77B_19BF_O,subset_443_of_S1A_IW_GRDH_1SDV_20190325T000142_20190325T000207_026487_02F77B_19BF_Orb_NR_Cal_Spk_TC_dB,GRD,2019-03-25T00:01:53.555605,2019-03-25T00:01:55.949344,EPSG:4326,2048,2048,-89.02571841932553,28.856356516614287,-88.84174344913785,29.040331486801964,28.948344001708126,-88.93373093423169,263279,6.277060508728027,204299710.78705087,913.960910289085,490.1338788889353,80.0,,,
01226,D:\SIH_Dataset\Part_I\01_Train_Val_Oil_Spill_images\Oil\01226.tif,D:\SIH_Dataset\Part_I\01_Train_Val_Oil_Spill_mask\Mask_oil\01226.tif,S1A_IW_GRDH_1SDV_20180823T175408_20180823T175433_023377_028B16_C6CE_O,subset_448_of_S1A_IW_GRDH_1SDV_20180823T175408_20180823T175433_023377_028B16_C6CE_Orb_NR_Cal_Spk_TC_dB,GRD,2018-08-23T17:54:29.948234,2018-08-23T17:54:32.357634,EPSG:4326,2048,2048,-0.12693327887207728,37.81334883622597,0.05704169131560072,37.99732380641365,37.90533632131981,-0.03494579377823828,68328,1.6290664672851562,670229922.5385159,388.5003512469266,861.3737852710456,80.0,,,
01229,D:\SIH_Dataset\Part_I\01_Train_Val_Oil_Spill_images\Oil\01229.tif,D:\SIH_Dataset\Part_I\01_Train_Val_Oil_Spill_mask\Mask_oil\01229.tif,S1A_IW_GRDH_1SDV_20180823T175408_20180823T175433_023377_028B16_C6CE_O,subset_451_of_S1A_IW_GRDH_1SDV_20180823T175408_20180823T175433_023377_028B16_C6CE_Orb_NR_Cal_Spk_TC_dB,GRD,2018-08-23T17:54:27.548250,2018-08-23T17:54:29.957650,EPSG:4326,2048,2048,-0.2734485017119712,37.996515322657935,-0.08947353152429321,38.18049029284561,38.08850280775177,-0.18146101661813221,107285,2.5578737258911133,165510537.75010768,1246.4892902083236,988.7122104674465,80.0,,,
01234,D:\SIH_Dataset\Part_I\01_Train_Val_Oil_Spill_images\Oil\01234.tif,D:\SIH_Dataset\Part_I\01_Train_Val_Oil_Spill_mask\Mask_oil\01234.tif,S1A_IW_GRDH_1SDV_20190718T111514_20190718T111539_028170_032E9E_8AD1_O,subset_456_of_S1A_IW_GRDH_1SDV_20190718T111514_20190718T111539_028170_032E9E_8AD1_Orb_NR_Cal_Spk_TC_dB,GRD,2019-07-18T11:15:30.472900,2019-07-18T11:15:32.758539,EPSG:4326,2048,2048,107.46484831564047,-6.139000982203616,107.64882328582814,-5.955026012015938,-6.047013497109777,107.5568358007343,78424,1.8697738647460938,332688820.33517873,1284.4233652963378,988.489135978782,80.0,,,
01235,D:\SIH_Dataset\Part_I\01_Train_Val_Oil_Spill_images\Oil\01235.tif,D:\SIH_Dataset\Part_I\01_Train_Val_Oil_Spill_mask\Mask_oil\01235.tif,S1A_IW_GRDH_1SDV_20190718T111514_20190718T111539_028170_032E9E_8AD1_O,subset_457_of_S1A_IW_GRDH_1SDV_20190718T111514_20190718T111539_028170_032E9E_8AD1_Orb_NR_Cal_Spk_TC_dB,GRD,2019-07-18T11:15:30.606889,2019-07-18T11:15:32.892529,EPSG:4326,2048,2048,107.4245139593835,-6.14978076561305,107.60848892957118,-5.965805795425372,-6.057793280519212,107.51650144447734,98525,2.3490190505981445,91193244.6284428,1124.8622633849277,1335.3170312103528,80.0,,,
01253,D:\SIH_Dataset\Part_I\01_Train_Val_Oil_Spill_images\Oil\01253.tif,D:\SIH_Dataset\Part_I\01_Train_Val_Oil_Spill_mask\Mask_oil\01253.tif,S1A_IW_GRDH_1SDV_20190702T223348_20190702T223415_027944_0327B6_7BF5_O,subset_483_of_S1A_IW_GRDH_1SDV_20190702T223348_20190702T223415_027944_0327B6_7BF5_Orb_NR_Cal_Spk_TC_dB,GRD,2019-07-02T22:33:59.767318,2019-07-02T22:34:02.103116,EPSG:4326,2048,2048,105.13761916883115,-6.77764708661281,105.32159413901883,-6.593672116425132,-6.685659601518971,105.22960665392499,157832,3.7630081176757812,58396816.46700672,1104.8275571493741,969.353274367682,80.0,,,
01254,D:\SIH_Dataset\Part_I\01_Train_Val_Oil_Spill_images\Oil\01254.tif,D:\SIH_Dataset\Part_I\01_Train_Val_Oil_Spill_mask\Mask_oil\01254.tif,S1A_IW_GRDH_1SDV_20190702T223348_20190702T223415_027944_0327B6_7BF5_O,subset_484_of_S1A_IW_GRDH_1SDV_20190702T223348_20190702T223415_027944_0327B6_7BF5_Orb_NR_Cal_Spk_TC_dB,GRD,2019-07-02T22:34:00.506740,2019-07-02T22:34:02.842538,EPSG:4326,2048,2048,105.06269967413559,-6.8358579170237554,105.24667464432326,-6.651882946836078,-6.743870431929917,105.15468715922943,109035,2.5995969772338867,63586945.52125353,716.2023065987986,1433.7658229009035,80.0,,,
01257,D:\SIH_Dataset\Part_I\01_Train_Val_Oil_Spill_images\Oil\01257.tif,D:\SIH_Dataset\Part_I\01_Train_Val_Oil_Spill_mask\Mask_oil\01257.tif,S1A_IW_GRDH_1SDV_20190702T223348_20190702T223415_027944_0327B6_7BF5_O,subset_487_of_S1A_IW_GRDH_1SDV_20190702T223348_20190702T223415_027944_0327B6_7BF5_Orb_NR_Cal_Spk_TC_dB,GRD,2019-07-02T22:34:04.159349,2019-07-02T22:34:06.495147,EPSG:4326,2048,2048,105.39831026428264,-7.123408639470415,105.58228523447032,-6.939433669282737,-7.0314211543765754,105.49029774937648,191234,4.55937385559082,29047313.074092876,1021.2295460012341,1119.9313668071577,80.0,,,
01258,D:\SIH_Dataset\Part_I\01_Train_Val_Oil_Spill_images\Oil\01258.tif,D:\SIH_Dataset\Part_I\01_Train_Val_Oil_Spill_mask\Mask_oil\01258.tif,S1A_IW_GRDH_1SDV_20190702T223348_20190702T223415_027944_0327B6_7BF5_O,subset_488_of_S1A_IW_GRDH_1SDV_20190702T223348_20190702T223415_027944_0327B6_7BF5_Orb_NR_Cal_Spk_TC_dB,GRD,2019-07-02T22:34:04.615782,2019-07-02T22:34:06.951580,EPSG:4326,2048,2048,105.50305382641098,-7.159341250835195,105.68702879659865,-6.975366280647517,-7.067353765741355,105.59504131150481,136584,3.2564163208007812,543703323.0430737,808.1129927370703,662.5633822409652,80.0,,,
01262,D:\SIH_Dataset\Part_I\01_Train_Val_Oil_Spill_images\Oil\01262.tif,D:\SIH_Dataset\Part_I\01_Train_Val_Oil_Spill_mask\Mask_oil\01262.tif,S1A_IW_GRDH_1SDV_20170504T111842_20170504T111911_016431_01B371_89EF_O,subset_492_of_S1A_IW_GRDH_1SDV_20170504T111842_20170504T111911_016431_01B371_89EF_Orb_NR_Cal_Spk_TC_dB,GRD,2017-05-04T11:18:54.947072,2017-05-04T11:18:57.410035,EPSG:4326,2048,2048,-80.17250911091988,23.29507041286314,-79.9885341407322,23.479045383050817,23.38705789795698,-80.08052162582604,126550,3.0171871185302734,126952774.55173388,1214.1459028052154,1031.9624654286843,80.0,,,
01263,D:\SIH_Dataset\Part_I\01_Train_Val_Oil_Spill_images\Oil\01263.tif,D:\SIH_Dataset\Part_I\01_Train_Val_Oil_Spill_mask\Mask_oil\01263.tif,S1A_IW_GRDH_1SDV_20170504T111842_20170504T111911_016431_01B371_89EF_O,subset_493_of_S1A_IW_GRDH_1SDV_20170504T111842_20170504T111911_016431_01B371_89EF_Orb_NR_Cal_Spk_TC_dB,GRD,2017-05-04T11:18:54.216725,2017-05-04T11:18:56.679689,EPSG:4326,2048,2048,-80.27321025426967,23.349598150609197,-80.089235284082,23.533573120796873,23.441585635703035,-80.18122276917583,128011,3.0520200729370117,14508592.565665703,1254.389814156596,967.687991656967,80.0,,,
01266,D:\SIH_Dataset\Part_I\01_Train_Val_Oil_Spill_images\Oil\01266.tif,D:\SIH_Dataset\Part_I\01_Train_Val_Oil_Spill_mask\Mask_oil\01266.tif,S1A_IW_GRDH_1SDV_20170504T111842_20170504T111911_016431_01B371_89EF_O,subset_496_of_S1A_IW_GRDH_1SDV_20170504T111842_20170504T111911_016431_01B371_89EF_Orb_NR_Cal_Spk_TC_dB,GRD,2017-05-04T11:18:54.588516,2017-05-04T11:18:57.051480,EPSG:4326,2048,2048,-80.56471356396645,23.321840208329903,-80.38073859377877,23.50581517851758,23.41382769342374,-80.47272607887261,43501,1.037144660949707,6374551.144521125,1313.0478494747247,1455.951162042252,80.0,,,
01271,D:\SIH_Dataset\Part_I\01_Train_Val_Oil_Spill_images\Oil\01271.tif,D:\SIH_Dataset\Part_I\01_Train_Val_Oil_Spill_mask\Mask_oil\01271.tif,S1B_IW_GRDH_1SDV_20180729T120021_20180729T120050_012025_01623E_7E83_O,subset_501_of_S1B_IW_GRDH_1SDV_20180729T120021_20180729T120050_012025_01623E_7E83_Orb_NR_Cal_Spk_TC_dB,GRD,2018-07-29T12:00:38.264697,2018-07-29T12:00:40.717365,EPSG:4326,2048,2048,-92.16372209470381,19.290739197868014,-91.97974712451614,19.47471416805569,19.382726682961852,-92.07173460960998,254434,6.066179275512695,894475321.1947877,1189.5023031513083,819.2923154924264,80.0,,,
01277,D:\SIH_Dataset\Part_I\01_Train_Val_Oil_Spill_images\Oil\01277.tif,D:\SIH_Dataset\Part_I\01_Train_Val_Oil_Spill_mask\Mask_oil\01277.tif,S1A_IW_GRDH_1SDV_20181206T221736_20181206T221805_024911_02BE76_2307_O,subset_507_of_S1A_IW_GRDH_1SDV_20181206T221736_20181206T221805_024911_02BE76_2307_Orb_NR_Cal_Spk_TC_dB,GRD,2018-12-06T22:17:41.520513,2018-12-06T22:17:43.943465,EPSG:4326,2048,2048,-60.9523935248106,10.042775439631507,-60.768418554622926,10.226750409819186,10.134762924725347,-60.860406039716764,111776,2.664947509765625,427882899.394055,820.2397920841684,789.2473250071572,80.0,,,
01281,D:\SIH_Dataset\Part_I\01_Train_Val_Oil_Spill_images\Oil\01281.tif,D:\SIH_Dataset\Part_I\01_Train_Val_Oil_Spill_mask\Mask_oil\01281.tif,S1A_IW_GRDH_1SDV_20191026T221743_20191026T221812_029636_036008_C0F4_O,subset_511_of_S1A_IW_GRDH_1SDV_20191026T221743_20191026T221812_029636_036008_C0F4_Orb_NR_Cal_Spk_TC_dB,GRD,2019-10-26T22:17:49.244295,2019-10-26T22:17:51.667173,EPSG:4326,2048,2048,-60.89878166896174,9.995882520005393,-60.71480669877406,10.179857490193072,10.087870005099234,-60.8067941838679,110859,2.6430845260620117,77133554.46294025,1270.9077070873814,1231.7018239385166,80.0,,,
01282,D:\SIH_Dataset\Part_I\01_Train_Val_Oil_Spill_images\Oil\01282.tif,D:\SIH_Dataset\Part_I\01_Train_Val_Oil_Spill_mask\Mask_oil\01282.tif,S1A_IW_GRDH_1SDV_20191014T031431_20191014T031500_029449_03598E_1B6C_O,subset_512_of_S1A_IW_GRDH_1SDV_20191014T031431_20191014T031500_029449_03598E_1B6C_Orb_NR_Cal_Spk_TC_dB,GRD,2019-10-14T03:14:47.372393,2019-10-14T03:14:49.821971,EPSG:4326,2048,2048,38.49542579304083,19.56490883099932,38.67940076322851,19.748883801187,19.65689631609316,38.58741327813467,129598,3.0898571014404297,266296793.83922043,1156.8663405299465,1116.51111899875,80.0,,,
01283,D:\SIH_Dataset\Part_I\01_Train_Val_Oil_Spill_images\Oil\01283.tif,D:\SIH_Dataset\Part_I\01_Train_Val_Oil_Spill_mask\Mask_oil\01283.tif,S1A_IW_GRDH_1SDV_20191014T031431_20191014T031500_029449_03598E_1B6C_O,subset_513_of_S1A_IW_GRDH_1SDV_20191014T031431_20191014T031500_029449_03598E_1B6C_Orb_NR_Cal_Spk_TC_dB,GRD,2019-10-14T03:14:47.324526,2019-10-14T03:14:49.774104,EPSG:4326,2048,2048,38.62514252006769,19.568502092135798,38.80911749025537,19.752477062323475,19.660489577229637,38.71713000516153,97346,2.3209095001220703,257652132.1702217,1016.1575719598135,907.2891438785364,80.0,,,
01284,D:\SIH_Dataset\Part_I\01_Train_Val_Oil_Spill_images\Oil\01284.tif,D:\SIH_Dataset\Part_I\01_Train_Val_Oil_Spill_mask\Mask_oil\01284.tif,S1A_IW_GRDH_1SDV_20191014T031431_20191014T031500_029449_03598E_1B6C_O,subset_514_of_S1A_IW_GRDH_1SDV_20191014T031431_20191014T031500_029449_03598E_1B6C_Orb_NR_Cal_Spk_TC_dB,GRD,2019-10-14T03:14:47.033736,2019-10-14T03:14:49.483314,EPSG:4326,2048,2048,38.78297651548749,19.590331153539903,38.96695148567517,19.77430612372758,19.682318638633742,38.87496400058133,99177,2.3645639419555664,30629433.438813373,837.580734444478,1176.8577744840034,80.0,,,
01290,D:\SIH_Dataset\Part_I\01_Train_Val_Oil_Spill_images\Oil\01290.tif,D:\SIH_Dataset\Part_I\01_Train_Val_Oil_Spill_mask\Mask_oil\01290.tif,S1A_IW_GRDH_1SDV_20191014T031431_20191014T031500_029449_03598E_1B6C_O,subset_520_of_S1A_IW_GRDH_1SDV_20191014T031431_20191014T031500_029449_03598E_1B6C_Orb_NR_Cal_Spk_TC_dB,GRD,2019-10-14T03:14:43.815897,2019-10-14T03:14:46.265475,EPSG:4326,2048,2048,39.536663038863765,19.83188813343964,39.72063800905144,20.015863103627318,19.92387561853348,39.6286505239576,112964,2.6932716369628906,97264547.65551668,500.65506710102335,934.0466697354909,80.0,,,
01295,D:\SIH_Dataset\Part_I\01_Train_Val_Oil_Spill_images\Oil\01295.tif,D:\SIH_Dataset\Part_I\01_Train_Val_Oil_Spill_mask\Mask_oil\01295.tif,S1A_IW_GRDH_1SDV_20191026T031431_20191026T031500_029624_035F8D_0944_O,subset_525_of_S1A_IW_GRDH_1SDV_20191026T031431_20191026T031500_029624_035F8D_0944_Orb_NR_Cal_Spk_TC_dB,GRD,2019-10-26T03:14:41.517601,2019-10-26T03:14:43.967175,EPSG:4326,2048,2048,39.66071391274668,20.003294317529445,39.844688882934356,20.187269287717122,20.095281802623283,39.75270139784052,55374,1.3202190399169922,64774102.90588277,1046.9030230794235,935.0353776140427,80.0,,,
01296,D:\SIH_Dataset\Part_I\01_Train_Val_Oil_Spill_images\Oil\01296.tif,D:\SIH_Dataset\Part_I\01_Train_Val_Oil_Spill_mask\Mask_oil\01296.tif,S1A_IW_GRDH_1SDV_20191026T031431_20191026T031500_029624_035F8D_0944_O,subset_526_of_S1A_IW_GRDH_1SDV_20191026T031431_20191026T031500_029624_035F8D_0944_Orb_NR_Cal_Spk_TC_dB,GRD,2019-10-26T03:14:40.545908,2019-10-26T03:14:42.995483,EPSG:4326,2048,2048,39.5504007958568,20.076237518599953,39.73437576604448,20.26021248878763,20.16822500369379,39.64238828095064,73747,1.758265495300293,112402256.60321929,1160.8208130500225,860.3821375784778,80.0,,,
01297,D:\SIH_Dataset\Part_I\01_Train_Val_Oil_Spill_images\Oil\01297.tif,D:\SIH_Dataset\Part_I\01_Train_Val_Oil_Spill_mask\Mask_oil\01297.tif,S1A_IW_GRDH_1SDV_20191026T031431_20191026T031500_029624_035F8D_0944_O,subset_527_of_S1A_IW_GRDH_1SDV_20191026T031431_20191026T031500_029624_035F8D_0944_Orb_NR_Cal_Spk_TC_dB,GRD,2019-10-26T03:14:39.935609,2019-10-26T03:14:42.385183,EPSG:4326,2048,2048,39.46389303399609,20.122051598090046,39.64786800418376,20.306026568277723,20.214039083183884,39.555880519089925,88284,2.1048545837402344,81943835.42662385,1130.2936885505867,1088.074985274795,80.0,,,
01299,D:\SIH_Dataset\Part_I\01_Train_Val_Oil_Spill_images\Oil\01299.tif,D:\SIH_Dataset\Part_I\01_Train_Val_Oil_Spill_mask\Mask_oil\01299.tif,S1A_IW_GRDH_1SDV_20191026T031431_20191026T031500_029624_035F8D_0944_O,subset_529_of_S1A_IW_GRDH_1SDV_20191026T031431_20191026T031500_029624_035F8D_0944_Orb_NR_Cal_Spk_TC_dB,GRD,2019-10-26T03:14:37.332861,2019-10-26T03:14:39.782435,EPSG:4326,2048,2048,39.33408647544082,20.317435172386045,39.5180614456285,20.50141014257372,20.409422657479883,39.42607396053466,243747,5.8113813400268555,44352313.532576434,1516.2832588708784,1137.4153097268888,80.0,,,
01302,D:\SIH_Dataset\Part_I\01_Train_Val_Oil_Spill_images\Oil\01302.tif,D:\SIH_Dataset\Part_I\01_Train_Val_Oil_Spill_mask\Mask_oil\01302.tif,S1A_IW_GRDH_1SDV_20191026T031431_20191026T031500_029624_035F8D_0944_O,subset_532_of_S1A_IW_GRDH_1SDV_20191026T031431_20191026T031500_029624_035F8D_0944_Orb_NR_Cal_Spk_TC_dB,GRD,2019-10-26T03:14:41.292627,2019-10-26T03:14:43.742202,EPSG:4326,2048,2048,38.9566143930538,20.020182644870893,39.140589363241475,20.20415761505857,20.11217012996473,39.048601878147636,73877,1.7613649368286133,110875109.69023234,485.5882006578502,496.95735479242524,80.0,,,
01303,D:\SIH_Dataset\Part_I\01_Train_Val_Oil_Spill_images\Oil\01303.tif,D:\SIH_Dataset\Part_I\01_Train_Val_Oil_Spill_mask\Mask_oil\01303.tif,S1A_IW_GRDH_1SDV_20191026T031431_20191026T031500_029624_035F8D_0944_O,subset_533_of_S1A_IW_GRDH_1SDV_20191026T031431_20191026T031500_029624_035F8D_0944_Orb_NR_Cal_Spk_TC_dB,GRD,2019-10-26T03:14:40.666771,2019-10-26T03:14:43.116346,EPSG:4326,2048,2048,38.66142799069212,20.067164534230344,38.845402960879795,20.25113950441802,20.159152019324182,38.75341547578596,111564,2.659893035888672,12188132.142937437,1810.118909325589,1617.631440249543,80.0,,,
01315,D:\SIH_Dataset\Part_I\01_Train_Val_Oil_Spill_images\Oil\01315.tif,D:\SIH_Dataset\Part_I\01_Train_Val_Oil_Spill_mask\Mask_oil\01315.tif,S1A_IW_GRDH_1SDV_20190925T032240_20190925T032309_029172_034FF8_07DB_O,subset_545_of_S1A_IW_GRDH_1SDV_20190925T032240_20190925T032309_029172_034FF8_07DB_Orb_NR_Cal_Spk_TC_dB,GRD,2019-09-25T03:23:03.069755,2019-09-25T03:23:05.522091,EPSG:4326,2048,2048,38.738436961130894,19.348890342837606,38.92241193131857,19.532865313025283,19.440877827931445,38.83042444622473,47934,1.1428356170654297,18886293.311435703,780.3885759586097,566.058517962198,80.0,,,
01320,D:\SIH_Dataset\Part_I\01_Train_Val_Oil_Spill_images\Oil\01320.tif,D:\SIH_Dataset\Part_I\01_Train_Val_Oil_Spill_mask\Mask_oil\01320.tif,S1A_IW_GRDH_1SDV_20180628T235339_20180628T235408_022564_0271B9_CEDC_O,subset_550_of_S1A_IW_GRDH_1SDV_20180628T235339_20180628T235408_022564_0271B9_CEDC_Orb_NR_Cal_Spk_TC_dB,GRD,2018-06-28T23:54:03.846966,2018-06-28T23:54:06.320604,EPSG:4326,2048,2048,-88.90050888637715,28.86379524842477,-88.71653391618948,29.047770218612445,28.955782733518607,-88.80852140128331,128878,3.072690963745117,643899525.7796788,1165.2307996710067,981.3140101491333,80.0,,,
01326,D:\SIH_Dataset\Part_I\01_Train_Val_Oil_Spill_images\Oil\01326.tif,D:\SIH_Dataset\Part_I\01_Train_Val_Oil_Spill_mask\Mask_oil\01326.tif,S1B_IW_GRDH_1SDV_20171227T173242_20171227T173316_008907_00FE1E_7C39_O,subset_556_of_S1B_IW_GRDH_1SDV_20171227T173242_20171227T173316_008907_00FE1E_7C39_Orb_NR_Cal_Spk_TC_dB,GRD,2017-12-27T17:32:47.208230,2017-12-27T17:32:49.650600,EPSG:4326,2048,2048,11.67766730535108,-5.26011698771645,11.86164227553876,-5.076142017528772,-5.168129502622611,11.769654790444921,115779,2.7603864669799805,67201852.53313695,529.3607346755457,801.8601775796992,80.0,,,
01338,D:\SIH_Dataset\Part_I\01_Train_Val_Oil_Spill_images\Oil\01338.tif,D:\SIH_Dataset\Part_I\01_Train_Val_Oil_Spill_mask\Mask_oil\01338.tif,S1A_IW_GRDH_1SDV_20160503T000133_20160503T000202_011087_010B3C_451A_O,subset_568_of_S1A_IW_GRDH_1SDV_20160503T000133_20160503T000202_011087_010B3C_451A_Orb_NR_Cal_Spk_TC_dB,GRD,2016-05-03T00:01:53.556038,2016-05-03T00:01:56.032958,EPSG:4326,2048,2048,-89.15095402122871,28.871930651001808,-88.96697905104104,29.055905621189485,28.963918136095646,-89.05896653613488,81566,1.9446849822998047,69927070.08577643,1687.8660716475001,1371.134725253169,80.0,,,
01339,D:\SIH_Dataset\Part_I\01_Train_Val_Oil_Spill_images\Oil\01339.tif,D:\SIH_Dataset\Part_I\01_Train_Val_Oil_Spill_mask\Mask_oil\01339.tif,S1A_IW_GRDH_1SDV_20170115T040004_20170115T040025_014837_0182F8_2DFF_O,subset_15_of_S1A_IW_GRDH_1SDV_20170115T040004_20170115T040025_014837_0182F8_2DFF_Orb_NR_Cal_Spk_TC_dB,GRD,2017-01-15T04:00:19.083965,2017-01-15T04:00:21.386794,EPSG:4326,2048,2048,30.625126448259813,32.08565120571045,30.80910141844749,32.269626175898125,32.17763869080429,30.71711393335365,74906,1.785898208618164,21345589.407062836,1165.7233599444637,580.8897685098657,80.0,,,
00039,D:\SIH_Dataset\Part_I\01_Train_Val_Oil_Spill_images\Oil\00039.tif,D:\SIH_Dataset\Part_I\01_Train_Val_Oil_Spill_mask\Mask_oil\00039.tif,S1A_IW_GRDH_1SDV_20170810T024714_20170810T024738_017855_01DEF7_F48C_O,subset_101_of_S1A_IW_GRDH_1SDV_20170810T024714_20170810T024738_017855_01DEF7_F48C_Orb_NR_Cal_Spk_TC_dB,GRD,2017-08-10T02:47:22.692340,2017-08-10T02:47:25.058319,EPSG:4326,2048,2048,48.38975404293455,28.608019812891133,48.573729013122225,28.79199478307881,28.70000729798497,48.48174152802839,601885,14.350056648254395,316123204.6822023,1425.6111208951877,1256.7744959585302,72.0,,,
00089,D:\SIH_Dataset\Part_I\01_Train_Val_Oil_Spill_images\Oil\00089.tif,D:\SIH_Dataset\Part_I\01_Train_Val_Oil_Spill_mask\Mask_oil\00089.tif,S1A_IW_GRDH_1SDV_20170710T224717_20170710T224742_017415_01D18B_5031_O,subset_53_of_S1A_IW_GRDH_1SDV_20170710T224717_20170710T224742_017415_01D18B_5031_Orb_NR_Cal_Spk_TC_dB,GRD,2017-07-10T22:47:30.365240,2017-07-10T22:47:32.688240,EPSG:4326,2048,2048,104.1816627282477,3.1179389157409867,104.36563769843538,3.3019138859286645,3.2099264008348256,104.27365021334154,646509,15.413975715637207,544359438.575188,819.4710537672329,892.5601940576233,72.0,,,
00384,D:\SIH_Dataset\Part_I\01_Train_Val_Oil_Spill_images\Oil\00384.tif,D:\SIH_Dataset\Part_I\01_Train_Val_Oil_Spill_mask\Mask_oil\00384.tif,S1A_IW_GRDH_1SDV_20171206T045132_20171206T045157_019577_0213FB_431A_O,subset_487_of_S1A_IW_GRDH_1SDV_20171206T045132_20171206T045157_019577_0213FB_431A_Orb_NR_Cal_Spk_TC_dB,GRD,2017-12-06T04:51:44.454253,2017-12-06T04:51:46.747207,EPSG:4326,2048,2048,11.11877441055407,-4.565412586982421,11.302749380741748,-4.381437616794743,-4.473425101888582,11.21076189564791,720195,17.17078685760498,649321270.9116006,1489.7458667444234,926.8390498406682,72.0,,,
00386,D:\SIH_Dataset\Part_I\01_Train_Val_Oil_Spill_images\Oil\00386.tif,D:\SIH_Dataset\Part_I\01_Train_Val_Oil_Spill_mask\Mask_oil\00386.tif,S1A_IW_GRDH_1SDV_20171206T045132_20171206T045157_019577_0213FB_431A_O,subset_489_of_S1A_IW_GRDH_1SDV_20171206T045132_20171206T045157_019577_0213FB_431A_Orb_NR_Cal_Spk_TC_dB,GRD,2017-12-06T04:51:45.211477,2017-12-06T04:51:47.504431,EPSG:4326,2048,2048,11.05670082442141,-4.626138700188901,11.24067579460909,-4.442163730001223,-4.534151215095061,11.14868830951525,969560,23.116111755371094,1603953357.5753565,995.2504280292092,1200.961001897768,72.0,,,
00464,D:\SIH_Dataset\Part_I\01_Train_Val_Oil_Spill_images\Oil\00464.tif,D:\SIH_Dataset\Part_I\01_Train_Val_Oil_Spill_mask\Mask_oil\00464.tif,S1B_IW_GRDH_1SDV_20170818T182534_20170818T182559_006998_00C540_C896_O,subset_638_of_S1B_IW_GRDH_1SDV_20170818T182534_20170818T182559_006998_00C540_C896_Orb_NR_Cal_Spk_TC_dB,GRD,2017-08-18T18:25:42.342325,2017-08-18T18:25:44.754906,EPSG:4326,2048,2048,-7.208557322384613,36.42172716287099,-7.024582352196935,36.605702133058664,36.513714647964825,-7.116569837290774,480067,11.44568920135498,522192617.1393345,968.8978902944797,1086.850061553908,72.0,,,
00526,D:\SIH_Dataset\Part_I\01_Train_Val_Oil_Spill_images\Oil\00526.tif,D:\SIH_Dataset\Part_I\01_Train_Val_Oil_Spill_mask\Mask_oil\00526.tif,S1A_IW_GRDH_1SDV_20171118T000138_20171118T000203_019312_020B93_770E_O,subset_825_of_S1A_IW_GRDH_1SDV_20171118T000138_20171118T000203_019312_020B93_770E_Orb_NR_Cal_Spk_TC_dB,GRD,2017-11-18T00:01:51.185565,2017-11-18T00:01:53.579416,EPSG:4326,2048,2048,-89.23016017702051,28.74399579170041,-89.04618520683283,28.927970761888087,28.83598327679425,-89.13817269192667,585192,13.952064514160156,350313744.3399869,1295.5796371105553,834.6772375562209,72.0,,,
00537,D:\SIH_Dataset\Part_I\01_Train_Val_Oil_Spill_images\Oil\00537.tif,D:\SIH_Dataset\Part_I\01_Train_Val_Oil_Spill_mask\Mask_oil\00537.tif,S1A_IW_GRDH_1SDV_20180111T172520_20180111T172545_020110_02249A_F770_O,subset_866_of_S1A_IW_GRDH_1SDV_20180111T172520_20180111T172545_020110_02249A_F770_Orb_NR_Cal_Spk_TC_dB,GRD,2018-01-11T17:25:32.960575,2018-01-11T17:25:35.375487,EPSG:4326,2048,2048,4.809565690124113,53.656003341829255,4.9935406603117904,53.83997831201693,53.74799082692309,4.901553175217952,651557,15.534329414367676,284233498.09722406,1369.238788778265,918.8825544042961,72.0,,,
00548,D:\SIH_Dataset\Part_I\01_Train_Val_Oil_Spill_images\Oil\00548.tif,D:\SIH_Dataset\Part_I\01_Train_Val_Oil_Spill_mask\Mask_oil\00548.tif,S1A_IW_GRDH_1SDV_20180415T174133_20180415T174158_021481_025009_5821_O,subset_877_of_S1A_IW_GRDH_1SDV_20180415T174133_20180415T174158_021481_025009_5821_Orb_NR_Cal_Spk_TC_dB,GRD,2018-04-15T17:41:43.028547,2018-04-15T17:41:45.449572,EPSG:4326,2048,2048,2.0283790266735173,52.969807030543585,2.212353996861195,53.15378200073126,53.06179451563742,2.1203665117673562,664989,15.854573249816895,1424577408.7549446,1109.1006730938407,1006.7774406794699,72.0,,,
00552,D:\SIH_Dataset\Part_I\01_Train_Val_Oil_Spill_images\Oil\00552.tif,D:\SIH_Dataset\Part_I\01_Train_Val_Oil_Spill_mask\Mask_oil\00552.tif,S1A_IW_GRDH_1SDV_20170814T000137_20170814T000202_017912_01E0A9_DA58_O,subset_886_of_S1A_IW_GRDH_1SDV_20170814T000137_20170814T000202_017912_01E0A9_DA58_Orb_NR_Cal_Spk_TC_dB,GRD,2017-08-14T00:01:48.290396,2017-08-14T00:01:50.684225,EPSG:4326,2048,2048,-88.86967483097855,28.840467036811628,-88.68569986079088,29.024442006999305,28.932454521905466,-88.77768734588471,688785,16.421914100646973,456816967.81085974,865.7523399899824,908.804533344948,72.0,,,
00559,D:\SIH_Dataset\Part_I\01_Train_Val_Oil_Spill_images\Oil\00559.tif,D:\SIH_Dataset\Part_I\01_Train_Val_Oil_Spill_mask\Mask_oil\00559.tif,S1A_IW_GRDH_1SDV_20180508T002530_20180508T002555_021806_025A34_BAC9_O,subset_893_of_S1A_IW_GRDH_1SDV_20180508T002530_20180508T002555_021806_025A34_BAC9_Orb_NR_Cal_Spk_TC_dB,GRD,2018-05-08T00:25:39.611740,2018-05-08T00:25:41.998354,EPSG:4326,2048,2048,-95.01817454249422,26.054355659952154,-94.83419957230655,26.23833063013983,26.146343145045993,-94.92618705740038,485787,11.582064628601074,103263489.310995,899.7306504702678,1153.324593906383,72.0,,,
01211,D:\SIH_Dataset\Part_I\01_Train_Val_Oil_Spill_images\Oil\01211.tif,D:\SIH_Dataset\Part_I\01_Train_Val_Oil_Spill_mask\Mask_oil\01211.tif,S1A_IW_GRDH_1SDV_20181219T000144_20181219T000209_025087_02C4D5_EE7D_O,subset_433_of_S1A_IW_GRDH_1SDV_20181219T000144_20181219T000209_025087_02C4D5_EE7D_Orb_NR_Cal_Spk_TC_dB,GRD,2018-12-19T00:01:55.689615,2018-12-19T00:01:58.083362,EPSG:4326,2048,2048,-88.92105066648118,28.817267801433744,-88.7370756962935,29.00124277162142,28.909255286527582,-88.82906318138734,425211,10.13782024383545,11408246.1098425,372.9446709986336,370.35092812744733,72.0,,,
01305,D:\SIH_Dataset\Part_I\01_Train_Val_Oil_Spill_images\Oil\01305.tif,D:\SIH_Dataset\Part_I\01_Train_Val_Oil_Spill_mask\Mask_oil\01305.tif,S1A_IW_GRDH_1SDV_20191026T031431_20191026T031500_029624_035F8D_0944_O,subset_535_of_S1A_IW_GRDH_1SDV_20191026T031431_20191026T031500_029624_035F8D_0944_Orb_NR_Cal_Spk_TC_dB,GRD,2019-10-26T03:14:42.357660,2019-10-26T03:14:44.807235,EPSG:4326,2048,2048,38.74775608949601,19.940232584584255,38.931731059683685,20.12420755477193,20.032220069678093,38.839743574589846,436346,10.403299331665039,893769841.2891612,1183.7720959972132,1124.8204819111438,72.0,,,
00041,D:\SIH_Dataset\Part_I\01_Train_Val_Oil_Spill_images\Oil\00041.tif,D:\SIH_Dataset\Part_I\01_Train_Val_Oil_Spill_mask\Mask_oil\00041.tif,S1A_IW_GRDH_1SDV_20170810T024714_20170810T024738_017855_01DEF7_F48C_O,subset_103_of_S1A_IW_GRDH_1SDV_20170810T024714_20170810T024738_017855_01DEF7_F48C_Orb_NR_Cal_Spk_TC_dB,GRD,2017-08-10T02:47:23.753390,2017-08-10T02:47:26.119369,EPSG:4326,2048,2048,48.44553942207837,28.52555446980896,48.629514392266046,28.709529439996636,28.617541954902798,48.53752690717221,1366981,32.5913667678833,428367732.1601534,1175.778709067646,1171.0038065635147,56.0,,,
00421,D:\SIH_Dataset\Part_I\01_Train_Val_Oil_Spill_images\Oil\00421.tif,D:\SIH_Dataset\Part_I\01_Train_Val_Oil_Spill_mask\Mask_oil\00421.tif,S1A_IW_GRDH_1SDV_20170308T142434_20170308T142459_015602_019A78_F8CB_O,subset_550_of_S1A_IW_GRDH_1SDV_20170308T142434_20170308T142459_015602_019A78_F8CB_Orb_NR_Cal_Spk_TC_dB,GRD,2017-03-08T14:24:44.182807,2017-03-08T14:24:46.564841,EPSG:4326,2048,2048,54.50474850842077,25.595558699905755,54.688723478608445,25.779533670093432,25.687546184999594,54.596735993514606,1413531,33.701205253601074,338569692.4042981,1234.6275154206028,910.1401451400783,56.0,,,
00000,D:\SIH_Dataset\Part_I\01_Train_Val_Oil_Spill_images\Oil\00000.tif,D:\SIH_Dataset\Part_I\01_Train_Val_Oil_Spill_mask\Mask_oil\00000.tif,S1A_IW_GRDH_1SDV_20180803T172551_20180803T172608_023085_0281B1_DB30_O,subset_0_of_S1A_IW_GRDH_1SDV_20180803T172551_20180803T172608_023085_0281B1_DB30_Orb_NR_Cal_Spk_TC_dB,GRD,2018-08-03T17:25:57.581481,2018-08-03T17:25:59.787937,EPSG:4326,2048,2048,3.9656639450910203,55.14999011252874,4.1496389152786985,55.33396508271642,55.24197759762258,4.057651430184859,14539,0.3466367721557617,94760974.74950689,1028.9789875507256,978.0328426989477,40.0,,,
00003,D:\SIH_Dataset\Part_I\01_Train_Val_Oil_Spill_images\Oil\00003.tif,D:\SIH_Dataset\Part_I\01_Train_Val_Oil_Spill_mask\Mask_oil\00003.tif,S1A_IW_GRDH_1SDV_20180803T172551_20180803T172608_023085_0281B1_DB30_O,subset_5_of_S1A_IW_GRDH_1SDV_20180803T172551_20180803T172608_023085_0281B1_DB30_Orb_NR_Cal_Spk_TC_dB,GRD,2018-08-03T17:25:56.249199,2018-08-03T17:25:58.455656,EPSG:4326,2048,2048,5.845568340167943,55.26102188164592,6.029543310355621,55.444996851833594,55.353009366739755,5.937555825261782,24791,0.5910634994506836,128985952.95058508,1178.6172602960753,928.8599693437135,40.0,,,
00014,D:\SIH_Dataset\Part_I\01_Train_Val_Oil_Spill_images\Oil\00014.tif,D:\SIH_Dataset\Part_I\01_Train_Val_Oil_Spill_mask\Mask_oil\00014.tif,S1A_IW_GRDH_1SDV_20161011T040007_20161011T040028_013437_015777_6C5A_O,subset_48_of_S1A_IW_GRDH_1SDV_20161011T040007_20161011T040028_013437_015777_6C5A_Orb_NR_Cal_Spk_TC_dB,GRD,2016-10-11T04:00:12.296846,2016-10-11T04:00:14.599499,EPSG:4326,2048,2048,28.81960420799685,32.88947972358591,29.003579178184527,33.073454693773584,32.981467208679746,28.91159169309069,30809,0.7345438003540039,47809751.00099923,592.2785387386803,1203.319630627414,40.0,,,
00023,D:\SIH_Dataset\Part_I\01_Train_Val_Oil_Spill_images\Oil\00023.tif,D:\SIH_Dataset\Part_I\01_Train_Val_Oil_Spill_mask\Mask_oil\00023.tif,S1A_IW_GRDH_1SDV_20150312T051245_20150312T051310_004994_006422_CE50_O,subset_30_of_S1A_IW_GRDH_1SDV_20150312T051245_20150312T051310_004994_006422_CE50_Orb_NR_Cal_Spk_TC_dB,GRD,2015-03-12T05:12:53.205125,2015-03-12T05:12:55.614391,EPSG:4326,2048,2048,12.053993039128502,36.87706812284886,12.23796800931618,37.06104309303654,36.9690556079427,12.145980524222342,33266,0.7931232452392578,93320026.43312845,367.1901941922684,949.4089160103409,40.0,,,
00024,D:\SIH_Dataset\Part_I\01_Train_Val_Oil_Spill_images\Oil\00024.tif,D:\SIH_Dataset\Part_I\01_Train_Val_Oil_Spill_mask\Mask_oil\00024.tif,S1A_IW_GRDH_1SDV_20150312T051245_20150312T051310_004994_006422_CE50_O,subset_31_of_S1A_IW_GRDH_1SDV_20150312T051245_20150312T051310_004994_006422_CE50_Orb_NR_Cal_Spk_TC_dB,GRD,2015-03-12T05:12:52.330632,2015-03-12T05:12:54.739899,EPSG:4326,2048,2048,12.035218249690404,36.94381294845894,12.219193219878083,37.12778791864662,37.03580043355278,12.127205734784244,33268,0.7931709289550781,39481140.96752649,1110.1894012264038,1158.3990621618373,40.0,,,
00030,D:\SIH_Dataset\Part_I\01_Train_Val_Oil_Spill_images\Oil\00030.tif,D:\SIH_Dataset\Part_I\01_Train_Val_Oil_Spill_mask\Mask_oil\00030.tif,S1A_IW_GRDH_1SDV_20171016T023924_20171016T023947_018832_01FCC7_E86E_O,subset_59_of_S1A_IW_GRDH_1SDV_20171016T023924_20171016T023947_018832_01FCC7_E86E_Orb_NR_Cal_Spk_TC_dB,GRD,2017-10-16T02:39:27.969220,2017-10-16T02:39:30.331565,EPSG:4326,2048,2048,49.0712755298385,27.679730352594724,49.25525050002618,27.8637053227824,27.771717837688563,49.16326301493234,15122,0.3605365753173828,46217749.24064389,1009.5933738923422,1374.2992329057004,40.0,,,
00031,D:\SIH_Dataset\Part_I\01_Train_Val_Oil_Spill_images\Oil\00031.tif,D:\SIH_Dataset\Part_I\01_Train_Val_Oil_Spill_mask\Mask_oil\00031.tif,S1A_IW_GRDH_1SDV_20171016T023924_20171016T023947_018832_01FCC7_E86E_O,subset_60_of_S1A_IW_GRDH_1SDV_20171016T023924_20171016T023947_018832_01FCC7_E86E_Orb_NR_Cal_Spk_TC_dB,GRD,2017-10-16T02:39:28.272735,2017-10-16T02:39:30.635081,EPSG:4326,2048,2048,49.17485128209748,27.65610466062238,49.358826252285155,27.840079630810056,27.748092145716218,49.26683876719132,14840,0.35381317138671875,154298783.41003397,743.8137466307278,229.28780323450135,40.0,,,
00032,D:\SIH_Dataset\Part_I\01_Train_Val_Oil_Spill_images\Oil\00032.tif,D:\SIH_Dataset\Part_I\01_Train_Val_Oil_Spill_mask\Mask_oil\00032.tif,S1A_IW_GRDH_1SDV_20171016T023924_20171016T023947_018832_01FCC7_E86E_O,subset_61_of_S1A_IW_GRDH_1SDV_20171016T023924_20171016T023947_018832_01FCC7_E86E_Orb_NR_Cal_Spk_TC_dB,GRD,2017-10-16T02:39:27.899976,2017-10-16T02:39:30.262322,EPSG:4326,2048,2048,49.01710711820609,27.68512024429944,49.20108208839377,27.869095214487118,27.77710772939328,49.10909460329993,12581,0.2999544143676758,111193929.43489175,1116.318217947699,1819.956640966537,40.0,,,
00038,D:\SIH_Dataset\Part_I\01_Train_Val_Oil_Spill_images\Oil\00038.tif,D:\SIH_Dataset\Part_I\01_Train_Val_Oil_Spill_mask\Mask_oil\00038.tif,S1A_IW_GRDH_1SDV_20161014T170939_20161014T171002_013489_015911_1D3A_O,subset_91_of_S1A_IW_GRDH_1SDV_20161014T170939_20161014T171002_013489_015911_1D3A_Orb_NR_Cal_Spk_TC_dB,GRD,2016-10-14T17:09:43.857379,2016-10-14T17:09:46.220072,EPSG:4326,2048,2048,8.478242408822744,57.14304565972661,8.662217379010423,57.32702062991429,57.23503314482045,8.570229893916583,12746,0.30388832092285156,19838359.732008226,1780.769182488624,1004.5253412835399,40.0,,,
00065,D:\SIH_Dataset\Part_I\01_Train_Val_Oil_Spill_images\Oil\00065.tif,D:\SIH_Dataset\Part_I\01_Train_Val_Oil_Spill_mask\Mask_oil\00065.tif,S1A_IW_GRDH_1SDV_20170510T021513_20170510T021536_016513_01B5F0_7A15_O,subset_176_of_S1A_IW_GRDH_1SDV_20170510T021513_20170510T021536_016513_01B5F0_7A15_Orb_NR_Cal_Spk_TC_dB,GRD,2017-05-10T02:15:16.515037,2017-05-10T02:15:18.863586,EPSG:4326,2048,2048,54.34484413907691,25.45000891528879,54.52881910926459,25.633983885476468,25.54199640038263,54.43683162417075,29409,0.7011651992797852,158630988.98911613,1647.4810942228569,1218.2632017409637,40.0,,,
00087,D:\SIH_Dataset\Part_I\01_Train_Val_Oil_Spill_images\Oil\00087.tif,D:\SIH_Dataset\Part_I\01_Train_Val_Oil_Spill_mask\Mask_oil\00087.tif,S1A_IW_GRDH_1SDV_20160607T221734_20160607T221759_011611_011C05_5FE4_O,subset_44_of_S1A_IW_GRDH_1SDV_20160607T221734_20160607T221759_011611_011C05_5FE4_Orb_NR_Cal_Spk_TC_dB,GRD,2016-06-07T22:17:47.861676,2016-06-07T22:17:50.210096,EPSG:4326,2048,2048,-60.94065631183162,10.061224153641193,-60.75668134164394,10.245199123828872,10.153211638735034,-60.84866882673778,32172,0.7670402526855469,15140270.098353313,1097.9349123461395,951.0649322392143,40.0,,,
00103,D:\SIH_Dataset\Part_I\01_Train_Val_Oil_Spill_images\Oil\00103.tif,D:\SIH_Dataset\Part_I\01_Train_Val_Oil_Spill_mask\Mask_oil\00103.tif,S1A_IW_GRDH_1SDV_20170708T173515_20170708T173540_017383_01D087_E889_O,subset_12_of_S1A_IW_GRDH_1SDV_20170708T173515_20170708T173540_017383_01D087_E889_Orb_NR_Cal_Spk_TC_dB,GRD,2017-07-08T17:35:32.702052,2017-07-08T17:35:35.112778,EPSG:4326,2048,2048,1.9532831267279884,59.46746781446377,2.1372580969156663,59.651442784651444,59.559455299557605,2.0452706118218273,37941,0.9045839309692383,198926800.18202716,765.8919506602356,962.5556653751878,40.0,,,
00108,D:\SIH_Dataset\Part_I\01_Train_Val_Oil_Spill_images\Oil\00108.tif,D:\SIH_Dataset\Part_I\01_Train_Val_Oil_Spill_mask\Mask_oil\00108.tif,S1A_IW_GRDH_1SDV_20180111T172719_20180111T172744_020110_02249B_B117_O,subset_19_of_S1A_IW_GRDH_1SDV_20180111T172719_20180111T172744_020110_02249B_B117_Orb_NR_Cal_Spk_TC_dB,GRD,2018-01-11T17:27:25.332717,2018-01-11T17:27:27.738581,EPSG:4326,2048,2048,1.50609489871992,61.27092083454933,1.6900698689075981,61.454895804737006,61.36290831964317,1.5980823838137592,26514,0.6321430206298828,86222438.94875203,1008.1975937240703,1113.5704533454025,40.0,,,
00116,D:\SIH_Dataset\Part_I\01_Train_Val_Oil_Spill_images\Oil\00116.tif,D:\SIH_Dataset\Part_I\01_Train_Val_Oil_Spill_mask\Mask_oil\00116.tif,S1A_IW_GRDH_1SDV_20170616T171859_20170616T171924_017062_01C6D4_2EE1_O,subset_19_of_S1A_IW_GRDH_1SDV_20170616T171859_20170616T171924_017062_01C6D4_2EE1_Orb_NR_Cal_Spk_TC_dB,GRD,2017-06-16T17:19:10.147137,2017-06-16T17:19:12.554374,EPSG:4326,2048,2048,2.873811776182445,60.657831085114914,3.0577867463701227,60.84180605530259,60.74981857020875,2.965799261276284,34004,0.8107185363769531,138326955.76652732,890.090371720974,991.6463063169039,40.0,,,
00117,D:\SIH_Dataset\Part_I\01_Train_Val_Oil_Spill_images\Oil\00117.tif,D:\SIH_Dataset\Part_I\01_Train_Val_Oil_Spill_mask\Mask_oil\00117.tif,S1A_IW_GRDH_1SDV_20170616T171859_20170616T171924_017062_01C6D4_2EE1_O,subset_20_of_S1A_IW_GRDH_1SDV_20170616T171859_20170616T171924_017062_01C6D4_2EE1_Orb_NR_Cal_Spk_TC_dB,GRD,2017-06-16T17:19:10.028362,2017-06-16T17:19:12.435600,EPSG:4326,2048,2048,3.457267553218074,60.66690406948452,3.6412425234057517,60.85087903967219,60.758891554578355,3.549255038311913,25332,0.6039619445800781,55125101.61796136,1100.5290541607453,1050.476196115585,40.0,,,
00118,D:\SIH_Dataset\Part_I\01_Train_Val_Oil_Spill_images\Oil\00118.tif,D:\SIH_Dataset\Part_I\01_Train_Val_Oil_Spill_mask\Mask_oil\00118.tif,S1A_IW_GRDH_1SDV_20170616T171859_20170616T171924_017062_01C6D4_2EE1_O,subset_21_of_S1A_IW_GRDH_1SDV_20170616T171859_20170616T171924_017062_01C6D4_2EE1_Orb_NR_Cal_Spk_TC_dB,GRD,2017-06-16T17:19:08.213820,2017-06-16T17:19:10.621058,EPSG:4326,2048,2048,3.4964340996056853,60.80551411782416,3.680409069793363,60.98948908801184,60.897501602918,3.588421584699524,14867,0.35445690155029297,987003.4267893828,1167.8770094840922,1179.2654536893792,40.0,,,
00130,D:\SIH_Dataset\Part_I\01_Train_Val_Oil_Spill_images\Oil\00130.tif,D:\SIH_Dataset\Part_I\01_Train_Val_Oil_Spill_mask\Mask_oil\00130.tif,S1A_IW_GRDH_1SDV_20170827T171903_20170827T171928_018112_01E6B5_288E_O,subset_49_of_S1A_IW_GRDH_1SDV_20170827T171903_20170827T171928_018112_01E6B5_288E_Orb_NR_Cal_Spk_TC_dB,GRD,2017-08-27T17:19:14.059772,2017-08-27T17:19:16.467117,EPSG:4326,2048,2048,3.4726884848692396,60.66315575768046,3.6566634550569175,60.847130727868134,60.755143242774295,3.5646759699630786,24720,0.5893707275390625,58456619.57314661,761.057645631068,921.3559870550162,40.0,,,
00135,D:\SIH_Dataset\Part_I\01_Train_Val_Oil_Spill_images\Oil\00135.tif,D:\SIH_Dataset\Part_I\01_Train_Val_Oil_Spill_mask\Mask_oil\00135.tif,S1A_IW_GRDH_1SDV_20170830T174257_20170830T174322_018156_01E80E_46BF_O,subset_72_of_S1A_IW_GRDH_1SDV_20170830T174257_20170830T174322_018156_01E80E_46BF_Orb_NR_Cal_Spk_TC_dB,GRD,2017-08-30T17:43:02.739410,2017-08-30T17:43:05.158005,EPSG:4326,2048,2048,-0.3253487168533664,58.36317585804072,-0.14137374666568842,58.547150828228396,58.45516334313456,-0.23336123175952742,19544,0.46596527099609375,86231625.92403276,946.8210704052394,1099.6666496111338,40.0,,,
00153,D:\SIH_Dataset\Part_I\01_Train_Val_Oil_Spill_images\Oil\00153.tif,D:\SIH_Dataset\Part_I\01_Train_Val_Oil_Spill_mask\Mask_oil\00153.tif,S1A_IW_GRDH_1SDV_20170913T045157_20170913T045222_018352_01EE2E_DD64_O,subset_122_of_S1A_IW_GRDH_1SDV_20170913T045157_20170913T045222_018352_01EE2E_DD64_Orb_NR_Cal_Spk_TC_dB,GRD,2017-09-13T04:52:03.927952,2017-09-13T04:52:06.215491,EPSG:4326,2048,2048,11.447467541042238,-5.6055208855502405,11.631442511229917,-5.421545915362563,-5.513533400456401,11.539455026136078,28748,0.6854057312011719,93386340.52095906,642.7950813969668,598.4040628913316,40.0,,,
00162,D:\SIH_Dataset\Part_I\01_Train_Val_Oil_Spill_images\Oil\00162.tif,D:\SIH_Dataset\Part_I\01_Train_Val_Oil_Spill_mask\Mask_oil\00162.tif,S1B_IW_GRDH_1SDV_20180204T035058_20180204T035123_009468_011070_A886_O,subset_143_of_S1B_IW_GRDH_1SDV_20180204T035058_20180204T035123_009468_011070_A886_Orb_NR_Cal_Spk_TC_dB,GRD,2018-02-04T03:51:11.016542,2018-02-04T03:51:13.423376,EPSG:4326,2048,2048,33.069930733091006,33.28377275537111,33.25390570327868,33.46774772555879,33.37576024046495,33.161918218184844,36490,0.8699893951416016,15146677.262474883,921.899616333242,1129.3152370512469,40.0,,,
00183,D:\SIH_Dataset\Part_I\01_Train_Val_Oil_Spill_images\Oil\00183.tif,D:\SIH_Dataset\Part_I\01_Train_Val_Oil_Spill_mask\Mask_oil\00183.tif,S1A_IW_GRDH_1SDV_20170925T045157_20170925T045222_018527_01F38E_8063_O,subset_201_of_S1A_IW_GRDH_1SDV_20170925T045157_20170925T045222_018527_01F38E_8063_Orb_NR_Cal_Spk_TC_dB,GRD,2017-09-25T04:52:03.496225,2017-09-25T04:52:05.783792,EPSG:4326,2048,2048,11.409756043645581,-5.545805330152293,11.59373101383326,-5.361830359964615,-5.453817845058454,11.501743528739421,17698,0.4219532012939453,20016166.84592752,846.0995592722342,922.7469205559951,40.0,,,
00185,D:\SIH_Dataset\Part_I\01_Train_Val_Oil_Spill_images\Oil\00185.tif,D:\SIH_Dataset\Part_I\01_Train_Val_Oil_Spill_mask\Mask_oil\00185.tif,S1A_IW_GRDH_1SDV_20170925T045157_20170925T045222_018527_01F38E_8063_O,subset_203_of_S1A_IW_GRDH_1SDV_20170925T045157_20170925T045222_018527_01F38E_8063_Orb_NR_Cal_Spk_TC_dB,GRD,2017-09-25T04:52:08.934085,2017-09-25T04:52:11.221652,EPSG:4326,2048,2048,11.997793228630218,-5.982925547404852,12.181768198817897,-5.798950577217174,-5.8909380623110135,12.089780713724057,31708,0.7559776306152344,8168988.62072859,988.0695723476725,790.68408603507,40.0,,,
00191,D:\SIH_Dataset\Part_I\01_Train_Val_Oil_Spill_images\Oil\00191.tif,D:\SIH_Dataset\Part_I\01_Train_Val_Oil_Spill_mask\Mask_oil\00191.tif,S1A_IW_GRDH_1SDV_20170817T023857_20170817T023922_017957_01E207_7BFA_O,subset_221_of_S1A_IW_GRDH_1SDV_20170817T023857_20170817T023922_017957_01E207_7BFA_Orb_NR_Cal_Spk_TC_dB,GRD,2017-08-17T02:39:15.380925,2017-08-17T02:39:17.775271,EPSG:4326,2048,2048,50.19441435582555,28.091829765492776,50.37838932601323,28.275804735680452,28.183817250586614,50.28640184091939,35486,0.8460521697998047,59375858.28842484,1089.2215803415431,1015.7211858197599,40.0,,,
00195,D:\SIH_Dataset\Part_I\01_Train_Val_Oil_Spill_images\Oil\00195.tif,D:\SIH_Dataset\Part_I\01_Train_Val_Oil_Spill_mask\Mask_oil\00195.tif,S1A_IW_GRDH_1SDV_20170817T023857_20170817T023922_017957_01E207_7BFA_O,subset_225_of_S1A_IW_GRDH_1SDV_20170817T023857_20170817T023922_017957_01E207_7BFA_Orb_NR_Cal_Spk_TC_dB,GRD,2017-08-17T02:39:04.346112,2017-08-17T02:39:06.740458,EPSG:4326,2048,2048,49.997323982489725,28.939300404531135,50.1812989526774,29.123275374718812,29.031287889624974,50.08931146758356,15638,0.37283897399902344,6760300.040914045,388.8229952679371,447.4143752398005,40.0,,,
00196,D:\SIH_Dataset\Part_I\01_Train_Val_Oil_Spill_images\Oil\00196.tif,D:\SIH_Dataset\Part_I\01_Train_Val_Oil_Spill_mask\Mask_oil\00196.tif,S1A_IW_GRDH_1SDV_20170817T023857_20170817T023922_017957_01E207_7BFA_O,subset_226_of_S1A_IW_GRDH_1SDV_20170817T023857_20170817T023922_017957_01E207_7BFA_Orb_NR_Cal_Spk_TC_dB,GRD,2017-08-17T02:39:07.961609,2017-08-17T02:39:10.355956,EPSG:4326,2048,2048,49.90282121460035,28.66163115020979,50.08679618478803,28.845606120397466,28.753618635303628,49.99480869969419,17160,0.40912628173828125,50333076.72567379,407.0509906759907,341.78886946386945,40.0,,,
00211,D:\SIH_Dataset\Part_I\01_Train_Val_Oil_Spill_images\Oil\00211.tif,D:\SIH_Dataset\Part_I\01_Train_Val_Oil_Spill_mask\Mask_oil\00211.tif,S1B_IW_GRDH_1SDV_20180228T035123_20180228T035148_009818_011BFF_A6C6_O,subset_260_of_S1B_IW_GRDH_1SDV_20180228T035123_20180228T035148_009818_011BFF_A6C6_Orb_NR_Cal_Spk_TC_dB,GRD,2018-02-28T03:51:34.393562,2018-02-28T03:51:36.797129,EPSG:4326,2048,2048,32.059842359376695,31.887355434903256,32.24381732956437,32.07133040509093,31.979342919997094,32.151829844470534,26935,0.6421804428100586,12673382.512306942,1222.3168553926118,792.4591980694264,40.0,,,
00227,D:\SIH_Dataset\Part_I\01_Train_Val_Oil_Spill_images\Oil\00227.tif,D:\SIH_Dataset\Part_I\01_Train_Val_Oil_Spill_mask\Mask_oil\00227.tif,S1B_IW_GRDH_1SDV_20170913T035125_20170913T035150_007368_00D005_305E_O,subset_276_of_S1B_IW_GRDH_1SDV_20170913T035125_20170913T035150_007368_00D005_305E_Orb_NR_Cal_Spk_TC_dB,GRD,2017-09-13T03:51:39.990420,2017-09-13T03:51:42.393846,EPSG:4326,2048,2048,31.340246280402805,31.64059068857963,31.524221250590482,31.824565658767305,31.732578173673467,31.432233765496644,34765,0.828862190246582,276921461.6213709,1031.610714799367,440.27293254710196,40.0,,,
00231,D:\SIH_Dataset\Part_I\01_Train_Val_Oil_Spill_images\Oil\00231.tif,D:\SIH_Dataset\Part_I\01_Train_Val_Oil_Spill_mask\Mask_oil\00231.tif,S1A_IW_GRDH_1SDV_20170807T000823_20170807T000848_017810_01DD99_6B25_O,subset_280_of_S1A_IW_GRDH_1SDV_20170807T000823_20170807T000848_017810_01DD99_6B25_Orb_NR_Cal_Spk_TC_dB,GRD,2017-08-07T00:08:43.663911,2017-08-07T00:08:46.044257,EPSG:4326,2048,2048,-90.95075498037686,22.87367324662408,-90.76678001018918,23.057648216811756,22.965660731717918,-90.85876749528302,34168,0.8146286010742188,58427914.78183769,996.6189416998361,722.6815148677125,40.0,,,
00236,D:\SIH_Dataset\Part_I\01_Train_Val_Oil_Spill_images\Oil\00236.tif,D:\SIH_Dataset\Part_I\01_Train_Val_Oil_Spill_mask\Mask_oil\00236.tif,S1A_IW_GRDH_1SDV_20171227T002529_20171227T002554_019881_021D52_4E0D_O,subset_285_of_S1A_IW_GRDH_1SDV_20171227T002529_20171227T002554_019881_021D52_4E0D_Orb_NR_Cal_Spk_TC_dB,GRD,2017-12-27T00:25:39.108692,2017-12-27T00:25:41.495220,EPSG:4326,2048,2048,-94.95272548738299,26.051591492177618,-94.76875051719531,26.235566462365295,26.143578977271456,-94.86073800228915,31530,0.7517337799072266,129294020.51625066,1193.1032667300983,1134.3663177925785,40.0,,,
00248,D:\SIH_Dataset\Part_I\01_Train_Val_Oil_Spill_images\Oil\00248.tif,D:\SIH_Dataset\Part_I\01_Train_Val_Oil_Spill_mask\Mask_oil\00248.tif,S1A_IW_GRDH_1SDV_20180227T000822_20180227T000847_020785_023A21_C502_O,subset_297_of_S1A_IW_GRDH_1SDV_20180227T000822_20180227T000847_020785_023A21_C502_Orb_NR_Cal_Spk_TC_dB,GRD,2018-02-27T00:08:38.745413,2018-02-27T00:08:41.125535,EPSG:4326,2048,2048,-90.40778480426223,23.182734317367448,-90.22380983407456,23.366709287555125,23.274721802461286,-90.3157973191684,41943,0.9999990463256836,55053773.00589287,1310.6841785280023,540.298822211096,40.0,,,
00253,D:\SIH_Dataset\Part_I\01_Train_Val_Oil_Spill_images\Oil\00253.tif,D:\SIH_Dataset\Part_I\01_Train_Val_Oil_Spill_mask\Mask_oil\00253.tif,S1A_IW_GRDH_1SDV_20161029T154922_20161029T154947_013707_015FCD_9EE7_O,subset_302_of_S1A_IW_GRDH_1SDV_20161029T154922_20161029T154947_013707_015FCD_9EE7_Orb_NR_Cal_Spk_TC_dB,GRD,2016-10-29T15:49:33.104503,2016-10-29T15:49:35.511931,EPSG:4326,2048,2048,33.4858171957319,34.34871803227306,33.669792165919574,34.53269300246074,34.4407055173669,33.577804680825736,36773,0.8767366409301758,322083370.2387756,1056.6854349658718,754.793829712017,40.0,,,
00258,D:\SIH_Dataset\Part_I\01_Train_Val_Oil_Spill_images\Oil\00258.tif,D:\SIH_Dataset\Part_I\01_Train_Val_Oil_Spill_mask\Mask_oil\00258.tif,S1A_IW_GRDH_1SDV_20171224T000112_20171224T000137_019837_021BF1_C1EC_O,subset_307_of_S1A_IW_GRDH_1SDV_20171224T000112_20171224T000137_019837_021BF1_C1EC_Orb_NR_Cal_Spk_TC_dB,GRD,2017-12-24T00:01:24.146959,2017-12-24T00:01:26.536793,EPSG:4326,2048,2048,-90.29325814238587,27.284776187121036,-90.10928317219819,27.468751157308713,27.376763672214874,-90.20127065729203,21598,0.5149364471435547,63541770.65583647,1076.7412723400314,801.3410037966478,40.0,,,
00259,D:\SIH_Dataset\Part_I\01_Train_Val_Oil_Spill_images\Oil\00259.tif,D:\SIH_Dataset\Part_I\01_Train_Val_Oil_Spill_mask\Mask_oil\00259.tif,S1A_IW_GRDH_1SDV_20171224T000112_20171224T000137_019837_021BF1_C1EC_O,subset_308_of_S1A_IW_GRDH_1SDV_20171224T000112_20171224T000137_019837_021BF1_C1EC_Orb_NR_Cal_Spk_TC_dB,GRD,2017-12-24T00:01:28.853075,2017-12-24T00:01:31.242909,EPSG:4326,2048,2048,-90.3492231845865,26.922665296092454,-90.16524821439883,27.10664026628013,27.014652781186292,-90.25723569949267,17067,0.4069089889526367,67490950.30846515,1019.3384601863245,925.047723677272,40.0,,,
00267,D:\SIH_Dataset\Part_I\01_Train_Val_Oil_Spill_images\Oil\00267.tif,D:\SIH_Dataset\Part_I\01_Train_Val_Oil_Spill_mask\Mask_oil\00267.tif,S1A_IW_GRDH_1SDV_20170528T045216_20170528T045241_016777_01BE0F_5BB0_O,subset_322_of_S1A_IW_GRDH_1SDV_20170528T045216_20170528T045241_016777_01BE0F_5BB0_Orb_NR_Cal_Spk_TC_dB,GRD,2017-05-28T04:52:34.796881,2017-05-28T04:52:37.079460,EPSG:4326,2048,2048,12.026888855198223,-8.054715870805246,12.210863825385902,-7.870740900617569,-7.962728385711408,12.118876340292061,14935,0.3560781478881836,27476116.52314117,1315.6432206226984,1157.3514897890861,40.0,,,
00268,D:\SIH_Dataset\Part_I\01_Train_Val_Oil_Spill_images\Oil\00268.tif,D:\SIH_Dataset\Part_I\01_Train_Val_Oil_Spill_mask\Mask_oil\00268.tif,S1A_IW_GRDH_1SDV_20170528T045216_20170528T045241_016777_01BE0F_5BB0_O,subset_323_of_S1A_IW_GRDH_1SDV_20170528T045216_20170528T045241_016777_01BE0F_5BB0_Orb_NR_Cal_Spk_TC_dB,GRD,2017-05-28T04:52:31.441591,2017-05-28T04:52:33.724170,EPSG:4326,2048,2048,12.039824595289545,-7.784412801813683,12.223799565477224,-7.600437831626005,-7.692425316719843,12.131812080383384,29556,0.7046699523925781,103055209.3103596,1022.0560630667208,856.1041074570308,40.0,,,
00285,D:\SIH_Dataset\Part_I\01_Train_Val_Oil_Spill_images\Oil\00285.tif,D:\SIH_Dataset\Part_I\01_Train_Val_Oil_Spill_mask\Mask_oil\00285.tif,S1A_IW_GRDH_1SDV_20180105T000111_20180105T000136_020012_022178_FD4E_O,subset_340_of_S1A_IW_GRDH_1SDV_20180105T000111_20180105T000136_020012_022178_FD4E_Orb_NR_Cal_Spk_TC_dB,GRD,2018-01-05T00:01:24.219068,2018-01-05T00:01:26.608897,EPSG:4326,2048,2048,-90.65857412291227,27.24286319795127,-90.4745991527246,27.426838168138946,27.334850683045108,-90.56658663781843,33482,0.7982730865478516,78773093.02186593,892.0661549489278,1022.401290245505,40.0,,,
00291,D:\SIH_Dataset\Part_I\01_Train_Val_Oil_Spill_images\Oil\00291.tif,D:\SIH_Dataset\Part_I\01_Train_Val_Oil_Spill_mask\Mask_oil\00291.tif,S1A_IW_GRDH_1SDV_20171212T000113_20171212T000138_019662_021690_6A30_O,subset_346_of_S1A_IW_GRDH_1SDV_20171212T000113_20171212T000138_019662_021690_6A30_Orb_NR_Cal_Spk_TC_dB,GRD,2017-12-12T00:01:28.234423,2017-12-12T00:01:30.624251,EPSG:4326,2048,2048,-90.53994241002314,27.020216427759266,-90.35596743983547,27.204191397946943,27.112203912853104,-90.4479549249293,31325,0.7468461990356445,58092575.711738825,878.6134876296887,1139.4049321628092,40.0,,,
00302,D:\SIH_Dataset\Part_I\01_Train_Val_Oil_Spill_images\Oil\00302.tif,D:\SIH_Dataset\Part_I\01_Train_Val_Oil_Spill_mask\Mask_oil\00302.tif,S1A_IW_GRDH_1SDV_20151027T165531_20151027T165556_008341_00BC50_3935_O,subset_363_of_S1A_IW_GRDH_1SDV_20151027T165531_20151027T165556_008341_00BC50_3935_Orb_NR_Cal_Spk_TC_dB,GRD,2015-10-27T16:55:35.595388,2015-10-27T16:55:38.007163,EPSG:4326,2048,2048,15.88814920955761,36.42052207627853,16.072124179745288,36.60449704646621,36.51250956137237,15.98013669465145,28799,0.6866216659545898,60912377.215478204,299.05331782353556,1065.3942671620543,40.0,,,
00308,D:\SIH_Dataset\Part_I\01_Train_Val_Oil_Spill_images\Oil\00308.tif,D:\SIH_Dataset\Part_I\01_Train_Val_Oil_Spill_mask\Mask_oil\00308.tif,S1A_IW_GRDH_1SDV_20160602T154042_20160602T154107_011534_0119A0_AC28_O,subset_393_of_S1A_IW_GRDH_1SDV_20160602T154042_20160602T154107_011534_0119A0_AC28_Orb_NR_Cal_Spk_TC_dB,GRD,2016-06-02T15:40:56.316281,2016-06-02T15:40:58.721036,EPSG:4326,2048,2048,34.10473121405859,32.8984212958766,34.288706184246266,33.08239626606428,32.99040878097044,34.19671869915243,22490,0.5362033843994141,191256.07200566796,936.2178746109382,833.6679413072477,40.0,,,
00319,D:\SIH_Dataset\Part_I\01_Train_Val_Oil_Spill_images\Oil\00319.tif,D:\SIH_Dataset\Part_I\01_Train_Val_Oil_Spill_mask\Mask_oil\00319.tif,S1A_IW_GRDH_1SDV_20161119T152715_20161119T152740_014013_016957_F849_O,subset_404_of_S1A_IW_GRDH_1SDV_20161119T152715_20161119T152740_014013_016957_F849_Orb_NR_Cal_Spk_TC_dB,GRD,2016-11-19T15:27:24.866010,2016-11-19T15:27:27.288059,EPSG:4326,2048,2048,36.138085269682804,43.77145164274045,36.32206023987048,43.95542661292813,43.86343912783429,36.23007275477664,17187,0.40977001190185547,130898726.89010136,763.467126316402,1048.3346424623262,40.0,,,
00329,D:\SIH_Dataset\Part_I\01_Train_Val_Oil_Spill_images\Oil\00329.tif,D:\SIH_Dataset\Part_I\01_Train_Val_Oil_Spill_mask\Mask_oil\00329.tif,S1A_IW_GRDH_1SDV_20190920T095205_20190920T095230_029103_034DAB_3201_O,subset_414_of_S1A_IW_GRDH_1SDV_20190920T095205_20190920T095230_029103_034DAB_3201_Orb_NR_Cal_Spk_TC_dB,GRD,2019-09-20T09:52:18.683442,2019-09-20T09:52:21.033713,EPSG:4326,2048,2048,-60.93175854915329,10.301746577752189,-60.74778357896561,10.485721547939868,10.393734062846029,-60.83977106405945,23127,0.5513906478881836,15637144.533063117,999.582933367925,846.7167596315994,40.0,,,
00337,D:\SIH_Dataset\Part_I\01_Train_Val_Oil_Spill_images\Oil\00337.tif,D:\SIH_Dataset\Part_I\01_Train_Val_Oil_Spill_mask\Mask_oil\00337.tif,S1A_IW_GRDH_1SDV_20190920T095205_20190920T095230_029103_034DAB_3201_O,subset_422_of_S1A_IW_GRDH_1SDV_20190920T095205_20190920T095230_029103_034DAB_3201_Orb_NR_Cal_Spk_TC_dB,GRD,2019-09-20T09:52:13.120637,2019-09-20T09:52:15.470908,EPSG:4326,2048,2048,-60.64528580504757,10.736980332908098,-60.461310834859894,10.920955303095777,10.828967818001939,-60.55329831995373,21520,0.5130767822265625,1632792.1030692032,873.3196096654275,777.4956784386617,40.0,,,
00348,D:\SIH_Dataset\Part_I\01_Train_Val_Oil_Spill_images\Oil\00348.tif,D:\SIH_Dataset\Part_I\01_Train_Val_Oil_Spill_mask\Mask_oil\00348.tif,S1A_IW_GRDH_1SDV_20171010T142441_20171010T142506_018752_01FA61_AEEA_O,subset_433_of_S1A_IW_GRDH_1SDV_20171010T142441_20171010T142506_018752_01FA61_AEEA_Orb_NR_Cal_Spk_TC_dB,GRD,2017-10-10T14:24:48.318271,2017-10-10T14:24:50.700363,EPSG:4326,2048,2048,54.24552901114798,25.65437648263678,54.42950398133566,25.838351452824458,25.74636396773062,54.33751649624182,19114,0.45571327209472656,66358362.001681805,1529.363503191378,1054.898451396882,40.0,,,
00362,D:\SIH_Dataset\Part_I\01_Train_Val_Oil_Spill_images\Oil\00362.tif,D:\SIH_Dataset\Part_I\01_Train_Val_Oil_Spill_mask\Mask_oil\00362.tif,S1A_IW_GRDH_1SDV_20171010T142441_20171010T142506_018752_01FA61_AEEA_O,subset_447_of_S1A_IW_GRDH_1SDV_20171010T142441_20171010T142506_018752_01FA61_AEEA_Orb_NR_Cal_Spk_TC_dB,GRD,2017-10-10T14:24:51.609212,2017-10-10T14:24:53.991304,EPSG:4326,2048,2048,55.11518803770409,25.40033292028778,55.299163007891764,25.584307890475458,25.49232040538162,55.207175522797925,28785,0.6862878799438477,125764993.63931778,1009.4439986103873,1384.6991662324126,40.0,,,
00387,D:\SIH_Dataset\Part_I\01_Train_Val_Oil_Spill_images\Oil\00387.tif,D:\SIH_Dataset\Part_I\01_Train_Val_Oil_Spill_mask\Mask_oil\00387.tif,S1B_IW_GRDH_1SDV_20180311T154853_20180311T154918_009986_01219E_3634_O,subset_490_of_S1B_IW_GRDH_1SDV_20180311T154853_20180311T154918_009986_01219E_3634_Orb_NR_Cal_Spk_TC_dB,GRD,2018-03-11T15:48:58.435774,2018-03-11T15:49:00.844714,EPSG:4326,2048,2048,31.200494014476302,35.50075742709598,31.38446898466398,35.68473239728365,35.592744912189815,31.29248149957014,29454,0.7022380828857422,44767630.379673064,1053.943165614178,1065.5835200651863,40.0,,,
00391,D:\SIH_Dataset\Part_I\01_Train_Val_Oil_Spill_images\Oil\00391.tif,D:\SIH_Dataset\Part_I\01_Train_Val_Oil_Spill_mask\Mask_oil\00391.tif,S1A_IW_GRDH_1SDV_20150731T154918_20150731T154943_007057_00998A_E86C_O,subset_502_of_S1A_IW_GRDH_1SDV_20150731T154918_20150731T154943_007057_00998A_E86C_Orb_NR_Cal_Spk_TC_dB,GRD,2015-07-31T15:49:33.609503,2015-07-31T15:49:36.017178,EPSG:4326,2048,2048,32.826277222165075,34.34986263427449,33.01025219235275,34.533837604462164,34.441850119368326,32.91826470725891,25935,0.6183385848999023,198774438.93947852,316.5149990360517,1375.274744553692,40.0,,,
00408,D:\SIH_Dataset\Part_I\01_Train_Val_Oil_Spill_images\Oil\00408.tif,D:\SIH_Dataset\Part_I\01_Train_Val_Oil_Spill_mask\Mask_oil\00408.tif,S1A_IW_GRDH_1SDV_20150831T154054_20150831T154119_007509_00A5F2_94DC_O,subset_520_of_S1A_IW_GRDH_1SDV_20150831T154054_20150831T154119_007509_00A5F2_94DC_Orb_NR_Cal_Spk_TC_dB,GRD,2015-08-31T15:41:00.251625,2015-08-31T15:41:02.657663,EPSG:4326,2048,2048,35.11539604201328,34.38123708048624,35.29937101220096,34.565212050673914,34.473224565580075,35.20738352710712,24150,0.5757808685302734,21224065.95327285,713.1272877846791,1267.8455486542443,40.0,,,
00434,D:\SIH_Dataset\Part_I\01_Train_Val_Oil_Spill_images\Oil\00434.tif,D:\SIH_Dataset\Part_I\01_Train_Val_Oil_Spill_mask\Mask_oil\00434.tif,S1A_IW_GRDH_1SDV_20181112T095159_20181112T095224_024553_02B1DF_3BEF_O,subset_581_of_S1A_IW_GRDH_1SDV_20181112T095159_20181112T095224_024553_02B1DF_3BEF_Orb_NR_Cal_Spk_TC_dB,GRD,2018-11-12T09:52:12.581647,2018-11-12T09:52:14.932081,EPSG:4326,2048,2048,-60.72758893445387,10.310478170436363,-60.54361396426619,10.494453140624042,10.402465655530204,-60.63560144936003,40789,0.9724855422973633,40553390.42545363,1092.6957880801197,308.31563656868275,40.0,,,
00435,D:\SIH_Dataset\Part_I\01_Train_Val_Oil_Spill_images\Oil\00435.tif,D:\SIH_Dataset\Part_I\01_Train_Val_Oil_Spill_mask\Mask_oil\00435.tif,S1A_IW_GRDH_1SDV_20190204T095156_20190204T095221_025778_02DDE3_29ED_O,subset_590_of_S1A_IW_GRDH_1SDV_20190204T095156_20190204T095221_025778_02DDE3_29ED_Orb_NR_Cal_Spk_TC_dB,GRD,2019-02-04T09:52:13.202364,2019-02-04T09:52:15.552799,EPSG:4326,2048,2048,-60.976487099168644,10.018995656949613,-60.79251212898097,10.202970627137292,10.110983142043452,-60.884499614074805,14842,0.35386085510253906,138612371.24863687,1056.1676997709203,1388.797870906886,40.0,,,
00443,D:\SIH_Dataset\Part_I\01_Train_Val_Oil_Spill_images\Oil\00443.tif,D:\SIH_Dataset\Part_I\01_Train_Val_Oil_Spill_mask\Mask_oil\00443.tif,S1A_IW_GRDH_1SDV_20180523T045157_20180523T045222_022027_026151_8D54_O,subset_605_of_S1A_IW_GRDH_1SDV_20180523T045157_20180523T045222_022027_026151_8D54_Orb_NR_Cal_Spk_TC_dB,GRD,2018-05-23T04:52:00.687301,2018-05-23T04:52:02.974862,EPSG:4326,2048,2048,11.402294402062255,-5.319676856867503,11.586269372249934,-5.135701886679825,-5.227689371773664,11.494281887156095,34251,0.8166074752807617,70234604.23400274,1152.254985255905,1014.5104230533415,40.0,,,
00452,D:\SIH_Dataset\Part_I\01_Train_Val_Oil_Spill_images\Oil\00452.tif,D:\SIH_Dataset\Part_I\01_Train_Val_Oil_Spill_mask\Mask_oil\00452.tif,S1B_IW_GRDH_1SDV_20180120T092853_20180120T092918_009253_010962_4338_O,subset_626_of_S1B_IW_GRDH_1SDV_20180120T092853_20180120T092918_009253_010962_4338_Orb_NR_Cal_Spk_TC_dB,GRD,2018-01-20T09:29:06.568461,2018-01-20T09:29:08.981962,EPSG:4326,2048,2048,127.77239054173535,29.47037652506293,127.95636551192302,29.65435149525061,29.56236401015677,127.86437802682919,25508,0.6081581115722656,46590520.64280879,1200.5890700956563,809.0845617061314,40.0,,,
00455,D:\SIH_Dataset\Part_I\01_Train_Val_Oil_Spill_images\Oil\00455.tif,D:\SIH_Dataset\Part_I\01_Train_Val_Oil_Spill_mask\Mask_oil\00455.tif,S1B_IW_GRDH_1SDV_20180120T092853_20180120T092918_009253_010962_4338_O,subset_629_of_S1B_IW_GRDH_1SDV_20180120T092853_20180120T092918_009253_010962_4338_Orb_NR_Cal_Spk_TC_dB,GRD,2018-01-20T09:29:12.188960,2018-01-20T09:29:14.602461,EPSG:4326,2048,2048,127.44863771333867,29.042149629123156,127.63261268352635,29.226124599310833,29.134137114216994,127.54062519843251,14271,0.34024715423583984,5291813.46325118,484.3831196132016,1022.9900847873309,40.0,,,
00460,D:\SIH_Dataset\Part_I\01_Train_Val_Oil_Spill_images\Oil\00460.tif,D:\SIH_Dataset\Part_I\01_Train_Val_Oil_Spill_mask\Mask_oil\00460.tif,S1A_IW_GRDH_1SDV_20170704T111705_20170704T111730_017320_01CEB7_D612_O,subset_634_of_S1A_IW_GRDH_1SDV_20170704T111705_20170704T111730_017320_01CEB7_D612_Orb_NR_Cal_Spk_TC_dB,GRD,2017-07-04T11:17:11.617801,2017-07-04T11:17:13.929329,EPSG:4326,2048,2048,104.65335313635515,2.2423762667007785,104.83732810654283,2.4263512368884563,2.3343637517946174,104.74534062144899,26496,0.6317138671875,16646402.496320076,1050.4042874396134,1030.1256038647343,40.0,,,
00461,D:\SIH_Dataset\Part_I\01_Train_Val_Oil_Spill_images\Oil\00461.tif,D:\SIH_Dataset\Part_I\01_Train_Val_Oil_Spill_mask\Mask_oil\00461.tif,S1B_IW_GRDH_1SDV_20170818T182534_20170818T182559_006998_00C540_C896_O,subset_635_of_S1B_IW_GRDH_1SDV_20170818T182534_20170818T182559_006998_00C540_C896_Orb_NR_Cal_Spk_TC_dB,GRD,2017-08-18T18:25:43.993535,2017-08-18T18:25:46.406116,EPSG:4326,2048,2048,-7.4272970940677165,36.295873191565846,-7.243322123880039,36.47984816175352,36.387860676659685,-7.335309608973878,19939,0.47538280487060547,34101558.58422102,1881.7878278750188,628.5141431365665,40.0,,,
00500,D:\SIH_Dataset\Part_I\01_Train_Val_Oil_Spill_images\Oil\00500.tif,D:\SIH_Dataset\Part_I\01_Train_Val_Oil_Spill_mask\Mask_oil\00500.tif,S1A_IW_GRDH_1SDV_20170709T000135_20170709T000200_017387_01D0AA_B7B5_O,subset_740_of_S1A_IW_GRDH_1SDV_20170709T000135_20170709T000200_017387_01D0AA_B7B5_Orb_NR_Cal_Spk_TC_dB,GRD,2017-07-09T00:01:42.255157,2017-07-09T00:01:44.649096,EPSG:4326,2048,2048,-89.04853661212586,29.14214457117181,-88.86456164193818,29.326119541359486,29.234132056265647,-88.95654912703202,15020,0.3581047058105469,40153986.780858144,1363.2025299600532,1175.6725699067908,40.0,,,
00509,D:\SIH_Dataset\Part_I\01_Train_Val_Oil_Spill_images\Oil\00509.tif,D:\SIH_Dataset\Part_I\01_Train_Val_Oil_Spill_mask\Mask_oil\00509.tif,S1B_IW_GRDH_1SDV_20180615T154858_20180615T154923_011386_014E8F_4E24_O,subset_765_of_S1B_IW_GRDH_1SDV_20180615T154858_20180615T154923_011386_014E8F_4E24_Orb_NR_Cal_Spk_TC_dB,GRD,2018-06-15T15:49:13.974466,2018-06-15T15:49:16.383531,EPSG:4326,2048,2048,31.739752576808073,34.64398036363429,31.92372754699575,34.82795533382197,34.73596784872813,31.83174006190191,35817,0.8539438247680664,216738795.0548769,1076.200979981573,1910.1911243264371,40.0,,,
00511,D:\SIH_Dataset\Part_I\01_Train_Val_Oil_Spill_images\Oil\00511.tif,D:\SIH_Dataset\Part_I\01_Train_Val_Oil_Spill_mask\Mask_oil\00511.tif,S1B_IW_GRDH_1SDV_20180615T154858_20180615T154923_011386_014E8F_4E24_O,subset_767_of_S1B_IW_GRDH_1SDV_20180615T154858_20180615T154923_011386_014E8F_4E24_Orb_NR_Cal_Spk_TC_dB,GRD,2018-06-15T15:49:08.765612,2018-06-15T15:49:11.174678,EPSG:4326,2048,2048,31.215765271581155,35.04157470838559,31.399740241768832,35.225549678573266,35.13356219347943,31.307752756674994,33565,0.8002519607543945,2514242.0942090782,976.1303590049158,984.9015790257708,40.0,,,
00512,D:\SIH_Dataset\Part_I\01_Train_Val_Oil_Spill_images\Oil\00512.tif,D:\SIH_Dataset\Part_I\01_Train_Val_Oil_Spill_mask\Mask_oil\00512.tif,S1B_IW_GRDH_1SDV_20180615T154858_20180615T154923_011386_014E8F_4E24_O,subset_768_of_S1B_IW_GRDH_1SDV_20180615T154858_20180615T154923_011386_014E8F_4E24_Orb_NR_Cal_Spk_TC_dB,GRD,2018-06-15T15:49:07.684063,2018-06-15T15:49:10.093129,EPSG:4326,2048,2048,31.225017919007588,35.12412988299617,31.408992889195265,35.30810485318385,35.21611736809001,31.317005404101426,35606,0.8489131927490234,69105649.97240815,1786.5802673706678,824.2718642925349,40.0,,,
00520,D:\SIH_Dataset\Part_I\01_Train_Val_Oil_Spill_images\Oil\00520.tif,D:\SIH_Dataset\Part_I\01_Train_Val_Oil_Spill_mask\Mask_oil\00520.tif,S1A_IW_GRDH_1SDV_20171013T000139_20171013T000204_018787_01FB66_8385_O,subset_793_of_S1A_IW_GRDH_1SDV_20171013T000139_20171013T000204_018787_01FB66_8385_Orb_NR_Cal_Spk_TC_dB,GRD,2017-10-13T00:01:52.038109,2017-10-13T00:01:54.431835,EPSG:4326,2048,2048,-90.0257042279607,28.702749393774884,-89.84172925777303,28.88672436396256,28.794736878868722,-89.93371674286686,20128,0.479888916015625,83320026.25326262,316.4665143084261,1675.8197038950716,40.0,,,
00531,D:\SIH_Dataset\Part_I\01_Train_Val_Oil_Spill_images\Oil\00531.tif,D:\SIH_Dataset\Part_I\01_Train_Val_Oil_Spill_mask\Mask_oil\00531.tif,S1A_IW_GRDH_1SDV_20151225T051051_20151225T051116_009194_00D3ED_5016_O,subset_851_of_S1A_IW_GRDH_1SDV_20151225T051051_20151225T051116_009194_00D3ED_5016_Orb_NR_Cal_Spk_TC_dB,GRD,2015-12-25T05:11:09.219563,2015-12-25T05:11:11.643141,EPSG:4326,2048,2048,14.377786475515364,43.400409053122765,14.561761445703043,43.58438402331044,43.4923965382166,14.469773960609203,35110,0.8370876312255859,61478453.97223177,1544.9082312731416,1378.1068356593564,40.0,,,
00564,D:\SIH_Dataset\Part_I\01_Train_Val_Oil_Spill_images\Oil\00564.tif,D:\SIH_Dataset\Part_I\01_Train_Val_Oil_Spill_mask\Mask_oil\00564.tif,S1A_IW_GRDH_1SDV_20171212T000138_20171212T000203_019662_021690_47E2_O,subset_898_of_S1A_IW_GRDH_1SDV_20171212T000138_20171212T000203_019662_021690_47E2_Orb_NR_Cal_Spk_TC_dB,GRD,2017-12-12T00:01:48.792988,2017-12-12T00:01:51.186760,EPSG:4326,2048,2048,-89.0033102290566,28.868291922050403,-88.81933525886892,29.05226689223808,28.96027940714424,-88.91132274396276,18561,0.44252872467041016,57981437.6987112,1103.7462151823715,714.4606702225095,40.0,,,
00565,D:\SIH_Dataset\Part_I\01_Train_Val_Oil_Spill_images\Oil\00565.tif,D:\SIH_Dataset\Part_I\01_Train_Val_Oil_Spill_mask\Mask_oil\00565.tif,S1A_IW_GRDH_1SDV_20171212T000138_20171212T000203_019662_021690_47E2_O,subset_899_of_S1A_IW_GRDH_1SDV_20171212T000138_20171212T000203_019662_021690_47E2_Orb_NR_Cal_Spk_TC_dB,GRD,2017-12-12T00:01:50.030218,2017-12-12T00:01:52.423991,EPSG:4326,2048,2048,-89.05927527125723,28.773250164990557,-88.87530030106956,28.957225135178234,28.865237650084396,-88.9672877861634,13978,0.33326148986816406,1840313.249306164,90.28809557876663,1262.1355701817142,40.0,,,
00579,D:\SIH_Dataset\Part_I\01_Train_Val_Oil_Spill_images\Oil\00579.tif,D:\SIH_Dataset\Part_I\01_Train_Val_Oil_Spill_mask\Mask_oil\00579.tif,S1A_IW_GRDH_1SDV_20190215T114238_20190215T114303_025940_02E3A1_F94A_O,subset_914_of_S1A_IW_GRDH_1SDV_20190215T114238_20190215T114303_025940_02E3A1_F94A_Orb_NR_Cal_Spk_TC_dB,GRD,2019-02-15T11:42:47.659713,2019-02-15T11:42:49.990120,EPSG:4326,2048,2048,97.98497750129151,4.702920194698798,98.16895247147919,4.886895164886476,4.794907679792637,98.07696498638535,39287,0.9366750717163086,32820213.177782595,1110.3545065797846,955.1937663858274,40.0,,,
00582,D:\SIH_Dataset\Part_I\01_Train_Val_Oil_Spill_images\Oil\00582.tif,D:\SIH_Dataset\Part_I\01_Train_Val_Oil_Spill_mask\Mask_oil\00582.tif,S1A_IW_GRDH_1SDV_20190215T114238_20190215T114303_025940_02E3A1_F94A_O,subset_917_of_S1A_IW_GRDH_1SDV_20190215T114238_20190215T114303_025940_02E3A1_F94A_Orb_NR_Cal_Spk_TC_dB,GRD,2019-02-15T11:42:50.298640,2019-02-15T11:42:52.629048,EPSG:4326,2048,2048,98.23973971586781,4.494690711839893,98.42371468605549,4.678665682027571,4.5866781969337325,98.33172720096165,21274,0.5072116851806641,135866763.68973354,1463.1536617467332,367.1934756040237,40.0,,,
00586,D:\SIH_Dataset\Part_I\01_Train_Val_Oil_Spill_images\Oil\00586.tif,D:\SIH_Dataset\Part_I\01_Train_Val_Oil_Spill_mask\Mask_oil\00586.tif,S1A_IW_GRDH_1SDV_20190215T114238_20190215T114303_025940_02E3A1_F94A_O,subset_921_of_S1A_IW_GRDH_1SDV_20190215T114238_20190215T114303_025940_02E3A1_F94A_Orb_NR_Cal_Spk_TC_dB,GRD,2019-02-15T11:42:55.716524,2019-02-15T11:42:58.046932,EPSG:4326,2048,2048,98.37098357887767,4.067182468127413,98.55495854906535,4.251157438315091,4.159169953221252,98.46297106397151,25960,0.6189346313476562,39368451.79061136,744.6286979969184,481.0037365177196,40.0,,,
00595,D:\SIH_Dataset\Part_I\01_Train_Val_Oil_Spill_images\Oil\00595.tif,D:\SIH_Dataset\Part_I\01_Train_Val_Oil_Spill_mask\Mask_oil\00595.tif,S1A_IW_GRDH_1SDV_20170428T000130_20170428T000155_016337_01B092_EA60_O,subset_929_of_S1A_IW_GRDH_1SDV_20170428T000130_20170428T000155_016337_01B092_EA60_Orb_NR_Cal_Spk_TC_dB,GRD,2017-04-28T00:01:49.473409,2017-04-28T00:01:51.867238,EPSG:4326,2048,2048,-89.7708160097701,28.2696952313317,-89.58684103958242,28.453670201519376,28.361682716425538,-89.67882852467626,33198,0.7915019989013672,91147118.95128307,643.1225676245557,694.1949816253991,40.0,,,
00600,D:\SIH_Dataset\Part_I\01_Train_Val_Oil_Spill_images\Oil\00600.tif,D:\SIH_Dataset\Part_I\01_Train_Val_Oil_Spill_mask\Mask_oil\00600.tif,S1A_IW_GRDH_1SDV_20171224T000137_20171224T000202_019837_021BF1_C719_O,subset_934_of_S1A_IW_GRDH_1SDV_20171224T000137_20171224T000202_019837_021BF1_C719_Orb_NR_Cal_Spk_TC_dB,GRD,2017-12-24T00:01:50.612277,2017-12-24T00:01:53.006025,EPSG:4326,2048,2048,-89.01729414676831,28.678592900734195,-88.83331917658063,28.862567870921872,28.770580385828033,-88.92530666167447,30469,0.7264375686645508,73311614.79653896,215.07149890052185,1104.5084348025862,40.0,,,
00613,D:\SIH_Dataset\Part_I\01_Train_Val_Oil_Spill_images\Oil\00613.tif,D:\SIH_Dataset\Part_I\01_Train_Val_Oil_Spill_mask\Mask_oil\00613.tif,S1A_IW_GRDH_1SDV_20170726T040010_20170726T040035_017637_01D857_C98D_O,subset_947_of_S1A_IW_GRDH_1SDV_20170726T040010_20170726T040035_017637_01D857_C98D_Orb_NR_Cal_Spk_TC_dB,GRD,2017-07-26T04:00:32.449902,2017-07-26T04:00:34.850363,EPSG:4326,2048,2048,30.519834676727243,31.584573033226103,30.70380964691492,31.76854800341378,31.676560518319942,30.61182216182108,31910,0.7607936859130859,148099612.61748993,1401.7962707615168,1709.7777499216547,40.0,,,
00614,D:\SIH_Dataset\Part_I\01_Train_Val_Oil_Spill_images\Oil\00614.tif,D:\SIH_Dataset\Part_I\01_Train_Val_Oil_Spill_mask\Mask_oil\00614.tif,S1A_IW_GRDH_1SDV_20170726T040010_20170726T040035_017637_01D857_C98D_O,subset_948_of_S1A_IW_GRDH_1SDV_20170726T040010_20170726T040035_017637_01D857_C98D_Orb_NR_Cal_Spk_TC_dB,GRD,2017-07-26T04:00:32.694990,2017-07-26T04:00:35.095451,EPSG:4326,2048,2048,30.730130284739623,31.565798243788006,30.9141052549273,31.749773213975683,31.657785728881844,30.82211776983346,38487,0.9176015853881836,376252879.5975316,1086.0636188842986,557.522241276275,40.0,,,
00621,D:\SIH_Dataset\Part_I\01_Train_Val_Oil_Spill_images\Oil\00621.tif,D:\SIH_Dataset\Part_I\01_Train_Val_Oil_Spill_mask\Mask_oil\00621.tif,S1A_IW_GRDH_1SDV_20170215T000134_20170215T000159_015287_0190E3_D910_O,subset_955_of_S1A_IW_GRDH_1SDV_20170215T000134_20170215T000159_015287_0190E3_D910_Orb_NR_Cal_Spk_TC_dB,GRD,2017-02-15T00:01:49.554930,2017-02-15T00:01:51.949526,EPSG:4326,2048,2048,-90.33891272182761,28.891201663247838,-90.15493775163993,29.075176633435515,28.983189148341676,-90.24692523673377,41640,0.9927749633789062,4254253.242526266,949.0572286263208,1100.4369356388088,40.0,,,
00626,D:\SIH_Dataset\Part_I\01_Train_Val_Oil_Spill_images\Oil\00626.tif,D:\SIH_Dataset\Part_I\01_Train_Val_Oil_Spill_mask\Mask_oil\00626.tif,S1A_IW_GRDH_1SDV_20160725T173027_20160725T173052_012308_013267_4A7C_O,subset_960_of_S1A_IW_GRDH_1SDV_20160725T173027_20160725T173052_012308_013267_4A7C_Orb_NR_Cal_Spk_TC_dB,GRD,2016-07-25T17:30:45.595531,2016-07-25T17:30:48.008735,EPSG:4326,2048,2048,5.341821046193865,42.50386523328122,5.525796016381543,42.687840203468895,42.595852718375056,5.4338085312877045,31572,0.7527351379394531,12046552.11666279,810.782465475738,874.9166666666666,40.0,,,
00633,D:\SIH_Dataset\Part_I\01_Train_Val_Oil_Spill_images\Oil\00633.tif,D:\SIH_Dataset\Part_I\01_Train_Val_Oil_Spill_mask\Mask_oil\00633.tif,S1A_IW_GRDH_1SDV_20151031T180410_20151031T180435_008400_00BDD5_B96D_O,subset_967_of_S1A_IW_GRDH_1SDV_20151031T180410_20151031T180435_008400_00BDD5_B96D_Orb_NR_Cal_Spk_TC_dB,GRD,2015-10-31T18:04:28.452648,2015-10-31T18:04:30.870179,EPSG:4326,2048,2048,-1.8260960932240637,45.60129245393589,-1.6421211230363857,45.78526742412357,45.69327993902973,-1.7341086081302248,29758,0.7094860076904297,205294710.06990638,1088.13697157067,1883.068821829424,40.0,,,
00637,D:\SIH_Dataset\Part_I\01_Train_Val_Oil_Spill_images\Oil\00637.tif,D:\SIH_Dataset\Part_I\01_Train_Val_Oil_Spill_mask\Mask_oil\00637.tif,S1A_IW_GRDH_1SDV_20191014T031500_20191014T031525_029449_03598E_ED4C_O,subset_971_of_S1A_IW_GRDH_1SDV_20191014T031500_20191014T031525_029449_03598E_ED4C_Orb_NR_Cal_Spk_TC_dB,GRD,2019-10-14T03:15:00.420687,2019-10-14T03:15:02.794174,EPSG:4326,2048,2048,38.8395228977153,19.01077862035471,39.023497867902975,19.194753590542387,19.10276610544855,38.93151038280914,32082,0.7648944854736328,84072419.66151725,1869.900941337822,1829.0466305093198,40.0,,,
00664,D:\SIH_Dataset\Part_I\01_Train_Val_Oil_Spill_images\Oil\00664.tif,D:\SIH_Dataset\Part_I\01_Train_Val_Oil_Spill_mask\Mask_oil\00664.tif,S1A_IW_GRDH_1SDV_20180216T154115_20180216T154140_020634_023548_2B58_O,subset_998_of_S1A_IW_GRDH_1SDV_20180216T154115_20180216T154140_020634_023548_2B58_Orb_NR_Cal_Spk_TC_dB,GRD,2018-02-16T15:41:34.519126,2018-02-16T15:41:36.925591,EPSG:4326,2048,2048,34.6232268952883,34.06900992019258,34.807201865475975,34.252984890380255,34.160997405286416,34.715214380382136,38788,0.9247779846191406,40557368.859077625,715.1378776941322,1169.7494328142725,40.0,,,
00682,D:\SIH_Dataset\Part_I\01_Train_Val_Oil_Spill_images\Oil\00682.tif,D:\SIH_Dataset\Part_I\01_Train_Val_Oil_Spill_mask\Mask_oil\00682.tif,S1A_IW_GRDH_1SDV_20181107T045139_20181107T045204_024477_02AF04_4293_O,subset_1016_of_S1A_IW_GRDH_1SDV_20181107T045139_20181107T045204_024477_02AF04_4293_Orb_NR_Cal_Spk_TC_dB,GRD,2018-11-07T04:51:47.359376,2018-11-07T04:51:49.652334,EPSG:4326,2048,2048,10.94074983980678,-4.194044860596404,11.12472480999446,-4.010069890408726,-4.102057375502564,11.03273732490062,13985,0.33342838287353516,27215568.46498329,848.6839113335717,1834.4331426528424,40.0,,,
00689,D:\SIH_Dataset\Part_I\01_Train_Val_Oil_Spill_images\Oil\00689.tif,D:\SIH_Dataset\Part_I\01_Train_Val_Oil_Spill_mask\Mask_oil\00689.tif,S1A_IW_GRDH_1SDV_20190211T045136_20190211T045201_025877_02E164_324F_O,subset_1023_of_S1A_IW_GRDH_1SDV_20190211T045136_20190211T045201_025877_02E164_324F_Orb_NR_Cal_Spk_TC_dB,GRD,2019-02-11T04:51:53.674728,2019-02-11T04:51:55.967685,EPSG:4326,2048,2048,11.551259444027195,-4.957129632156776,11.735234414214874,-4.773154661969098,-4.865142147062937,11.643246929121034,18768,0.4474639892578125,59989129.60897386,1695.488437766411,971.4649936061381,40.0,,,
00706,D:\SIH_Dataset\Part_I\01_Train_Val_Oil_Spill_images\Oil\00706.tif,D:\SIH_Dataset\Part_I\01_Train_Val_Oil_Spill_mask\Mask_oil\00706.tif,S1A_IW_GRDH_1SDV_20180313T034405_20180313T034430_020991_02409D_B2C6_O,subset_1041_of_S1A_IW_GRDH_1SDV_20180313T034405_20180313T034430_020991_02409D_B2C6_Orb_NR_Cal_Spk_TC_dB,GRD,2018-03-13T03:44:11.546818,2018-03-13T03:44:13.942177,EPSG:4326,2048,2048,34.31945434026128,31.446093383012936,34.50342931044896,31.630068353200613,31.538080868106775,34.41144182535512,31457,0.7499933242797852,76838631.96401013,1187.3011889245638,970.6662269129288,40.0,,,
00708,D:\SIH_Dataset\Part_I\01_Train_Val_Oil_Spill_images\Oil\00708.tif,D:\SIH_Dataset\Part_I\01_Train_Val_Oil_Spill_mask\Mask_oil\00708.tif,S1A_IW_GRDH_1SDV_20180313T034405_20180313T034430_020991_02409D_B2C6_O,subset_1043_of_S1A_IW_GRDH_1SDV_20180313T034405_20180313T034430_020991_02409D_B2C6_Orb_NR_Cal_Spk_TC_dB,GRD,2018-03-13T03:44:13.215495,2018-03-13T03:44:15.610855,EPSG:4326,2048,2048,34.061098864548505,31.317993623497493,34.24507383473618,31.50196859368517,31.40998110859133,34.153086349642344,21976,0.5239486694335938,58406590.91598735,1856.9386148525664,1736.9095376774662,40.0,,,
00709,D:\SIH_Dataset\Part_I\01_Train_Val_Oil_Spill_images\Oil\00709.tif,D:\SIH_Dataset\Part_I\01_Train_Val_Oil_Spill_mask\Mask_oil\00709.tif,S1A_IW_GRDH_1SDV_20180313T034405_20180313T034430_020991_02409D_B2C6_O,subset_1039_of_S1A_IW_GRDH_1SDV_20180313T034405_20180313T034430_020991_02409D_B2C6_Orb_NR_Cal_Spk_TC_dB,GRD,2018-03-13T03:44:13.820478,2018-03-13T03:44:16.215838,EPSG:4326,2048,2048,34.156499947722,31.27155072330851,34.340474917909674,31.455525693496188,31.36353820840235,34.248487432815836,37749,0.9000062942504883,119343558.72372937,1072.6937269861453,969.6230496172084,40.0,,,
00713,D:\SIH_Dataset\Part_I\01_Train_Val_Oil_Spill_images\Oil\00713.tif,D:\SIH_Dataset\Part_I\01_Train_Val_Oil_Spill_mask\Mask_oil\00713.tif,S1A_IW_GRDH_1SDV_20190412T045202_20190412T045227_026752_03012F_7DB1_O,subset_1047_of_S1A_IW_GRDH_1SDV_20190412T045202_20190412T045227_026752_03012F_7DB1_Orb_NR_Cal_Spk_TC_dB,GRD,2019-04-12T04:52:08.679478,2019-04-12T04:52:10.967017,EPSG:4326,2048,2048,11.342593275499206,-5.624470941585281,11.526568245686885,-5.4404959713976035,-5.532483456491443,11.434580760593047,38947,0.9285688400268555,2276567.6639087424,1068.1103422599942,1017.8192543713251,40.0,,,
00719,D:\SIH_Dataset\Part_I\01_Train_Val_Oil_Spill_images\Oil\00719.tif,D:\SIH_Dataset\Part_I\01_Train_Val_Oil_Spill_mask\Mask_oil\00719.tif,S1A_IW_GRDH_1SDV_20181225T045203_20181225T045228_025177_02C817_C7B4_O,subset_1053_of_S1A_IW_GRDH_1SDV_20181225T045203_20181225T045228_025177_02C817_C7B4_Orb_NR_Cal_Spk_TC_dB,GRD,2018-12-25T04:52:21.091336,2018-12-25T04:52:23.378994,EPSG:4326,2048,2048,10.55820862565937,-6.520990361593617,10.742183595847049,-6.337015391405939,-6.429002876499778,10.65019611075321,17683,0.42159557342529297,17203066.08900127,197.5024882655658,1855.1118305717355,40.0,,,
00732,D:\SIH_Dataset\Part_I\01_Train_Val_Oil_Spill_images\Oil\00732.tif,D:\SIH_Dataset\Part_I\01_Train_Val_Oil_Spill_mask\Mask_oil\00732.tif,S1A_IW_GRDH_1SDV_20180616T154120_20180616T154145_022384_026C73_CB62_O,subset_1066_of_S1A_IW_GRDH_1SDV_20180616T154120_20180616T154145_022384_026C73_CB62_Orb_NR_Cal_Spk_TC_dB,GRD,2018-06-16T15:41:32.151949,2018-06-16T15:41:34.558392,EPSG:4326,2048,2048,35.12246771508475,34.583356453819,35.30644268527243,34.76733142400668,34.67534393891284,35.21445520017859,27291,0.6506681442260742,94390554.58324121,1614.5023084533364,271.47413066578724,40.0,,,
00737,D:\SIH_Dataset\Part_I\01_Train_Val_Oil_Spill_images\Oil\00737.tif,D:\SIH_Dataset\Part_I\01_Train_Val_Oil_Spill_mask\Mask_oil\00737.tif,S1A_IW_GRDH_1SDV_20171006T022305_20171006T022330_018686_01F861_636B_O,subset_1071_of_S1A_IW_GRDH_1SDV_20171006T022305_20171006T022330_018686_01F861_636B_Orb_NR_Cal_Spk_TC_dB,GRD,2017-10-06T02:23:15.218015,2017-10-06T02:23:17.602962,EPSG:4326,2048,2048,52.76452908172866,26.68197763656937,52.94850405191634,26.865952606757048,26.77396512166321,52.8565165668225,35257,0.8405923843383789,128393082.42142622,1671.4687437955583,1691.874365374252,40.0,,,
00758,D:\SIH_Dataset\Part_I\01_Train_Val_Oil_Spill_images\Oil\00758.tif,D:\SIH_Dataset\Part_I\01_Train_Val_Oil_Spill_mask\Mask_oil\00758.tif,S1A_IW_GRDH_1SDV_20190108T224024_20190108T224049_025392_02CFEC_DBB6_O,subset_1092_of_S1A_IW_GRDH_1SDV_20190108T224024_20190108T224049_025392_02CFEC_DBB6_Orb_NR_Cal_Spk_TC_dB,GRD,2019-01-08T22:40:36.946644,2019-01-08T22:40:39.254601,EPSG:4326,2048,2048,106.06332451862441,-1.2134457152709124,106.24729948881209,-1.0294707450832343,-1.1214582301770735,106.15531200371825,22744,0.5422592163085938,24536911.493114933,881.5645444952515,1028.7730390432641,40.0,,,
00764,D:\SIH_Dataset\Part_I\01_Train_Val_Oil_Spill_images\Oil\00764.tif,D:\SIH_Dataset\Part_I\01_Train_Val_Oil_Spill_mask\Mask_oil\00764.tif,S1A_IW_GRDH_1SDV_20180524T034318_20180524T034343_022041_0261C3_61AF_O,subset_1098_of_S1A_IW_GRDH_1SDV_20180524T034318_20180524T034343_022041_0261C3_61AF_Orb_NR_Cal_Spk_TC_dB,GRD,2018-05-24T03:43:33.959727,2018-05-24T03:43:36.362398,EPSG:4326,2048,2048,34.05108112397361,33.71954269072417,34.23505609416129,33.903517660911845,33.81153017581801,34.14306860906745,22368,0.533294677734375,172282716.9144152,1408.589234620887,110.06893776824035,40.0,,,
00781,D:\SIH_Dataset\Part_I\01_Train_Val_Oil_Spill_images\Oil\00781.tif,D:\SIH_Dataset\Part_I\01_Train_Val_Oil_Spill_mask\Mask_oil\00781.tif,S1A_IW_GRDH_1SDV_20180529T000139_20180529T000204_022112_026401_2694_O,subset_3_of_S1A_IW_GRDH_1SDV_20180529T000139_20180529T000204_022112_026401_2694_Orb_NR_Cal_Spk_TC_dB,GRD,2018-05-29T00:01:50.021076,2018-05-29T00:01:52.415007,EPSG:4326,2048,2048,-89.05237575077345,28.848838722130736,-88.86840078058577,29.032813692318413,28.940826207224575,-88.96038826567961,22685,0.5408525466918945,10681636.044709167,1601.6523032841085,553.1475644699141,40.0,,,
00791,D:\SIH_Dataset\Part_I\01_Train_Val_Oil_Spill_images\Oil\00791.tif,D:\SIH_Dataset\Part_I\01_Train_Val_Oil_Spill_mask\Mask_oil\00791.tif,S1B_IW_GRDH_1SDV_20170926T171056_20170926T171121_007566_00D5B3_4CA7_O,subset_13_of_S1B_IW_GRDH_1SDV_20170926T171056_20170926T171121_007566_00D5B3_4CA7_Orb_NR_Cal_Spk_TC_dB,GRD,2017-09-26T17:11:09.105573,2017-09-26T17:11:11.498657,EPSG:4326,2048,2048,12.536162998504196,33.832814110493025,12.720137968691875,34.0167890806807,33.924801595586864,12.628150483598034,12779,0.3046751022338867,36702723.63250478,1070.144103607481,900.9480788794116,40.0,,,
00792,D:\SIH_Dataset\Part_I\01_Train_Val_Oil_Spill_images\Oil\00792.tif,D:\SIH_Dataset\Part_I\01_Train_Val_Oil_Spill_mask\Mask_oil\00792.tif,S1B_IW_GRDH_1SDV_20170914T171056_20170914T171121_007391_00D0A7_0523_O,subset_14_of_S1B_IW_GRDH_1SDV_20170914T171056_20170914T171121_007391_00D0A7_0523_Orb_NR_Cal_Spk_TC_dB,GRD,2017-09-14T17:11:03.557256,2017-09-14T17:11:05.950364,EPSG:4326,2048,2048,11.287719826081924,34.23791025207779,11.471694796269603,34.421885222265466,34.32989773717163,11.379707311175764,33633,0.8018732070922852,16420597.873021094,1044.3966491243718,1172.6834507775102,40.0,,,
00821,D:\SIH_Dataset\Part_I\01_Train_Val_Oil_Spill_images\Oil\00821.tif,D:\SIH_Dataset\Part_I\01_Train_Val_Oil_Spill_mask\Mask_oil\00821.tif,S1B_IW_GRDH_1SDV_20180131T060035_20180131T060100_009411_010E90_3192_O,subset_43_of_S1B_IW_GRDH_1SDV_20180131T060035_20180131T060100_009411_010E90_3192_Orb_NR_Cal_Spk_TC_dB,GRD,2018-01-31T06:00:46.510944,2018-01-31T06:00:48.914214,EPSG:4326,2048,2048,2.3965787504129348,40.772102188401156,2.5805537206006126,40.95607715858883,40.864089673494995,2.4885662355067737,29871,0.7121801376342773,32261985.949271735,1094.616869204245,581.2251849620033,40.0,,,
00844,D:\SIH_Dataset\Part_I\01_Train_Val_Oil_Spill_images\Oil\00844.tif,D:\SIH_Dataset\Part_I\01_Train_Val_Oil_Spill_mask\Mask_oil\00844.tif,S1A_IW_GRDH_1SDV_20190716T022314_20190716T022339_028136_032D88_3F6F_O,subset_66_of_S1A_IW_GRDH_1SDV_20190716T022314_20190716T022339_028136_032D88_3F6F_Orb_NR_Cal_Spk_TC_dB,GRD,2019-07-16T02:23:25.177431,2019-07-16T02:23:27.562333,EPSG:4326,2048,2048,52.83957633494163,26.60790095879323,53.02355130512931,26.791875928980907,26.69988844388707,52.93156382003547,12587,0.3000974655151367,111574391.35541448,1249.838364979741,1488.302017955033,40.0,,,
00847,D:\SIH_Dataset\Part_I\01_Train_Val_Oil_Spill_images\Oil\00847.tif,D:\SIH_Dataset\Part_I\01_Train_Val_Oil_Spill_mask\Mask_oil\00847.tif,S1A_IW_GRDH_1SDV_20180402T165805_20180402T165830_021291_024A10_C573_O,subset_69_of_S1A_IW_GRDH_1SDV_20180402T165805_20180402T165830_021291_024A10_C573_Orb_NR_Cal_Spk_TC_dB,GRD,2018-04-02T16:58:25.509858,2018-04-02T16:58:27.922557,EPSG:4326,2048,2048,13.569659568860931,43.923465451416945,13.75363453904861,44.10744042160462,44.01545293651078,13.66164705395477,14849,0.35402774810791016,66935231.53519735,1099.5168361505825,230.02676947942624,40.0,,,
00848,D:\SIH_Dataset\Part_I\01_Train_Val_Oil_Spill_images\Oil\00848.tif,D:\SIH_Dataset\Part_I\01_Train_Val_Oil_Spill_mask\Mask_oil\00848.tif,S1A_IW_GRDH_1SDV_20180402T165805_20180402T165830_021291_024A10_C573_O,subset_70_of_S1A_IW_GRDH_1SDV_20180402T165805_20180402T165830_021291_024A10_C573_Orb_NR_Cal_Spk_TC_dB,GRD,2018-04-02T16:58:25.526359,2018-04-02T16:58:27.939058,EPSG:4326,2048,2048,13.445063238953555,43.92220781001918,13.629038209141234,44.10618278020686,44.01419529511302,13.537050724047393,11040,0.263214111328125,23912691.257909913,940.277536231884,1344.945561594203,40.0,,,
00854,D:\SIH_Dataset\Part_I\01_Train_Val_Oil_Spill_images\Oil\00854.tif,D:\SIH_Dataset\Part_I\01_Train_Val_Oil_Spill_mask\Mask_oil\00854.tif,S1A_IW_GRDH_1SDV_20170214T062714_20170214T062739_015276_019087_DD69_O,subset_76_of_S1A_IW_GRDH_1SDV_20170214T062714_20170214T062739_015276_019087_DD69_Orb_NR_Cal_Spk_TC_dB,GRD,2017-02-14T06:27:23.688774,2017-02-14T06:27:26.091523,EPSG:4326,2048,2048,-7.176858249840123,35.93235198991473,-6.992883279652445,36.116326960102406,36.02433947500857,-7.0848707647462845,37738,0.8997440338134766,7642731.235464563,867.2961471196141,760.0273464412528,40.0,,,
00857,D:\SIH_Dataset\Part_I\01_Train_Val_Oil_Spill_images\Oil\00857.tif,D:\SIH_Dataset\Part_I\01_Train_Val_Oil_Spill_mask\Mask_oil\00857.tif,S1A_IW_GRDH_1SDV_20190921T035215_20190921T035240_029114_034E08_9927_O,subset_79_of_S1A_IW_GRDH_1SDV_20190921T035215_20190921T035240_029114_034E08_9927_Orb_NR_Cal_Spk_TC_dB,GRD,2019-09-21T03:52:26.341127,2019-09-21T03:52:28.742907,EPSG:4326,2048,2048,32.98412433270496,32.239806690742476,33.168099302892635,32.42378166093015,32.331794175836315,33.0761118177988,30806,0.7344722747802734,38133797.825415306,1436.1916185158736,853.6230604427709,40.0,,,
00858,D:\SIH_Dataset\Part_I\01_Train_Val_Oil_Spill_images\Oil\00858.tif,D:\SIH_Dataset\Part_I\01_Train_Val_Oil_Spill_mask\Mask_oil\00858.tif,S1A_IW_GRDH_1SDV_20190921T035215_20190921T035240_029114_034E08_9927_O,subset_80_of_S1A_IW_GRDH_1SDV_20190921T035215_20190921T035240_029114_034E08_9927_Orb_NR_Cal_Spk_TC_dB,GRD,2019-09-21T03:52:27.140156,2019-09-21T03:52:29.541936,EPSG:4326,2048,2048,32.91145062621969,32.17863141989394,33.09542559640737,32.362606390081616,32.27061890498778,33.00343811131353,31441,0.7496118545532227,39498522.11481854,866.7546674724086,1571.7924207245317,40.0,,,
00870,D:\SIH_Dataset\Part_I\01_Train_Val_Oil_Spill_images\Oil\00870.tif,D:\SIH_Dataset\Part_I\01_Train_Val_Oil_Spill_mask\Mask_oil\00870.tif,S1A_IW_GRDH_1SDV_20190828T035124_20190828T035149_028764_0341F0_DBEB_O,subset_92_of_S1A_IW_GRDH_1SDV_20190828T035124_20190828T035149_028764_0341F0_DBEB_Orb_NR_Cal_Spk_TC_dB,GRD,2019-08-28T03:51:39.904547,2019-08-28T03:51:42.313092,EPSG:4326,2048,2048,31.608800681587724,34.89429501029753,31.7927756517754,35.07826998048521,34.98628249539137,31.700788166681562,32164,0.7668495178222656,4144076.4751794687,1053.0799651784605,999.2982527048874,40.0,,,
00874,D:\SIH_Dataset\Part_I\01_Train_Val_Oil_Spill_images\Oil\00874.tif,D:\SIH_Dataset\Part_I\01_Train_Val_Oil_Spill_mask\Mask_oil\00874.tif,S1A_IW_GRDH_1SDV_20180403T063513_20180403T063538_021299_024A5D_424D_O,subset_96_of_S1A_IW_GRDH_1SDV_20180403T063513_20180403T063538_021299_024A5D_424D_Orb_NR_Cal_Spk_TC_dB,GRD,2018-04-03T06:35:28.490741,2018-04-03T06:35:30.889558,EPSG:4326,2048,2048,-7.230728935339812,36.790391263152365,-7.046753965152134,36.97436623334004,36.882378748246204,-7.138741450245973,24402,0.5817890167236328,25778681.811990745,703.4471764609458,1833.8312023604622,40.0,,,
00877,D:\SIH_Dataset\Part_I\01_Train_Val_Oil_Spill_images\Oil\00877.tif,D:\SIH_Dataset\Part_I\01_Train_Val_Oil_Spill_mask\Mask_oil\00877.tif,S1A_IW_GRDH_1SDV_20180403T063513_20180403T063538_021299_024A5D_424D_O,subset_99_of_S1A_IW_GRDH_1SDV_20180403T063513_20180403T063538_021299_024A5D_424D_Orb_NR_Cal_Spk_TC_dB,GRD,2018-04-03T06:35:26.991919,2018-04-03T06:35:29.390737,EPSG:4326,2048,2048,-6.953957996302587,36.90528578799125,-6.769983026114909,37.08926075817892,36.997273273085085,-6.861970511208748,29796,0.7103919982910156,53559967.52854453,1004.3911263256813,138.9459323399114,40.0,,,
00878,D:\SIH_Dataset\Part_I\01_Train_Val_Oil_Spill_images\Oil\00878.tif,D:\SIH_Dataset\Part_I\01_Train_Val_Oil_Spill_mask\Mask_oil\00878.tif,S1B_IW_GRDH_1SDV_20180617T171057_20180617T171122_011416_014F7D_9248_O,subset_100_of_S1B_IW_GRDH_1SDV_20180617T171057_20180617T171122_011416_014F7D_9248_Orb_NR_Cal_Spk_TC_dB,GRD,2018-06-17T17:11:06.063927,2018-06-17T17:11:08.457063,EPSG:4326,2048,2048,11.320993362510603,34.18679686050682,11.504968332698281,34.370771830694494,34.278784345600656,11.412980847604441,40506,0.9657382965087891,224006123.83560005,1023.2534686219326,1124.4805214042365,40.0,,,
00880,D:\SIH_Dataset\Part_I\01_Train_Val_Oil_Spill_images\Oil\00880.tif,D:\SIH_Dataset\Part_I\01_Train_Val_Oil_Spill_mask\Mask_oil\00880.tif,S1A_IW_GRDH_1SDV_20180602T155724_20180602T155749_022180_02662B_E72B_O,subset_102_of_S1A_IW_GRDH_1SDV_20180602T155724_20180602T155749_022180_02662B_E72B_Orb_NR_Cal_Spk_TC_dB,GRD,2018-06-02T15:57:35.096163,2018-06-02T15:57:37.485306,EPSG:4326,2048,2048,29.89883795747717,33.33233688328342,30.082812927664847,33.516311853471095,33.424324368377256,29.99082544257101,22315,0.5320310592651367,2916438.811343625,697.7202554335648,306.7409589961909,40.0,,,
00887,D:\SIH_Dataset\Part_I\01_Train_Val_Oil_Spill_images\Oil\00887.tif,D:\SIH_Dataset\Part_I\01_Train_Val_Oil_Spill_mask\Mask_oil\00887.tif,S1A_IW_GRDH_1SDV_20180602T155724_20180602T155749_022180_02662B_E72B_O,subset_109_of_S1A_IW_GRDH_1SDV_20180602T155724_20180602T155749_022180_02662B_E72B_Orb_NR_Cal_Spk_TC_dB,GRD,2018-06-02T15:57:41.564473,2018-06-02T15:57:43.953616,EPSG:4326,2048,2048,30.466573217040708,32.83449055282438,30.650548187228384,33.018465523012054,32.926478037918216,30.558560702134546,27808,0.662994384765625,38151256.88938005,691.558831990794,141.23349395857306,40.0,,,
00888,D:\SIH_Dataset\Part_I\01_Train_Val_Oil_Spill_images\Oil\00888.tif,D:\SIH_Dataset\Part_I\01_Train_Val_Oil_Spill_mask\Mask_oil\00888.tif,S1B_IW_GRDH_1SDV_20180408T165722_20180408T165747_010395_012EDB_BCD4_O,subset_110_of_S1B_IW_GRDH_1SDV_20180408T165722_20180408T165747_010395_012EDB_BCD4_Orb_NR_Cal_Spk_TC_dB,GRD,2018-04-08T16:57:42.201866,2018-04-08T16:57:44.610867,EPSG:4326,2048,2048,13.663932335832152,43.82461015170811,13.847907306019831,44.008585121895784,43.916597636801946,13.755919820925993,16308,0.3888130187988281,17049220.20396564,736.2629384351238,553.304022565612,40.0,,,
00889,D:\SIH_Dataset\Part_I\01_Train_Val_Oil_Spill_images\Oil\00889.tif,D:\SIH_Dataset\Part_I\01_Train_Val_Oil_Spill_mask\Mask_oil\00889.tif,S1B_IW_GRDH_1SDV_20180408T165722_20180408T165747_010395_012EDB_BCD4_O,subset_111_of_S1B_IW_GRDH_1SDV_20180408T165722_20180408T165747_010395_012EDB_BCD4_Orb_NR_Cal_Spk_TC_dB,GRD,2018-04-08T16:57:40.127088,2018-04-08T16:57:42.536089,EPSG:4326,2048,2048,13.432346655586139,43.98298313629838,13.616321625773818,44.16695810648606,44.07497062139222,13.52433414067998,27841,0.6637811660766602,40929091.60570177,1483.5130383247729,1020.1321252828562,40.0,,,
00894,D:\SIH_Dataset\Part_I\01_Train_Val_Oil_Spill_images\Oil\00894.tif,D:\SIH_Dataset\Part_I\01_Train_Val_Oil_Spill_mask\Mask_oil\00894.tif,S1B_IW_GRDH_1SDV_20180404T062632_20180404T062657_010330_012CD5_1B1B_O,subset_116_of_S1B_IW_GRDH_1SDV_20180404T062632_20180404T062657_010330_012CD5_1B1B_Orb_NR_Cal_Spk_TC_dB,GRD,2018-04-04T06:26:41.947991,2018-04-04T06:26:44.346308,EPSG:4326,2048,2048,-7.063245709543639,36.36032996907865,-6.879270739355961,36.544304939266326,36.45231745417249,-6.9712582244498,16188,0.3859519958496094,14501786.796526985,464.5041388682975,195.02279466271312,40.0,,,
00903,D:\SIH_Dataset\Part_I\01_Train_Val_Oil_Spill_images\Oil\00903.tif,D:\SIH_Dataset\Part_I\01_Train_Val_Oil_Spill_mask\Mask_oil\00903.tif,S1A_IW_GRDH_1SDV_20190610T035930_20190610T035955_027612_031DBE_CF47_O,subset_125_of_S1A_IW_GRDH_1SDV_20190610T035930_20190610T035955_027612_031DBE_CF47_Orb_NR_Cal_Spk_TC_dB,GRD,2019-06-10T03:59:48.456298,2019-06-10T03:59:50.863411,EPSG:4326,2048,2048,31.211746488766792,34.857773050660334,31.39572145895447,35.04174802084801,34.94976053575417,31.30373397386063,27758,0.6618022918701172,38750914.391677216,1110.0674400172923,873.5146984653073,40.0,,,
00915,D:\SIH_Dataset\Part_I\01_Train_Val_Oil_Spill_images\Oil\00915.tif,D:\SIH_Dataset\Part_I\01_Train_Val_Oil_Spill_mask\Mask_oil\00915.tif,S1A_IW_GRDH_1SDV_20160727T171401_20160727T171426_012337_013359_C786_O,subset_137_of_S1A_IW_GRDH_1SDV_20160727T171401_20160727T171426_012337_013359_C786_Orb_NR_Cal_Spk_TC_dB,GRD,2016-07-27T17:14:13.016690,2016-07-27T17:14:15.432275,EPSG:4326,2048,2048,9.423600417921646,43.05812699183153,9.607575388109325,43.242101962019206,43.15011447692537,9.515587903015486,13410,0.3197193145751953,6899033.231122463,1144.764653243848,1340.7948545861298,40.0,,,
00916,D:\SIH_Dataset\Part_I\01_Train_Val_Oil_Spill_images\Oil\00916.tif,D:\SIH_Dataset\Part_I\01_Train_Val_Oil_Spill_mask\Mask_oil\00916.tif,S1A_IW_GRDH_1SDV_20160727T171401_20160727T171426_012337_013359_C786_O,subset_138_of_S1A_IW_GRDH_1SDV_20160727T171401_20160727T171426_012337_013359_C786_Orb_NR_Cal_Spk_TC_dB,GRD,2016-07-27T17:14:11.304422,2016-07-27T17:14:13.720006,EPSG:4326,2048,2048,9.35658609772633,43.18847253955727,9.540561067914009,43.372447509744944,43.280460024651106,9.44857358282017,27660,0.6594657897949219,38812419.66408083,486.3608098336949,1078.6303687635575,40.0,,,
00919,D:\SIH_Dataset\Part_I\01_Train_Val_Oil_Spill_images\Oil\00919.tif,D:\SIH_Dataset\Part_I\01_Train_Val_Oil_Spill_mask\Mask_oil\00919.tif,S1A_IW_GRDH_1SDV_20160727T171401_20160727T171426_012337_013359_C786_O,subset_141_of_S1A_IW_GRDH_1SDV_20160727T171401_20160727T171426_012337_013359_C786_Orb_NR_Cal_Spk_TC_dB,GRD,2016-07-27T17:14:05.693232,2016-07-27T17:14:08.108817,EPSG:4326,2048,2048,9.070742174319498,43.6156214571561,9.254717144507177,43.79959642734378,43.70760894224994,9.162729659413337,24440,0.5826950073242188,210699577.99581575,1119.051309328969,1330.2722176759412,40.0,,,
00944,D:\SIH_Dataset\Part_I\01_Train_Val_Oil_Spill_images\Oil\00944.tif,D:\SIH_Dataset\Part_I\01_Train_Val_Oil_Spill_mask\Mask_oil\00944.tif,S1A_IW_GRDH_1SDV_20190704T000948_20190704T001013_027960_032833_0688_O,subset_166_of_S1A_IW_GRDH_1SDV_20190704T000948_20190704T001013_027960_032833_0688_Orb_NR_Cal_Spk_TC_dB,GRD,2019-07-04T00:10:06.403772,2019-07-04T00:10:08.796419,EPSG:4326,2048,2048,-91.58306662878596,27.60300552919785,-91.39909165859828,27.78698049938553,27.69499301429169,-91.49107914369212,39355,0.9382963180541992,74644816.4441471,1022.5044212933553,1077.514712234786,40.0,,,
00953,D:\SIH_Dataset\Part_I\01_Train_Val_Oil_Spill_images\Oil\00953.tif,D:\SIH_Dataset\Part_I\01_Train_Val_Oil_Spill_mask\Mask_oil\00953.tif,S1A_IW_GRDH_1SDV_20181014T172234_20181014T172259_024135_02A39B_BAD2_O,subset_175_of_S1A_IW_GRDH_1SDV_20181014T172234_20181014T172259_024135_02A39B_BAD2_Orb_NR_Cal_Spk_TC_dB,GRD,2018-10-14T17:22:45.076624,2018-10-14T17:22:47.491799,EPSG:4326,2048,2048,9.014856931653476,43.32598934859565,9.198831901841155,43.509964318783325,43.41797683368949,9.106844416747315,39734,0.9473323822021484,344588027.3590503,1059.0253435345044,1586.2086122716062,40.0,,,
00954,D:\SIH_Dataset\Part_I\01_Train_Val_Oil_Spill_images\Oil\00954.tif,D:\SIH_Dataset\Part_I\01_Train_Val_Oil_Spill_mask\Mask_oil\00954.tif,S1A_IW_GRDH_1SDV_20181014T172234_20181014T172259_024135_02A39B_BAD2_O,subset_176_of_S1A_IW_GRDH_1SDV_20181014T172234_20181014T172259_024135_02A39B_BAD2_Orb_NR_Cal_Spk_TC_dB,GRD,2018-10-14T17:22:45.416424,2018-10-14T17:22:47.831599,EPSG:4326,2048,2048,8.97497173303857,43.300117868413004,9.158946703226249,43.48409283860068,43.39210535350684,9.06695921813241,11716,0.2793312072753906,100047904.19350518,720.6918743598497,1418.167463298054,40.0,,,
00957,D:\SIH_Dataset\Part_I\01_Train_Val_Oil_Spill_images\Oil\00957.tif,D:\SIH_Dataset\Part_I\01_Train_Val_Oil_Spill_mask\Mask_oil\00957.tif,S1A_IW_GRDH_1SDV_20190807T002542_20190807T002607_028456_033737_5081_O,subset_179_of_S1A_IW_GRDH_1SDV_20190807T002542_20190807T002607_028456_033737_5081_Orb_NR_Cal_Spk_TC_dB,GRD,2019-08-07T00:25:51.095716,2019-08-07T00:25:53.482280,EPSG:4326,2048,2048,-94.9871908647616,26.06375871689282,-94.80321589457392,26.247733687080498,26.15574620198666,-94.89520337966776,40122,0.9565830230712891,26463854.46644459,1221.0390060316035,1523.3261053785952,40.0,,,
00958,D:\SIH_Dataset\Part_I\01_Train_Val_Oil_Spill_images\Oil\00958.tif,D:\SIH_Dataset\Part_I\01_Train_Val_Oil_Spill_mask\Mask_oil\00958.tif,S1A_IW_GRDH_1SDV_20191006T002544_20191006T002609_029331_035579_A39B_O,subset_180_of_S1A_IW_GRDH_1SDV_20191006T002544_20191006T002609_029331_035579_A39B_Orb_NR_Cal_Spk_TC_dB,GRD,2019-10-06T00:25:54.317263,2019-10-06T00:25:56.703826,EPSG:4326,2048,2048,-95.00324688877227,26.01389803164158,-94.81927191858459,26.197873001829258,26.10588551673542,-94.91125940367843,28676,0.6836891174316406,218598861.53483093,1096.6416515553076,297.27657274375787,40.0,,,
00971,D:\SIH_Dataset\Part_I\01_Train_Val_Oil_Spill_images\Oil\00971.tif,D:\SIH_Dataset\Part_I\01_Train_Val_Oil_Spill_mask\Mask_oil\00971.tif,S1A_IW_GRDH_1SDV_20190702T002539_20190702T002604_027931_032749_948A_O,subset_193_of_S1A_IW_GRDH_1SDV_20190702T002539_20190702T002604_027931_032749_948A_Orb_NR_Cal_Spk_TC_dB,GRD,2019-07-02T00:25:48.510682,2019-07-02T00:25:50.897353,EPSG:4326,2048,2048,-94.9139022739564,26.0796323851416,-94.72992730376872,26.263607355329277,26.17161987023544,-94.82191478886256,30962,0.7381916046142578,23227776.99072697,1891.215102383567,571.0530004521672,40.0,,,
00973,D:\SIH_Dataset\Part_I\01_Train_Val_Oil_Spill_images\Oil\00973.tif,D:\SIH_Dataset\Part_I\01_Train_Val_Oil_Spill_mask\Mask_oil\00973.tif,S1A_IW_GRDH_1SDV_20190702T002539_20190702T002604_027931_032749_948A_O,subset_195_of_S1A_IW_GRDH_1SDV_20190702T002539_20190702T002604_027931_032749_948A_Orb_NR_Cal_Spk_TC_dB,GRD,2019-07-02T00:25:50.681655,2019-07-02T00:25:53.068325,EPSG:4326,2048,2048,-95.05889036081328,25.91236607923855,-94.8749153906256,26.096341049426226,26.004353564332387,-94.96690287571944,11169,0.26628971099853516,17895382.999802884,444.2703464947623,1966.388620288298,40.0,,,
00979,D:\SIH_Dataset\Part_I\01_Train_Val_Oil_Spill_images\Oil\00979.tif,D:\SIH_Dataset\Part_I\01_Train_Val_Oil_Spill_mask\Mask_oil\00979.tif,S1A_IW_GRDH_1SDV_20180729T171154_20180729T171219_023012_027F72_2304_O,subset_201_of_S1A_IW_GRDH_1SDV_20180729T171154_20180729T171219_023012_027F72_2304_Orb_NR_Cal_Spk_TC_dB,GRD,2018-07-29T17:12:12.973309,2018-07-29T17:12:15.378416,EPSG:4326,2048,2048,11.366814701792071,34.19328382296527,11.55078967197975,34.37725879315295,34.28527130805911,11.458802186885912,36426,0.8684635162353516,322867.47448575,809.8219129193433,201.38845879316972,40.0,,,
00981,D:\SIH_Dataset\Part_I\01_Train_Val_Oil_Spill_images\Oil\00981.tif,D:\SIH_Dataset\Part_I\01_Train_Val_Oil_Spill_mask\Mask_oil\00981.tif,S1A_IW_GRDH_1SDV_20190623T154126_20190623T154151_027809_0323A6_DF6C_O,subset_203_of_S1A_IW_GRDH_1SDV_20190623T154126_20190623T154151_027809_0323A6_DF6C_Orb_NR_Cal_Spk_TC_dB,GRD,2019-06-23T15:41:42.977047,2019-06-23T15:41:45.380702,EPSG:4326,2048,2048,33.93442615692741,34.23469426792613,34.118401127115085,34.41866923811381,34.32668175301997,34.02641364202125,21309,0.5080461502075195,33736350.925957575,1008.2720681402225,1533.4509127598667,40.0,,,
00996,D:\SIH_Dataset\Part_I\01_Train_Val_Oil_Spill_images\Oil\00996.tif,D:\SIH_Dataset\Part_I\01_Train_Val_Oil_Spill_mask\Mask_oil\00996.tif,S1A_IW_GRDH_1SDV_20190723T021504_20190723T021529_028238_0330A0_652B_O,subset_218_of_S1A_IW_GRDH_1SDV_20190723T021504_20190723T021529_028238_0330A0_652B_Orb_NR_Cal_Spk_TC_dB,GRD,2019-07-23T02:15:25.035224,2019-07-23T02:15:27.422302,EPSG:4326,2048,2048,55.09821696487923,25.660196828508585,55.282191935066905,25.844171798696262,25.752184313602424,55.190204449973066,33680,0.8029937744140625,138235074.73863447,470.56128266033255,1311.2356294536817,40.0,,,
01015,D:\SIH_Dataset\Part_I\01_Train_Val_Oil_Spill_images\Oil\01015.tif,D:\SIH_Dataset\Part_I\01_Train_Val_Oil_Spill_mask\Mask_oil\01015.tif,S1A_IW_GRDH_1SDV_20180702T001802_20180702T001827_022608_02730A_4E5F_O,subset_237_of_S1A_IW_GRDH_1SDV_20180702T001802_20180702T001827_022608_02730A_4E5F_Orb_NR_Cal_Spk_TC_dB,GRD,2018-07-02T00:18:07.727040,2018-07-02T00:18:10.120880,EPSG:4326,2048,2048,-94.24524911581081,28.93508322391526,-94.06127414562313,29.119058194102937,29.0270707090091,-94.15326163071697,32268,0.7693290710449219,35697801.12104579,1577.4640510722697,1457.6135180364447,40.0,,,
01019,D:\SIH_Dataset\Part_I\01_Train_Val_Oil_Spill_images\Oil\01019.tif,D:\SIH_Dataset\Part_I\01_Train_Val_Oil_Spill_mask\Mask_oil\01019.tif,S1A_IW_GRDH_1SDV_20180702T001802_20180702T001827_022608_02730A_4E5F_O,subset_241_of_S1A_IW_GRDH_1SDV_20180702T001802_20180702T001827_022608_02730A_4E5F_Orb_NR_Cal_Spk_TC_dB,GRD,2018-07-02T00:18:12.686627,2018-07-02T00:18:15.080467,EPSG:4326,2048,2048,-94.38026590301396,28.55410771192017,-94.19629093282629,28.738082682107848,28.64609519701401,-94.28827841792013,18332,0.4370689392089844,8697234.808647048,96.35702596552477,946.7917303076588,40.0,,,
01046,D:\SIH_Dataset\Part_I\01_Train_Val_Oil_Spill_images\Oil\01046.tif,D:\SIH_Dataset\Part_I\01_Train_Val_Oil_Spill_mask\Mask_oil\01046.tif,S1A_IW_GRDH_1SDV_20191022T034356_20191022T034421_029566_035D93_FD78_O,subset_268_of_S1A_IW_GRDH_1SDV_20191022T034356_20191022T034421_029566_035D93_FD78_Orb_NR_Cal_Spk_TC_dB,GRD,2019-10-22T03:44:10.057967,2019-10-22T03:44:12.456242,EPSG:4326,2048,2048,33.599789442456455,32.37133215515288,33.78376441264413,32.555307125340555,32.463319640246716,33.69177692755029,39864,0.9504318237304688,48128855.50545142,1020.6005920128437,84.43497892835641,40.0,,,
01050,D:\SIH_Dataset\Part_I\01_Train_Val_Oil_Spill_images\Oil\01050.tif,D:\SIH_Dataset\Part_I\01_Train_Val_Oil_Spill_mask\Mask_oil\01050.tif,S1A_IW_GRDH_1SDV_20191022T034356_20191022T034421_029566_035D93_FD78_O,subset_272_of_S1A_IW_GRDH_1SDV_20191022T034356_20191022T034421_029566_035D93_FD78_Orb_NR_Cal_Spk_TC_dB,GRD,2019-10-22T03:44:14.115234,2019-10-22T03:44:16.513509,EPSG:4326,2048,2048,33.36002909312496,32.06024557226229,33.544004063312634,32.244220542449966,32.15223305735613,33.452016578218796,36197,0.8630037307739258,98175895.65896958,1047.386592811559,864.8549741691301,40.0,,,
01051,D:\SIH_Dataset\Part_I\01_Train_Val_Oil_Spill_images\Oil\01051.tif,D:\SIH_Dataset\Part_I\01_Train_Val_Oil_Spill_mask\Mask_oil\01051.tif,S1A_IW_GRDH_1SDV_20191022T034356_20191022T034421_029566_035D93_FD78_O,subset_273_of_S1A_IW_GRDH_1SDV_20191022T034356_20191022T034421_029566_035D93_FD78_Orb_NR_Cal_Spk_TC_dB,GRD,2019-10-22T03:44:14.922470,2019-10-22T03:44:17.320745,EPSG:4326,2048,2048,33.331103340976306,31.998351649186453,33.51507831116398,32.18232661937413,32.09033913428029,33.423090826070144,33284,0.7935523986816406,103487192.50864516,949.4515683211152,1009.5341605576253,40.0,,,
01053,D:\SIH_Dataset\Part_I\01_Train_Val_Oil_Spill_images\Oil\01053.tif,D:\SIH_Dataset\Part_I\01_Train_Val_Oil_Spill_mask\Mask_oil\01053.tif,S1A_IW_GRDH_1SDV_20191022T034356_20191022T034421_029566_035D93_FD78_O,subset_275_of_S1A_IW_GRDH_1SDV_20191022T034356_20191022T034421_029566_035D93_FD78_Orb_NR_Cal_Spk_TC_dB,GRD,2019-10-22T03:44:13.747350,2019-10-22T03:44:16.145625,EPSG:4326,2048,2048,33.42129419550191,32.08845267218364,33.605269165689585,32.27242764237132,32.18044015727748,33.513281680595746,39234,0.9354114532470703,48686685.91254104,915.420502625274,274.2524341132691,40.0,,,
01054,D:\SIH_Dataset\Part_I\01_Train_Val_Oil_Spill_images\Oil\01054.tif,D:\SIH_Dataset\Part_I\01_Train_Val_Oil_Spill_mask\Mask_oil\01054.tif,S1A_IW_GRDH_1SDV_20191022T034356_20191022T034421_029566_035D93_FD78_O,subset_276_of_S1A_IW_GRDH_1SDV_20191022T034356_20191022T034421_029566_035D93_FD78_Orb_NR_Cal_Spk_TC_dB,GRD,2019-10-22T03:44:13.305655,2019-10-22T03:44:15.703930,EPSG:4326,2048,2048,33.273611162792655,32.122319158394944,33.45758613298033,32.30629412858262,32.21430664348878,33.36559864788649,26487,0.6314992904663086,61277051.21971531,1287.9312304149205,1881.5667874806509,40.0,,,
01055,D:\SIH_Dataset\Part_I\01_Train_Val_Oil_Spill_images\Oil\01055.tif,D:\SIH_Dataset\Part_I\01_Train_Val_Oil_Spill_mask\Mask_oil\01055.tif,S1A_IW_GRDH_1SDV_20191022T034356_20191022T034421_029566_035D93_FD78_O,subset_277_of_S1A_IW_GRDH_1SDV_20191022T034356_20191022T034421_029566_035D93_FD78_Orb_NR_Cal_Spk_TC_dB,GRD,2019-10-22T03:44:14.565130,2019-10-22T03:44:16.963405,EPSG:4326,2048,2048,33.350866277226935,32.0257502653521,33.53484124741461,32.20972523553978,32.11773775044594,33.44285376232077,38299,0.9131193161010742,158994497.3034172,1116.1119742029819,820.4649599206246,40.0,,,
01066,D:\SIH_Dataset\Part_I\01_Train_Val_Oil_Spill_images\Oil\01066.tif,D:\SIH_Dataset\Part_I\01_Train_Val_Oil_Spill_mask\Mask_oil\01066.tif,S1A_IW_GRDH_1SDV_20190604T154953_20190604T155018_027532_031B5A_8B9B_O,subset_288_of_S1A_IW_GRDH_1SDV_20190604T154953_20190604T155018_027532_031B5A_8B9B_Orb_NR_Cal_Spk_TC_dB,GRD,2019-06-04T15:50:01.328573,2019-06-04T15:50:03.734554,EPSG:4326,2048,2048,31.93660157884445,35.80511733912811,32.12057654903213,35.98909230931579,35.89710482422195,32.02858906393829,23991,0.5719900131225586,175193676.3147857,1121.5458088449836,221.51100412654745,40.0,,,
01074,D:\SIH_Dataset\Part_I\01_Train_Val_Oil_Spill_images\Oil\01074.tif,D:\SIH_Dataset\Part_I\01_Train_Val_Oil_Spill_mask\Mask_oil\01074.tif,S1A_IW_GRDH_1SDV_20190604T154953_20190604T155018_027532_031B5A_8B9B_O,subset_296_of_S1A_IW_GRDH_1SDV_20190604T154953_20190604T155018_027532_031B5A_8B9B_Orb_NR_Cal_Spk_TC_dB,GRD,2019-06-04T15:50:03.467745,2019-06-04T15:50:05.873726,EPSG:4326,2048,2048,32.576830881836436,35.64162395741836,32.76080585202411,35.82559892760604,35.7336114425122,32.668818366930275,40675,0.9697675704956055,256982065.53489524,1382.880848186847,1542.4437000614628,40.0,,,
01075,D:\SIH_Dataset\Part_I\01_Train_Val_Oil_Spill_images\Oil\01075.tif,D:\SIH_Dataset\Part_I\01_Train_Val_Oil_Spill_mask\Mask_oil\01075.tif,S1A_IW_GRDH_1SDV_20190604T154953_20190604T155018_027532_031B5A_8B9B_O,subset_297_of_S1A_IW_GRDH_1SDV_20190604T154953_20190604T155018_027532_031B5A_8B9B_Orb_NR_Cal_Spk_TC_dB,GRD,2019-06-04T15:50:03.069295,2019-06-04T15:50:05.475276,EPSG:4326,2048,2048,32.3849507371485,35.67207684555001,32.56892570733618,35.856051815737686,35.76406433064385,32.47693822224234,36173,0.862431526184082,382622898.5987285,1817.4524783678435,574.9700190750007,40.0,,,
01081,D:\SIH_Dataset\Part_I\01_Train_Val_Oil_Spill_images\Oil\01081.tif,D:\SIH_Dataset\Part_I\01_Train_Val_Oil_Spill_mask\Mask_oil\01081.tif,S1A_IW_GRDH_1SDV_20190908T154959_20190908T155024_028932_0347C3_7123_O,subset_303_of_S1A_IW_GRDH_1SDV_20190908T154959_20190908T155024_028932_0347C3_7123_Orb_NR_Cal_Spk_TC_dB,GRD,2019-09-08T15:50:18.869529,2019-09-08T15:50:21.275425,EPSG:4326,2048,2048,31.373696245838783,34.897189640492336,31.55767121602646,35.08116461068001,34.989177125586174,31.46568373093262,38563,0.9194135665893555,200825634.2787697,1097.4155148717682,1781.3838005341909,40.0,,,
01091,D:\SIH_Dataset\Part_I\01_Train_Val_Oil_Spill_images\Oil\01091.tif,D:\SIH_Dataset\Part_I\01_Train_Val_Oil_Spill_mask\Mask_oil\01091.tif,S1A_IW_GRDH_1SDV_20181006T001537_20181006T001602_024008_029F7D_50DC_O,subset_313_of_S1A_IW_GRDH_1SDV_20181006T001537_20181006T001602_024008_029F7D_50DC_Orb_NR_Cal_Spk_TC_dB,GRD,2018-10-06T00:15:51.192267,2018-10-06T00:15:53.560491,EPSG:4326,2048,2048,-92.1516072813296,19.20175986168578,-91.96763231114193,19.385734831873457,19.293747346779618,-92.05961979623576,39544,0.9428024291992188,222161514.90922508,74.20602366983613,1131.9603226785352,40.0,,,
01114,D:\SIH_Dataset\Part_I\01_Train_Val_Oil_Spill_images\Oil\01114.tif,D:\SIH_Dataset\Part_I\01_Train_Val_Oil_Spill_mask\Mask_oil\01114.tif,S1A_IW_GRDH_1SDV_20180819T001535_20180819T001600_023308_0288E8_81AC_O,subset_336_of_S1A_IW_GRDH_1SDV_20180819T001535_20180819T001600_023308_0288E8_81AC_Orb_NR_Cal_Spk_TC_dB,GRD,2018-08-19T00:15:49.211988,2018-08-19T00:15:51.580211,EPSG:4326,2048,2048,-92.059644552101,19.228476436902337,-91.87566958191333,19.412451407090014,19.320463921996176,-91.96765706700717,17299,0.41244029998779297,83982310.26490264,296.7898433435459,235.56324064974854,40.0,,,
01138,D:\SIH_Dataset\Part_I\01_Train_Val_Oil_Spill_images\Oil\01138.tif,D:\SIH_Dataset\Part_I\01_Train_Val_Oil_Spill_mask\Mask_oil\01138.tif,S1A_IW_GRDH_1SDV_20181111T001537_20181111T001602_024533_02B121_8A1D_O,subset_360_of_S1A_IW_GRDH_1SDV_20181111T001537_20181111T001602_024533_02B121_8A1D_Orb_NR_Cal_Spk_TC_dB,GRD,2018-11-11T00:15:48.100855,2018-11-11T00:15:50.469099,EPSG:4326,2048,2048,-92.06420139621123,19.44055913960949,-91.88022642602355,19.624534109797168,19.53254662470333,-91.9722139111174,27906,0.6653308868408203,105262250.32857767,1464.0642514154663,755.6562746362789,40.0,,,
01159,D:\SIH_Dataset\Part_I\01_Train_Val_Oil_Spill_images\Oil\01159.tif,D:\SIH_Dataset\Part_I\01_Train_Val_Oil_Spill_mask\Mask_oil\01159.tif,S1A_IW_GRDH_1SDV_20181123T001536_20181123T001601_024708_02B792_4673_O,subset_381_of_S1A_IW_GRDH_1SDV_20181123T001536_20181123T001601_024708_02B792_4673_Orb_NR_Cal_Spk_TC_dB,GRD,2018-11-23T00:15:51.828253,2018-11-23T00:15:54.196528,EPSG:4326,2048,2048,-92.50536717285797,19.12831981973813,-92.3213922026703,19.312294789925808,19.22030730483197,-92.41337968776413,26359,0.6284475326538086,36968574.7424898,833.6374862475815,1165.007947949467,40.0,,,
01172,D:\SIH_Dataset\Part_I\01_Train_Val_Oil_Spill_images\Oil\01172.tif,D:\SIH_Dataset\Part_I\01_Train_Val_Oil_Spill_mask\Mask_oil\01172.tif,S1A_IW_GRDH_1SDV_20190809T001016_20190809T001041_028485_033839_AE7A_O,subset_394_of_S1A_IW_GRDH_1SDV_20190809T001016_20190809T001041_028485_033839_AE7A_Orb_NR_Cal_Spk_TC_dB,GRD,2019-08-09T00:10:30.285189,2019-08-09T00:10:32.681634,EPSG:4326,2048,2048,-92.2102796582801,29.382876000182232,-92.02630468809242,29.56685097036991,29.47486348527607,-92.11829217318626,10680,0.25463104248046875,9079060.288016371,1161.6026217228464,492.3979400749064,40.0,,,
01174,D:\SIH_Dataset\Part_I\01_Train_Val_Oil_Spill_images\Oil\01174.tif,D:\SIH_Dataset\Part_I\01_Train_Val_Oil_Spill_mask\Mask_oil\01174.tif,S1A_IW_GRDH_1SDV_20191015T000152_20191015T000217_029462_035A0E_6CA9_O,subset_396_of_S1A_IW_GRDH_1SDV_20191015T000152_20191015T000217_029462_035A0E_6CA9_Orb_NR_Cal_Spk_TC_dB,GRD,2019-10-15T00:02:13.514301,2019-10-15T00:02:15.908215,EPSG:4326,2048,2048,-90.30318814188206,28.042315545193457,-90.11921317169438,28.226290515381134,28.134303030287295,-90.21120065678822,37490,0.8938312530517578,31751440.332889374,874.3990930914911,1189.2021605761536,40.0,,,
01196,D:\SIH_Dataset\Part_I\01_Train_Val_Oil_Spill_images\Oil\01196.tif,D:\SIH_Dataset\Part_I\01_Train_Val_Oil_Spill_mask\Mask_oil\01196.tif,S1A_IW_GRDH_1SDV_20180821T000144_20180821T000209_023337_0289D2_F4AD_O,subset_418_of_S1A_IW_GRDH_1SDV_20180821T000144_20180821T000209_023337_0289D2_F4AD_Orb_NR_Cal_Spk_TC_dB,GRD,2018-08-21T00:02:04.619922,2018-08-21T00:02:07.013753,EPSG:4326,2048,2048,-89.9120348943605,28.110501758981208,-89.72805992417283,28.294476729168885,28.202489244075046,-89.82004740926666,19984,0.4764556884765625,50085298.475763656,865.9149319455564,812.646417133707,40.0,,,
01212,D:\SIH_Dataset\Part_I\01_Train_Val_Oil_Spill_images\Oil\01212.tif,D:\SIH_Dataset\Part_I\01_Train_Val_Oil_Spill_mask\Mask_oil\01212.tif,S1A_IW_GRDH_1SDV_20181219T000144_20181219T000209_025087_02C4D5_EE7D_O,subset_434_of_S1A_IW_GRDH_1SDV_20181219T000144_20181219T000209_025087_02C4D5_EE7D_Orb_NR_Cal_Spk_TC_dB,GRD,2018-12-19T00:01:52.789521,2018-12-19T00:01:55.183268,EPSG:4326,2048,2048,-88.79348989613621,29.040049991895383,-88.60951492594853,29.22402496208306,29.132037476989222,-88.70150241104237,29164,0.6953239440917969,12583852.153181484,394.9493896584831,993.5165615141956,40.0,,,
01232,D:\SIH_Dataset\Part_I\01_Train_Val_Oil_Spill_images\Oil\01232.tif,D:\SIH_Dataset\Part_I\01_Train_Val_Oil_Spill_mask\Mask_oil\01232.tif,S1A_IW_GRDH_1SDV_20190718T111514_20190718T111539_028170_032E9E_8AD1_O,subset_454_of_S1A_IW_GRDH_1SDV_20190718T111514_20190718T111539_028170_032E9E_8AD1_Orb_NR_Cal_Spk_TC_dB,GRD,2019-07-18T11:15:28.566897,2019-07-18T11:15:30.852537,EPSG:4326,2048,2048,107.59222942292861,-5.985658563204414,107.77620439311629,-5.801683593016736,-5.893671078110575,107.68421690802245,32248,0.7688522338867188,238225472.43218413,1065.0191639791615,1022.2463098486728,40.0,,,
01243,D:\SIH_Dataset\Part_I\01_Train_Val_Oil_Spill_images\Oil\01243.tif,D:\SIH_Dataset\Part_I\01_Train_Val_Oil_Spill_mask\Mask_oil\01243.tif,S1A_IW_GRDH_1SDV_20190612T111511_20190612T111536_027645_031ED2_9323_O,subset_465_of_S1A_IW_GRDH_1SDV_20190612T111511_20190612T111536_027645_031ED2_9323_Orb_NR_Cal_Spk_TC_dB,GRD,2019-06-12T11:15:20.979397,2019-06-12T11:15:23.265020,EPSG:4326,2048,2048,107.44210315073538,-5.576853121453701,107.62607812092305,-5.392878151266023,-5.484865636359862,107.53409063582922,14183,0.3381490707397461,117058539.49296984,1084.9004794472255,830.2848128040612,40.0,,,
01246,D:\SIH_Dataset\Part_I\01_Train_Val_Oil_Spill_images\Oil\01246.tif,D:\SIH_Dataset\Part_I\01_Train_Val_Oil_Spill_mask\Mask_oil\01246.tif,S1A_IW_GRDH_1SDV_20190612T111511_20190612T111536_027645_031ED2_9323_O,subset_468_of_S1A_IW_GRDH_1SDV_20190612T111511_20190612T111536_027645_031ED2_9323_Orb_NR_Cal_Spk_TC_dB,GRD,2019-06-12T11:15:16.739775,2019-06-12T11:15:19.025397,EPSG:4326,2048,2048,106.93599231966243,-5.235762808073519,107.11996728985011,-5.051787837885841,-5.14377532297968,107.02797980475627,31733,0.7565736770629883,13525484.524773622,390.0009926574859,1139.8701824598998,40.0,,,
01267,D:\SIH_Dataset\Part_I\01_Train_Val_Oil_Spill_images\Oil\01267.tif,D:\SIH_Dataset\Part_I\01_Train_Val_Oil_Spill_mask\Mask_oil\01267.tif,S1A_IW_GRDH_1SDV_20180317T221727_20180317T221756_021061_0242CF_F927_O,subset_497_of_S1A_IW_GRDH_1SDV_20180317T221727_20180317T221756_021061_0242CF_F927_Orb_NR_Cal_Spk_TC_dB,GRD,2018-03-17T22:17:32.727981,2018-03-17T22:17:35.150963,EPSG:4326,2048,2048,-60.966293271790626,10.035241779417575,-60.78231830160295,10.219216749605254,10.127229264511413,-60.87430578669679,22805,0.5437135696411133,113928733.62993796,794.0871957903969,1110.7572242929182,40.0,,,
01278,D:\SIH_Dataset\Part_I\01_Train_Val_Oil_Spill_images\Oil\01278.tif,D:\SIH_Dataset\Part_I\01_Train_Val_Oil_Spill_mask\Mask_oil\01278.tif,S1A_IW_GRDH_1SDV_20191026T221743_20191026T221812_029636_036008_C0F4_O,subset_508_of_S1A_IW_GRDH_1SDV_20191026T221743_20191026T221812_029636_036008_C0F4_Orb_NR_Cal_Spk_TC_dB,GRD,2019-10-26T22:17:45.624772,2019-10-26T22:17:48.047651,EPSG:4326,2048,2048,-60.81299255932832,10.270587333889143,-60.629017589140645,10.454562304076822,10.362574818982981,-60.72100507423448,36100,0.8606910705566406,13137785.526335767,1295.4047091412742,1131.9615512465373,40.0,,,
01279,D:\SIH_Dataset\Part_I\01_Train_Val_Oil_Spill_images\Oil\01279.tif,D:\SIH_Dataset\Part_I\01_Train_Val_Oil_Spill_mask\Mask_oil\01279.tif,S1A_IW_GRDH_1SDV_20191026T221743_20191026T221812_029636_036008_C0F4_O,subset_509_of_S1A_IW_GRDH_1SDV_20191026T221743_20191026T221812_029636_036008_C0F4_Orb_NR_Cal_Spk_TC_dB,GRD,2019-10-26T22:17:47.515020,2019-10-26T22:17:49.937898,EPSG:4326,2048,2048,-60.77274803459977,10.127126383015256,-60.588773064412095,10.311101353202934,10.219113868109094,-60.68076054950593,33645,0.802159309387207,123000167.77586742,1246.459102392629,918.7379551196315,40.0,,,
01316,D:\SIH_Dataset\Part_I\01_Train_Val_Oil_Spill_images\Oil\01316.tif,D:\SIH_Dataset\Part_I\01_Train_Val_Oil_Spill_mask\Mask_oil\01316.tif,S1A_IW_GRDH_1SDV_20190925T032240_20190925T032309_029172_034FF8_07DB_O,subset_546_of_S1A_IW_GRDH_1SDV_20190925T032240_20190925T032309_029172_034FF8_07DB_Orb_NR_Cal_Spk_TC_dB,GRD,2019-09-25T03:23:00.903744,2019-09-25T03:23:03.356080,EPSG:4326,2048,2048,38.68283124504389,19.511305746206414,38.86680621523157,19.69528071639409,19.603293231300253,38.77481873013773,26031,0.6206274032592773,9170218.634524493,1493.1124236487265,416.33800084514615,40.0,,,
01323,D:\SIH_Dataset\Part_I\01_Train_Val_Oil_Spill_images\Oil\01323.tif,D:\SIH_Dataset\Part_I\01_Train_Val_Oil_Spill_mask\Mask_oil\01323.tif,S1B_IW_GRDH_1SDV_20171004T173243_20171004T173317_007682_00D90D_1148_O,subset_553_of_S1B_IW_GRDH_1SDV_20171004T173243_20171004T173317_007682_00D90D_1148_Orb_NR_Cal_Spk_TC_dB,GRD,2017-10-04T17:32:49.803103,2017-10-04T17:32:52.245562,EPSG:4326,2048,2048,11.480859141798678,-5.351962374753622,11.664834111986357,-5.167987404565944,-5.259974889659784,11.572846626892517,20948,0.4994392395019531,80120946.84017235,593.4299694481573,547.218541149513,40.0,,,
01324,D:\SIH_Dataset\Part_I\01_Train_Val_Oil_Spill_images\Oil\01324.tif,D:\SIH_Dataset\Part_I\01_Train_Val_Oil_Spill_mask\Mask_oil\01324.tif,S1B_IW_GRDH_1SDV_20171004T173243_20171004T173317_007682_00D90D_1148_O,subset_554_of_S1B_IW_GRDH_1SDV_20171004T173243_20171004T173317_007682_00D90D_1148_Orb_NR_Cal_Spk_TC_dB,GRD,2017-10-04T17:32:48.541901,2017-10-04T17:32:50.984360,EPSG:4326,2048,2048,11.694298853305476,-5.257010449222189,11.878273823493155,-5.073035479034512,-5.165022964128351,11.786286338399314,11561,0.2756357192993164,6100329.067077328,976.1873107862642,858.2946544416573,40.0,,,
01328,D:\SIH_Dataset\Part_I\01_Train_Val_Oil_Spill_images\Oil\01328.tif,D:\SIH_Dataset\Part_I\01_Train_Val_Oil_Spill_mask\Mask_oil\01328.tif,S1B_IW_GRDH_1SDV_20170817T173241_20170817T173316_006982_00C4C2_4FC7_O,subset_558_of_S1B_IW_GRDH_1SDV_20170817T173241_20170817T173316_006982_00C4C2_4FC7_Orb_NR_Cal_Spk_TC_dB,GRD,2017-08-17T17:32:56.924998,2017-08-17T17:32:59.367250,EPSG:4326,2048,2048,12.044532392055055,-6.022792700233209,12.228507362242734,-5.838817730045531,-5.930805215139371,12.136519877148896,24219,0.5774259567260742,45510010.43914082,702.702031462901,593.7236673685949,40.0,,,
01329,D:\SIH_Dataset\Part_I\01_Train_Val_Oil_Spill_images\Oil\01329.tif,D:\SIH_Dataset\Part_I\01_Train_Val_Oil_Spill_mask\Mask_oil\01329.tif,S1B_IW_GRDH_1SDV_20170817T173241_20170817T173316_006982_00C4C2_4FC7_O,subset_559_of_S1B_IW_GRDH_1SDV_20170817T173241_20170817T173316_006982_00C4C2_4FC7_Orb_NR_Cal_Spk_TC_dB,GRD,2017-08-17T17:32:56.155457,2017-08-17T17:32:58.597708,EPSG:4326,2048,2048,11.989914822780587,-5.9648513644075,12.173889792968266,-5.780876394219822,-5.872863879313661,12.081902307874426,35649,0.8499383926391602,8247247.653794906,1140.1296670313334,929.4154253976269,40.0,,,
01331,D:\SIH_Dataset\Part_I\01_Train_Val_Oil_Spill_images\Oil\01331.tif,D:\SIH_Dataset\Part_I\01_Train_Val_Oil_Spill_mask\Mask_oil\01331.tif,S1B_IW_GRDH_1SDV_20170817T173241_20170817T173316_006982_00C4C2_4FC7_O,subset_561_of_S1B_IW_GRDH_1SDV_20170817T173241_20170817T173316_006982_00C4C2_4FC7_Orb_NR_Cal_Spk_TC_dB,GRD,2017-08-17T17:32:54.534050,2017-08-17T17:32:56.976301,EPSG:4326,2048,2048,11.82714009329813,-5.842770317295657,12.011115063485809,-5.658795347107979,-5.750782832201818,11.919127578391969,22179,0.5287885665893555,29741212.543851286,1592.2692862617791,1327.3997700527525,40.0,,,
01332,D:\SIH_Dataset\Part_I\01_Train_Val_Oil_Spill_images\Oil\01332.tif,D:\SIH_Dataset\Part_I\01_Train_Val_Oil_Spill_mask\Mask_oil\01332.tif,S1B_IW_GRDH_1SDV_20170817T173241_20170817T173316_006982_00C4C2_4FC7_O,subset_562_of_S1B_IW_GRDH_1SDV_20170817T173241_20170817T173316_006982_00C4C2_4FC7_Orb_NR_Cal_Spk_TC_dB,GRD,2017-08-17T17:32:53.367210,2017-08-17T17:32:55.809461,EPSG:4326,2048,2048,11.553243763170089,-5.754915082508768,11.737218733357768,-5.57094011232109,-5.66292759741493,11.64523124826393,31246,0.7449626922607422,85439045.08110033,1409.919733725917,832.8891058055431,40.0,,,
00005,D:\SIH_Dataset\Part_I\01_Train_Val_Oil_Spill_images\Oil\00005.tif,D:\SIH_Dataset\Part_I\01_Train_Val_Oil_Spill_mask\Mask_oil\00005.tif,S1A_IW_GRDH_1SDV_20180803T172551_20180803T172608_023085_0281B1_DB30_O,subset_7_of_S1A_IW_GRDH_1SDV_20180803T172551_20180803T172608_023085_0281B1_DB30_Orb_NR_Cal_Spk_TC_dB,GRD,2018-08-03T17:26:00.131787,2018-08-03T17:26:02.338243,EPSG:4326,2048,2048,5.679829170247891,54.937448716306065,5.863804140435569,55.12142368649374,55.0294362013999,5.7718166553417305,55530,1.3239383697509766,-101583295.71197717,753.4409328291014,852.1962902935351,20.0,,,
00008,D:\SIH_Dataset\Part_I\01_Train_Val_Oil_Spill_images\Oil\00008.tif,D:\SIH_Dataset\Part_I\01_Train_Val_Oil_Spill_mask\Mask_oil\00008.tif,S1A_IW_GRDH_1SDV_20170115T040004_20170115T040025_014837_0182F8_2DFF_O,subset_16_of_S1A_IW_GRDH_1SDV_20170115T040004_20170115T040025_014837_0182F8_2DFF_Orb_NR_Cal_Spk_TC_dB,GRD,2017-01-15T04:00:19.634079,2017-01-15T04:00:21.936908,EPSG:4326,2048,2048,30.577875064315126,32.041723588317005,30.761850034502803,32.22569855850468,32.13371107341084,30.669862549408965,100549,2.397274971008301,-3521913.449004789,1009.5239385772111,853.0612785805926,20.0,,,
00010,D:\SIH_Dataset\Part_I\01_Train_Val_Oil_Spill_images\Oil\00010.tif,D:\SIH_Dataset\Part_I\01_Train_Val_Oil_Spill_mask\Mask_oil\00010.tif,S1A_IW_GRDH_1SDV_20160707T040004_20160707T040024_012037_0129A1_A38C_O,subset_34_of_S1A_IW_GRDH_1SDV_20160707T040004_20160707T040024_012037_0129A1_A38C_Orb_NR_Cal_Spk_TC_dB,GRD,2016-07-07T04:00:13.163731,2016-07-07T04:00:15.466856,EPSG:4326,2048,2048,29.131487476100624,32.51917890593093,29.3154624462883,32.703153876118606,32.61116639102477,29.223474961194462,62520,1.4905929565429688,-5505701.445501875,1172.2567338451695,1085.2152271273192,20.0,,,
00011,D:\SIH_Dataset\Part_I\01_Train_Val_Oil_Spill_images\Oil\00011.tif,D:\SIH_Dataset\Part_I\01_Train_Val_Oil_Spill_mask\Mask_oil\00011.tif,S1A_IW_GRDH_1SDV_20170208T040004_20170208T040024_015187_018DC8_E79B_O,subset_40_of_S1A_IW_GRDH_1SDV_20170208T040004_20170208T040024_015187_018DC8_E79B_Orb_NR_Cal_Spk_TC_dB,GRD,2017-02-08T04:00:10.774380,2017-02-08T04:00:13.077329,EPSG:4326,2048,2048,28.84740029177702,32.71636046200168,29.031375261964698,32.90033543218936,32.80834794709552,28.93938777687086,49967,1.1913061141967773,-253197311.00682425,908.9110312806453,979.4133828326695,20.0,,,
00016,D:\SIH_Dataset\Part_I\01_Train_Val_Oil_Spill_images\Oil\00016.tif,D:\SIH_Dataset\Part_I\01_Train_Val_Oil_Spill_mask\Mask_oil\00016.tif,S1A_IW_GRDH_1SDV_20161011T040007_20161011T040028_013437_015777_6C5A_O,subset_50_of_S1A_IW_GRDH_1SDV_20161011T040007_20161011T040028_013437_015777_6C5A_Orb_NR_Cal_Spk_TC_dB,GRD,2016-10-11T04:00:18.674982,2016-10-11T04:00:20.977635,EPSG:4326,2048,2048,31.092521539876063,32.380134957490135,31.27649651006374,32.56410992767781,32.472122442583974,31.184509024969902,80306,1.9146442413330078,-62367063.450573765,1199.2168704704504,961.8078350310064,20.0,,,
00017,D:\SIH_Dataset\Part_I\01_Train_Val_Oil_Spill_images\Oil\00017.tif,D:\SIH_Dataset\Part_I\01_Train_Val_Oil_Spill_mask\Mask_oil\00017.tif,S1A_IW_GRDH_1SDV_20161011T040007_20161011T040028_013437_015777_6C5A_O,subset_51_of_S1A_IW_GRDH_1SDV_20161011T040007_20161011T040028_013437_015777_6C5A_Orb_NR_Cal_Spk_TC_dB,GRD,2016-10-11T04:00:17.484846,2016-10-11T04:00:19.787500,EPSG:4326,2048,2048,30.966847231627742,32.47517671454998,31.15082220181542,32.65915168473766,32.56716419964382,31.05883471672158,85664,2.042388916015625,-54899893.98699219,771.2347777362719,777.1117855808741,20.0,,,
00018,D:\SIH_Dataset\Part_I\01_Train_Val_Oil_Spill_images\Oil\00018.tif,D:\SIH_Dataset\Part_I\01_Train_Val_Oil_Spill_mask\Mask_oil\00018.tif,S1A_IW_GRDH_1SDV_20161011T040007_20161011T040028_013437_015777_6C5A_O,subset_52_of_S1A_IW_GRDH_1SDV_20161011T040007_20161011T040028_013437_015777_6C5A_Orb_NR_Cal_Spk_TC_dB,GRD,2016-10-11T04:00:16.584933,2016-10-11T04:00:18.887586,EPSG:4326,2048,2048,30.885819193000163,32.547041937279545,31.06979416318784,32.73101690746722,32.63902942237338,30.977806678094,128371,3.060603141784668,-26263529.538271595,861.6450405465409,1043.8265379252323,20.0,,,
00020,D:\SIH_Dataset\Part_I\01_Train_Val_Oil_Spill_images\Oil\00020.tif,D:\SIH_Dataset\Part_I\01_Train_Val_Oil_Spill_mask\Mask_oil\00020.tif,S1A_IW_GRDH_1SDV_20160827T170943_20160827T171006_012789_014272_9810_O,subset_0_of_S1A_IW_GRDH_1SDV_20160827T170943_20160827T171006_012789_014272_9810_Orb_NR_Cal_Spk_TC_dB,GRD,2016-08-27T17:09:46.547430,2016-08-27T17:09:48.924786,EPSG:4326,2048,2048,8.629539633975162,57.6101091196886,8.81351460416284,57.79408408987628,57.70209660478244,8.721527119069002,82831,1.9748449325561523,-107053391.8484285,816.7931752604701,673.2822795813162,20.0,,,
00026,D:\SIH_Dataset\Part_I\01_Train_Val_Oil_Spill_images\Oil\00026.tif,D:\SIH_Dataset\Part_I\01_Train_Val_Oil_Spill_mask\Mask_oil\00026.tif,S1A_IW_GRDH_1SDV_20171016T023924_20171016T023947_018832_01FCC7_E86E_O,subset_55_of_S1A_IW_GRDH_1SDV_20171016T023924_20171016T023947_018832_01FCC7_E86E_Orb_NR_Cal_Spk_TC_dB,GRD,2017-10-16T02:39:25.983095,2017-10-16T02:39:28.345441,EPSG:4326,2048,2048,49.20449568647342,27.834330412991694,49.3884706566611,28.01830538317937,27.926317898085532,49.29648317156726,149042,3.553438186645508,-81009443.01142396,1102.0856335797962,573.8583218153273,20.0,,,
00046,D:\SIH_Dataset\Part_I\01_Train_Val_Oil_Spill_images\Oil\00046.tif,D:\SIH_Dataset\Part_I\01_Train_Val_Oil_Spill_mask\Mask_oil\00046.tif,S1A_IW_GRDH_1SDV_20170311T021505_20170311T021528_015638_019B8B_9D85_O,subset_125_of_S1A_IW_GRDH_1SDV_20170311T021505_20170311T021528_015638_019B8B_9D85_Orb_NR_Cal_Spk_TC_dB,GRD,2017-03-11T02:15:07.125599,2017-03-11T02:15:09.473253,EPSG:4326,2048,2048,54.20428632182621,25.897620024536355,54.38826129201389,26.081594994724032,25.989607509630194,54.29627380692005,68289,1.6281366348266602,-137378387.46915832,1177.9897714126726,1226.2016503390005,20.0,,,
00048,D:\SIH_Dataset\Part_I\01_Train_Val_Oil_Spill_images\Oil\00048.tif,D:\SIH_Dataset\Part_I\01_Train_Val_Oil_Spill_mask\Mask_oil\00048.tif,S1A_IW_GRDH_1SDV_20170311T021505_20170311T021528_015638_019B8B_9D85_O,subset_127_of_S1A_IW_GRDH_1SDV_20170311T021505_20170311T021528_015638_019B8B_9D85_Orb_NR_Cal_Spk_TC_dB,GRD,2017-03-11T02:15:07.910062,2017-03-11T02:15:10.257715,EPSG:4326,2048,2048,54.205364300167155,25.83617525910258,54.38933927035483,26.020150229290255,25.928162744196417,54.29735178526099,50734,1.2095928192138672,-96623079.00773676,764.3525643552647,1389.8517956400046,20.0,,,
00050,D:\SIH_Dataset\Part_I\01_Train_Val_Oil_Spill_images\Oil\00050.tif,D:\SIH_Dataset\Part_I\01_Train_Val_Oil_Spill_mask\Mask_oil\00050.tif,S1A_IW_GRDH_1SDV_20170311T021505_20170311T021528_015638_019B8B_9D85_O,subset_129_of_S1A_IW_GRDH_1SDV_20170311T021505_20170311T021528_015638_019B8B_9D85_Orb_NR_Cal_Spk_TC_dB,GRD,2017-03-11T02:15:13.442588,2017-03-11T02:15:15.790242,EPSG:4326,2048,2048,54.160987525131645,25.402827966043322,54.34496249531932,25.586802936231,25.49481545113716,54.252975010225484,137579,3.2801389694213867,-124297313.29549047,1622.2327717166138,1077.048950057785,20.0,,,
00064,D:\SIH_Dataset\Part_I\01_Train_Val_Oil_Spill_images\Oil\00064.tif,D:\SIH_Dataset\Part_I\01_Train_Val_Oil_Spill_mask\Mask_oil\00064.tif,S1A_IW_GRDH_1SDV_20170510T021513_20170510T021536_016513_01B5F0_7A15_O,subset_175_of_S1A_IW_GRDH_1SDV_20170510T021513_20170510T021536_016513_01B5F0_7A15_Orb_NR_Cal_Spk_TC_dB,GRD,2017-05-10T02:15:16.106594,2017-05-10T02:15:18.455143,EPSG:4326,2048,2048,54.50160015615577,25.481988939403447,54.685575126343444,25.665963909591124,25.573976424497285,54.593587641249606,52620,1.2545585632324219,-31070978.59631711,1091.8211706575446,1065.1008551881414,20.0,,,
00067,D:\SIH_Dataset\Part_I\01_Train_Val_Oil_Spill_images\Oil\00067.tif,D:\SIH_Dataset\Part_I\01_Train_Val_Oil_Spill_mask\Mask_oil\00067.tif,S1A_IW_GRDH_1SDV_20170510T021513_20170510T021536_016513_01B5F0_7A15_O,subset_178_of_S1A_IW_GRDH_1SDV_20170510T021513_20170510T021536_016513_01B5F0_7A15_Orb_NR_Cal_Spk_TC_dB,GRD,2017-05-10T02:15:16.251155,2017-05-10T02:15:18.599704,EPSG:4326,2048,2048,54.416170372636,25.470670166823542,54.60014534282368,25.65464513701122,25.56265765191738,54.50815785772984,44310,1.0564327239990234,-179657316.71334732,1624.949063416836,1028.962333559016,20.0,,,
00069,D:\SIH_Dataset\Part_I\01_Train_Val_Oil_Spill_images\Oil\00069.tif,D:\SIH_Dataset\Part_I\01_Train_Val_Oil_Spill_mask\Mask_oil\00069.tif,S1A_IW_GRDH_1SDV_20170510T021513_20170510T021536_016513_01B5F0_7A15_O,subset_180_of_S1A_IW_GRDH_1SDV_20170510T021513_20170510T021536_016513_01B5F0_7A15_Orb_NR_Cal_Spk_TC_dB,GRD,2017-05-10T02:15:16.251155,2017-05-10T02:15:18.599704,EPSG:4326,2048,2048,54.48668812243938,25.470670166823542,54.67066309262706,25.65464513701122,25.56265765191738,54.57867560753322,52621,1.254582405090332,-139988282.83559796,965.8040231086449,1231.1093574808538,20.0,,,
00073,D:\SIH_Dataset\Part_I\01_Train_Val_Oil_Spill_images\Oil\00073.tif,D:\SIH_Dataset\Part_I\01_Train_Val_Oil_Spill_mask\Mask_oil\00073.tif,S1B_IW_GRDH_1SDV_20180310T001456_20180310T001521_009962_0120DE_7E83_O,subset_0_of_S1B_IW_GRDH_1SDV_20180310T001456_20180310T001521_009962_0120DE_7E83_Orb_NR_Cal_Spk_TC_dB,GRD,2018-03-10T00:15:16.726076,2018-03-10T00:15:19.104893,EPSG:4326,2048,2048,-92.14099511348418,19.370509378634164,-91.9570201432965,19.55448434882184,19.462496863728003,-92.04900762839034,180003,4.2916059494018555,-221542932.8750249,925.7348460858985,1020.4966000566657,20.0,,,
00076,D:\SIH_Dataset\Part_I\01_Train_Val_Oil_Spill_images\Oil\00076.tif,D:\SIH_Dataset\Part_I\01_Train_Val_Oil_Spill_mask\Mask_oil\00076.tif,S1B_IW_GRDH_1SDV_20180226T001456_20180226T001521_009787_011AFF_6791_O,subset_7_of_S1B_IW_GRDH_1SDV_20180226T001456_20180226T001521_009787_011AFF_6791_Orb_NR_Cal_Spk_TC_dB,GRD,2018-02-26T00:15:16.629908,2018-02-26T00:15:19.008758,EPSG:4326,2048,2048,-92.13248746354945,19.375023842447778,-91.94851249336178,19.558998812635455,19.467011327541616,-92.04049997845561,208701,4.9758195877075195,-31098285.977887437,1649.5460131959119,544.0165667629767,20.0,,,
00077,D:\SIH_Dataset\Part_I\01_Train_Val_Oil_Spill_images\Oil\00077.tif,D:\SIH_Dataset\Part_I\01_Train_Val_Oil_Spill_mask\Mask_oil\00077.tif,S1B_IW_GRDH_1SDV_20180226T001456_20180226T001521_009787_011AFF_6791_O,subset_8_of_S1B_IW_GRDH_1SDV_20180226T001456_20180226T001521_009787_011AFF_6791_Orb_NR_Cal_Spk_TC_dB,GRD,2018-02-26T00:15:16.216195,2018-02-26T00:15:18.595045,EPSG:4326,2048,2048,-92.25546682594542,19.40700386656243,-92.07149185575774,19.590978836750107,19.49899135165627,-92.16347934085158,154900,3.693103790283203,-61449189.905327216,1665.210477727566,1446.7422659780505,20.0,,,
00078,D:\SIH_Dataset\Part_I\01_Train_Val_Oil_Spill_images\Oil\00078.tif,D:\SIH_Dataset\Part_I\01_Train_Val_Oil_Spill_mask\Mask_oil\00078.tif,S1B_IW_GRDH_1SDV_20180226T001456_20180226T001521_009787_011AFF_6791_O,subset_9_of_S1B_IW_GRDH_1SDV_20180226T001456_20180226T001521_009787_011AFF_6791_Orb_NR_Cal_Spk_TC_dB,GRD,2018-02-26T00:15:15.776916,2018-02-26T00:15:18.155765,EPSG:4326,2048,2048,-92.32993716299893,19.44096018430215,-92.14596219281125,19.624935154489826,19.532947669395988,-92.23794967790509,165351,3.942275047302246,-1114355139.5242145,1411.0715961802468,990.8595502899892,20.0,,,
00079,D:\SIH_Dataset\Part_I\01_Train_Val_Oil_Spill_images\Oil\00079.tif,D:\SIH_Dataset\Part_I\01_Train_Val_Oil_Spill_mask\Mask_oil\00079.tif,S1B_IW_GRDH_1SDV_20180226T001456_20180226T001521_009787_011AFF_6791_O,subset_10_of_S1B_IW_GRDH_1SDV_20180226T001456_20180226T001521_009787_011AFF_6791_Orb_NR_Cal_Spk_TC_dB,GRD,2018-02-26T00:15:15.653731,2018-02-26T00:15:18.032581,EPSG:4326,2048,2048,-92.46468445561686,19.450482326313818,-92.28070948542918,19.634457296501495,19.542469811407656,-92.37269697052302,174282,4.155206680297852,-175269150.2923747,1263.8784556064309,1315.1504515670006,20.0,,,
00080,D:\SIH_Dataset\Part_I\01_Train_Val_Oil_Spill_images\Oil\00080.tif,D:\SIH_Dataset\Part_I\01_Train_Val_Oil_Spill_mask\Mask_oil\00080.tif,S1B_IW_GRDH_1SDV_20180226T001456_20180226T001521_009787_011AFF_6791_O,subset_11_of_S1B_IW_GRDH_1SDV_20180226T001456_20180226T001521_009787_011AFF_6791_Orb_NR_Cal_Spk_TC_dB,GRD,2018-02-26T00:15:14.560181,2018-02-26T00:15:16.939031,EPSG:4326,2048,2048,-92.64910858344659,19.535013794549464,-92.46513361325891,19.71898876473714,19.627001279643302,-92.55712109835275,128475,3.063082695007324,-237893305.63733178,1332.5294999027049,1174.9105078809107,20.0,,,
00084,D:\SIH_Dataset\Part_I\01_Train_Val_Oil_Spill_images\Oil\00084.tif,D:\SIH_Dataset\Part_I\01_Train_Val_Oil_Spill_mask\Mask_oil\00084.tif,S1B_IW_GRDH_1SDV_20171204T001458_20171204T001523_008562_00F323_2A9C_O,subset_32_of_S1B_IW_GRDH_1SDV_20171204T001458_20171204T001523_008562_00F323_2A9C_Orb_NR_Cal_Spk_TC_dB,GRD,2017-12-04T00:15:20.132718,2017-12-04T00:15:22.511529,EPSG:4326,2048,2048,-92.48049816347732,19.295010468653974,-92.29652319328964,19.47898543884165,19.386997953747812,-92.38851067838348,61329,1.4621973037719727,-127992703.96600984,1289.4298374341665,1500.1340556669766,20.0,,,
00088,D:\SIH_Dataset\Part_I\01_Train_Val_Oil_Spill_images\Oil\00088.tif,D:\SIH_Dataset\Part_I\01_Train_Val_Oil_Spill_mask\Mask_oil\00088.tif,S1A_IW_GRDH_1SDV_20170710T224717_20170710T224742_017415_01D18B_5031_O,subset_52_of_S1A_IW_GRDH_1SDV_20170710T224717_20170710T224742_017415_01D18B_5031_Orb_NR_Cal_Spk_TC_dB,GRD,2017-07-10T22:47:32.500993,2017-07-10T22:47:34.823993,EPSG:4326,2048,2048,104.16594221077561,2.9488759792696926,104.34991718096329,3.1328509494573704,3.0408634643635315,104.25792969586945,148431,3.5388708114624023,-43890428.14786727,876.7812552633884,1059.1222217730797,20.0,,,
00091,D:\SIH_Dataset\Part_I\01_Train_Val_Oil_Spill_images\Oil\00091.tif,D:\SIH_Dataset\Part_I\01_Train_Val_Oil_Spill_mask\Mask_oil\00091.tif,S1A_IW_GRDH_1SDV_20170710T224717_20170710T224742_017415_01D18B_5031_O,subset_55_of_S1A_IW_GRDH_1SDV_20170710T224717_20170710T224742_017415_01D18B_5031_Orb_NR_Cal_Spk_TC_dB,GRD,2017-07-10T22:47:28.187498,2017-07-10T22:47:30.510498,EPSG:4326,2048,2048,104.09847873293823,3.290325618763523,104.28245370312591,3.4743005889512006,3.3823131038573617,104.19046621803207,303825,7.243752479553223,-225408860.78975987,1293.5492059573767,1057.8596214926356,20.0,,,
00094,D:\SIH_Dataset\Part_I\01_Train_Val_Oil_Spill_images\Oil\00094.tif,D:\SIH_Dataset\Part_I\01_Train_Val_Oil_Spill_mask\Mask_oil\00094.tif,S1A_IW_GRDH_1SDV_20160806T062101_20160806T062126_012476_013807_2C02_O,subset_68_of_S1A_IW_GRDH_1SDV_20160806T062101_20160806T062126_012476_013807_2C02_Orb_NR_Cal_Spk_TC_dB,GRD,2016-08-06T06:21:10.755907,2016-08-06T06:21:13.174734,EPSG:4326,2048,2048,-0.28309583130360405,58.37996503684997,-0.09912086111592605,58.563940007037644,58.471952521943805,-0.19110834620976505,55477,1.3226747512817383,-247462757.45945555,1561.112470032626,801.7434702669575,20.0,,,
00095,D:\SIH_Dataset\Part_I\01_Train_Val_Oil_Spill_images\Oil\00095.tif,D:\SIH_Dataset\Part_I\01_Train_Val_Oil_Spill_mask\Mask_oil\00095.tif,S1A_IW_GRDH_1SDV_20160806T062101_20160806T062126_012476_013807_2C02_O,subset_69_of_S1A_IW_GRDH_1SDV_20160806T062101_20160806T062126_012476_013807_2C02_Orb_NR_Cal_Spk_TC_dB,GRD,2016-08-06T06:21:12.068714,2016-08-06T06:21:14.487541,EPSG:4326,2048,2048,-0.26548885173486125,58.28016220878429,-0.08151388154718325,58.46413717897197,58.37214969387813,-0.17350136664102225,56518,1.347494125366211,-125415830.15781048,460.1373721646201,620.1107611734315,20.0,,,
00099,D:\SIH_Dataset\Part_I\01_Train_Val_Oil_Spill_images\Oil\00099.tif,D:\SIH_Dataset\Part_I\01_Train_Val_Oil_Spill_mask\Mask_oil\00099.tif,S1A_IW_GRDH_1SDV_20170901T172701_20170901T172726_018185_01E8EF_AA89_O,subset_0_of_S1A_IW_GRDH_1SDV_20170901T172701_20170901T172726_018185_01E8EF_AA89_Orb_NR_Cal_Spk_TC_dB,GRD,2017-09-01T17:27:03.248893,2017-09-01T17:27:05.662098,EPSG:4326,2048,2048,3.0314578596893718,60.397285033218274,3.2154328298770496,60.58126000340595,60.48927251831211,3.1234453447832107,62266,1.484537124633789,-96724947.04127266,963.0041435133138,1146.7052323900684,20.0,,,
00100,D:\SIH_Dataset\Part_I\01_Train_Val_Oil_Spill_images\Oil\00100.tif,D:\SIH_Dataset\Part_I\01_Train_Val_Oil_Spill_mask\Mask_oil\00100.tif,S1A_IW_GRDH_1SDV_20150906T035109_20150906T035132_007589_00A815_8498_O,subset_3_of_S1A_IW_GRDH_1SDV_20150906T035109_20150906T035132_007589_00A815_8498_Orb_NR_Cal_Spk_TC_dB,GRD,2015-09-06T03:51:24.510130,2015-09-06T03:51:26.883260,EPSG:4326,2048,2048,33.19662205361817,34.31914354949229,33.38059702380585,34.503118519679965,34.41113103458613,33.28860953871201,95335,2.272963523864746,-609234784.3170733,880.4710599465044,1301.5764567053025,20.0,,,
00104,D:\SIH_Dataset\Part_I\01_Train_Val_Oil_Spill_images\Oil\00104.tif,D:\SIH_Dataset\Part_I\01_Train_Val_Oil_Spill_mask\Mask_oil\00104.tif,S1A_IW_GRDH_1SDV_20180111T172719_20180111T172744_020110_02249B_B117_O,subset_15_of_S1A_IW_GRDH_1SDV_20180111T172719_20180111T172744_020110_02249B_B117_Orb_NR_Cal_Spk_TC_dB,GRD,2018-01-11T17:27:26.191870,2018-01-11T17:27:28.597734,EPSG:4326,2048,2048,1.0705916489787761,61.205253987280194,1.2545666191664542,61.38922895746787,61.29724147237403,1.1625791340726153,49711,1.1852025985717773,-130761009.59264663,1534.5721771841243,912.4245036309871,20.0,,,
00112,D:\SIH_Dataset\Part_I\01_Train_Val_Oil_Spill_images\Oil\00112.tif,D:\SIH_Dataset\Part_I\01_Train_Val_Oil_Spill_mask\Mask_oil\00112.tif,S1B_IW_GRDH_1SDV_20170929T155606_20170929T155630_007609_00D6F3_36B8_O,subset_7_of_S1B_IW_GRDH_1SDV_20170929T155606_20170929T155630_007609_00D6F3_36B8_Orb_NR_Cal_Spk_TC_dB,GRD,2017-09-29T15:56:12.574958,2017-09-29T15:56:14.975852,EPSG:4326,2048,2048,30.112585869224485,31.480291111069324,30.296560839412162,31.664266081257,31.572278596163162,30.204573354318324,70192,1.6735076904296875,-74208096.55897492,738.2064195349898,1041.8612662411672,20.0,,,
00127,D:\SIH_Dataset\Part_I\01_Train_Val_Oil_Spill_images\Oil\00127.tif,D:\SIH_Dataset\Part_I\01_Train_Val_Oil_Spill_mask\Mask_oil\00127.tif,S1B_IW_GRDH_1SDV_20171023T155606_20171023T155631_007959_00E0EF_4900_O,subset_40_of_S1B_IW_GRDH_1SDV_20171023T155606_20171023T155631_007959_00E0EF_4900_Orb_NR_Cal_Spk_TC_dB,GRD,2017-10-23T15:56:12.864856,2017-10-23T15:56:15.265946,EPSG:4326,2048,2048,31.277038386834967,31.479153078165236,31.461013357022644,31.663128048352913,31.571140563259075,31.369025871928805,134000,3.1948089599609375,-23453830.507533967,693.5108731343283,721.8474850746269,20.0,,,
00131,D:\SIH_Dataset\Part_I\01_Train_Val_Oil_Spill_images\Oil\00131.tif,D:\SIH_Dataset\Part_I\01_Train_Val_Oil_Spill_mask\Mask_oil\00131.tif,S1A_IW_GRDH_1SDV_20170825T173453_20170825T173518_018083_01E5D6_631F_O,subset_56_of_S1A_IW_GRDH_1SDV_20170825T173453_20170825T173518_018083_01E5D6_631F_Orb_NR_Cal_Spk_TC_dB,GRD,2017-08-25T17:35:10.475796,2017-08-25T17:35:12.893381,EPSG:4326,2048,2048,0.9986888465621302,57.97741390960448,1.1826638167498082,58.161388879792156,58.06940139469832,1.0906763316559691,148314,3.536081314086914,-451335672.2238506,1087.0891756678398,1012.6039079250779,20.0,,,
00133,D:\SIH_Dataset\Part_I\01_Train_Val_Oil_Spill_images\Oil\00133.tif,D:\SIH_Dataset\Part_I\01_Train_Val_Oil_Spill_mask\Mask_oil\00133.tif,S1A_IW_GRDH_1SDV_20170825T173453_20170825T173518_018083_01E5D6_631F_O,subset_58_of_S1A_IW_GRDH_1SDV_20170825T173453_20170825T173518_018083_01E5D6_631F_Orb_NR_Cal_Spk_TC_dB,GRD,2017-08-25T17:35:03.238393,2017-08-25T17:35:05.655979,EPSG:4326,2048,2048,1.1345141175210018,58.52790151571293,1.31848908770868,58.7118764859006,58.619889000806765,1.226501602614841,112051,2.671504020690918,-41268441.84891083,438.5503252983017,915.4276579414731,20.0,,,
00143,D:\SIH_Dataset\Part_I\01_Train_Val_Oil_Spill_images\Oil\00143.tif,D:\SIH_Dataset\Part_I\01_Train_Val_Oil_Spill_mask\Mask_oil\00143.tif,S1A_IW_GRDH_1SDV_20170830T174257_20170830T174322_018156_01E80E_46BF_O,subset_80_of_S1A_IW_GRDH_1SDV_20170830T174257_20170830T174322_018156_01E80E_46BF_Orb_NR_Cal_Spk_TC_dB,GRD,2017-08-30T17:43:12.202294,2017-08-30T17:43:14.620889,EPSG:4326,2048,2048,0.8284474340697474,57.64371514698939,1.0124224042574255,57.82769011717707,57.73570263208323,0.9204349191635864,74404,1.7739295959472656,-13574239.052235626,948.7908176979732,1449.8676280845116,20.0,,,
00146,D:\SIH_Dataset\Part_I\01_Train_Val_Oil_Spill_images\Oil\00146.tif,D:\SIH_Dataset\Part_I\01_Train_Val_Oil_Spill_mask\Mask_oil\00146.tif,S1A_IW_GRDH_1SDV_20170516T045224_20170516T045249_016602_01B8AB_8B63_O,subset_96_of_S1A_IW_GRDH_1SDV_20170516T045224_20170516T045249_016602_01B8AB_8B63_Orb_NR_Cal_Spk_TC_dB,GRD,2017-05-16T04:52:32.255580,2017-05-16T04:52:34.535682,EPSG:4326,2048,2048,11.640434745651337,-7.715458090239802,11.824409715839016,-7.531483120052124,-7.623470605145963,11.732422230745176,63896,1.5233993530273438,-130016495.37681156,981.3403342932265,1140.34830036309,20.0,,,
00150,D:\SIH_Dataset\Part_I\01_Train_Val_Oil_Spill_images\Oil\00150.tif,D:\SIH_Dataset\Part_I\01_Train_Val_Oil_Spill_mask\Mask_oil\00150.tif,S1A_IW_GRDH_1SDV_20170810T024649_20170810T024714_017855_01DEF7_3B52_O,subset_110_of_S1A_IW_GRDH_1SDV_20170810T024649_20170810T024714_017855_01DEF7_3B52_Orb_NR_Cal_Spk_TC_dB,GRD,2017-08-10T02:47:08.612220,2017-08-10T02:47:11.009795,EPSG:4326,2048,2048,48.90948656428689,29.283685670397904,49.093461534474564,29.46766064058558,29.375673155491743,49.001474049380725,61544,1.4673233032226562,-61882472.238739125,1388.0150136487716,1269.4362894839464,20.0,,,
00152,D:\SIH_Dataset\Part_I\01_Train_Val_Oil_Spill_images\Oil\00152.tif,D:\SIH_Dataset\Part_I\01_Train_Val_Oil_Spill_mask\Mask_oil\00152.tif,S1A_IW_GRDH_1SDV_20170913T045157_20170913T045222_018352_01EE2E_DD64_O,subset_121_of_S1A_IW_GRDH_1SDV_20170913T045157_20170913T045222_018352_01EE2E_DD64_Orb_NR_Cal_Spk_TC_dB,GRD,2017-09-13T04:52:13.833545,2017-09-13T04:52:16.121084,EPSG:4326,2048,2048,10.963365434430228,-6.401787553393785,11.147340404617907,-6.217812583206107,-6.309800068299946,11.055352919524069,110494,2.6343822479248047,-84400809.70543116,973.4048998135645,1106.5144713740112,20.0,,,
00155,D:\SIH_Dataset\Part_I\01_Train_Val_Oil_Spill_images\Oil\00155.tif,D:\SIH_Dataset\Part_I\01_Train_Val_Oil_Spill_mask\Mask_oil\00155.tif,S1A_IW_GRDH_1SDV_20170913T045157_20170913T045222_018352_01EE2E_DD64_O,subset_124_of_S1A_IW_GRDH_1SDV_20170913T045157_20170913T045222_018352_01EE2E_DD64_Orb_NR_Cal_Spk_TC_dB,GRD,2017-09-13T04:51:59.926155,2017-09-13T04:52:02.213694,EPSG:4326,2048,2048,11.661266578662685,-5.28383418230704,11.845241548850364,-5.099859212119362,-5.191846697213201,11.753254063756525,43820,1.0447502136230469,-38680736.80307923,715.7318347786398,1736.07877681424,20.0,,,
00156,D:\SIH_Dataset\Part_I\01_Train_Val_Oil_Spill_images\Oil\00156.tif,D:\SIH_Dataset\Part_I\01_Train_Val_Oil_Spill_mask\Mask_oil\00156.tif,S1B_IW_GRDH_1SDV_20180403T001457_20180403T001522_010312_012C3C_8B5F_O,subset_133_of_S1B_IW_GRDH_1SDV_20180403T001457_20180403T001522_010312_012C3C_8B5F_Orb_NR_Cal_Spk_TC_dB,GRD,2018-04-03T00:15:17.768014,2018-04-03T00:15:20.146828,EPSG:4326,2048,2048,-92.13375198328146,19.33722231058837,-91.94977701309378,19.521197280776047,19.42920979568221,-92.04176449818762,183881,4.384064674377441,-178493781.67057082,1270.9097323812682,861.9058113671342,20.0,,,
00158,D:\SIH_Dataset\Part_I\01_Train_Val_Oil_Spill_images\Oil\00158.tif,D:\SIH_Dataset\Part_I\01_Train_Val_Oil_Spill_mask\Mask_oil\00158.tif,S1B_IW_GRDH_1SDV_20180403T001457_20180403T001522_010312_012C3C_8B5F_O,subset_135_of_S1B_IW_GRDH_1SDV_20180403T001457_20180403T001522_010312_012C3C_8B5F_Orb_NR_Cal_Spk_TC_dB,GRD,2018-04-03T00:15:18.117806,2018-04-03T00:15:20.496620,EPSG:4326,2048,2048,-92.35527653234533,19.31018302053637,-92.17130156215765,19.494157990724048,19.40217050563021,-92.26328904725149,137366,3.2750606536865234,-97481691.19018482,676.9014312129639,1150.8779901868002,20.0,,,
00160,D:\SIH_Dataset\Part_I\01_Train_Val_Oil_Spill_images\Oil\00160.tif,D:\SIH_Dataset\Part_I\01_Train_Val_Oil_Spill_mask\Mask_oil\00160.tif,S1B_IW_GRDH_1SDV_20180204T035058_20180204T035123_009468_011070_A886_O,subset_141_of_S1B_IW_GRDH_1SDV_20180204T035058_20180204T035123_009468_011070_A886_Orb_NR_Cal_Spk_TC_dB,GRD,2018-02-04T03:51:10.861338,2018-02-04T03:51:13.268172,EPSG:4326,2048,2048,33.13433993896238,33.29563051712149,33.318314909150054,33.479605487309165,33.387618002215326,33.226327424056215,90918,2.167654037475586,-42648345.08080295,950.8545172573088,1232.6420620779163,20.0,,,
00172,D:\SIH_Dataset\Part_I\01_Train_Val_Oil_Spill_images\Oil\00172.tif,D:\SIH_Dataset\Part_I\01_Train_Val_Oil_Spill_mask\Mask_oil\00172.tif,S1A_IW_GRDH_1SDV_20171116T001710_20171116T001735_019283_020AB6_E7DB_O,subset_176_of_S1A_IW_GRDH_1SDV_20171116T001710_20171116T001735_019283_020AB6_E7DB_Orb_NR_Cal_Spk_TC_dB,GRD,2017-11-16T00:17:15.090724,2017-11-16T00:17:17.476302,EPSG:4326,2048,2048,-92.1549519499516,25.956741038346806,-91.97097697976392,26.140716008534483,26.048728523440644,-92.06296446485776,87181,2.078557014465332,-122939406.46513978,948.038787121047,1034.2361581078446,20.0,,,
00173,D:\SIH_Dataset\Part_I\01_Train_Val_Oil_Spill_images\Oil\00173.tif,D:\SIH_Dataset\Part_I\01_Train_Val_Oil_Spill_mask\Mask_oil\00173.tif,S1A_IW_GRDH_1SDV_20171116T001710_20171116T001735_019283_020AB6_E7DB_O,subset_177_of_S1A_IW_GRDH_1SDV_20171116T001710_20171116T001735_019283_020AB6_E7DB_Orb_NR_Cal_Spk_TC_dB,GRD,2017-11-16T00:17:10.650542,2017-11-16T00:17:13.036120,EPSG:4326,2048,2048,-92.15611975982095,26.298999161596345,-91.97214478963328,26.482974131784022,26.390986646690184,-92.06413227472711,45339,1.0809659957885742,-22455301.201028485,825.4178190961424,1111.4731798231103,20.0,,,
00174,D:\SIH_Dataset\Part_I\01_Train_Val_Oil_Spill_images\Oil\00174.tif,D:\SIH_Dataset\Part_I\01_Train_Val_Oil_Spill_mask\Mask_oil\00174.tif,S1A_IW_GRDH_1SDV_20171116T001710_20171116T001735_019283_020AB6_E7DB_O,subset_178_of_S1A_IW_GRDH_1SDV_20171116T001710_20171116T001735_019283_020AB6_E7DB_Orb_NR_Cal_Spk_TC_dB,GRD,2017-11-16T00:17:15.040612,2017-11-16T00:17:17.426190,EPSG:4326,2048,2048,-92.80111013381877,25.960603794068522,-92.61713516363109,26.1445787642562,26.05259127916236,-92.70912264872493,95764,2.283191680908203,-30242778.542557374,953.8680088551022,1165.9531139050166,20.0,,,
00175,D:\SIH_Dataset\Part_I\01_Train_Val_Oil_Spill_images\Oil\00175.tif,D:\SIH_Dataset\Part_I\01_Train_Val_Oil_Spill_mask\Mask_oil\00175.tif,S1A_IW_GRDH_1SDV_20171116T001710_20171116T001735_019283_020AB6_E7DB_O,subset_179_of_S1A_IW_GRDH_1SDV_20171116T001710_20171116T001735_019283_020AB6_E7DB_Orb_NR_Cal_Spk_TC_dB,GRD,2017-11-16T00:17:12.291428,2017-11-16T00:17:14.677006,EPSG:4326,2048,2048,-92.83722240824038,26.172516369592316,-92.6532474380527,26.356491339779993,26.264503854686154,-92.74523492314654,318892,7.602977752685547,-181130916.8311645,869.8842303977522,1188.0429298947606,20.0,,,
00177,D:\SIH_Dataset\Part_I\01_Train_Val_Oil_Spill_images\Oil\00177.tif,D:\SIH_Dataset\Part_I\01_Train_Val_Oil_Spill_mask\Mask_oil\00177.tif,S1A_IW_GRDH_1SDV_20150828T165530_20150828T165555_007466_00A4B1_23DB_O,subset_185_of_S1A_IW_GRDH_1SDV_20150828T165530_20150828T165555_007466_00A4B1_23DB_Orb_NR_Cal_Spk_TC_dB,GRD,2015-08-28T16:55:38.134931,2015-08-28T16:55:40.547613,EPSG:4326,2048,2048,14.54747154912827,36.15428409034109,14.731446519315949,36.33825906052877,36.24627157543493,14.63945903422211,106700,2.543926239013672,-141992237.90673727,1381.7086129334582,1197.3414807872539,20.0,,,
00180,D:\SIH_Dataset\Part_I\01_Train_Val_Oil_Spill_images\Oil\00180.tif,D:\SIH_Dataset\Part_I\01_Train_Val_Oil_Spill_mask\Mask_oil\00180.tif,S1A_IW_GRDH_1SDV_20170925T045157_20170925T045222_018527_01F38E_8063_O,subset_198_of_S1A_IW_GRDH_1SDV_20170925T045157_20170925T045222_018527_01F38E_8063_Orb_NR_Cal_Spk_TC_dB,GRD,2017-09-25T04:52:14.854714,2017-09-25T04:52:17.142281,EPSG:4326,2048,2048,10.973983299319201,-6.458852984931375,11.15795826950688,-6.274878014743697,-6.366865499837536,11.06597078441304,192883,4.598689079284668,-927875.9301926406,930.0235972065967,1098.6951856825121,20.0,,,
00181,D:\SIH_Dataset\Part_I\01_Train_Val_Oil_Spill_images\Oil\00181.tif,D:\SIH_Dataset\Part_I\01_Train_Val_Oil_Spill_mask\Mask_oil\00181.tif,S1A_IW_GRDH_1SDV_20170925T045157_20170925T045222_018527_01F38E_8063_O,subset_199_of_S1A_IW_GRDH_1SDV_20170925T045157_20170925T045222_018527_01F38E_8063_Orb_NR_Cal_Spk_TC_dB,GRD,2017-09-25T04:52:16.048228,2017-09-25T04:52:18.335794,EPSG:4326,2048,2048,11.006951470246387,-6.554793057275339,11.190926440434065,-6.370818087087661,-6.4628055721815,11.098938955340227,114461,2.7289628982543945,-42229082.72187914,966.6772830920576,1068.643393819729,20.0,,,
00186,D:\SIH_Dataset\Part_I\01_Train_Val_Oil_Spill_images\Oil\00186.tif,D:\SIH_Dataset\Part_I\01_Train_Val_Oil_Spill_mask\Mask_oil\00186.tif,S1A_IW_GRDH_1SDV_20170925T045157_20170925T045222_018527_01F38E_8063_O,subset_204_of_S1A_IW_GRDH_1SDV_20170925T045157_20170925T045222_018527_01F38E_8063_Orb_NR_Cal_Spk_TC_dB,GRD,2017-09-25T04:52:07.574061,2017-09-25T04:52:09.861628,EPSG:4326,2048,2048,11.872298583438722,-5.873600577327506,12.0562735536264,-5.689625607139829,-5.781613092233668,11.964286068532562,57807,1.3782262802124023,-89750535.19844837,941.3180324182192,905.1132302316329,20.0,,,
00188,D:\SIH_Dataset\Part_I\01_Train_Val_Oil_Spill_images\Oil\00188.tif,D:\SIH_Dataset\Part_I\01_Train_Val_Oil_Spill_mask\Mask_oil\00188.tif,S1A_IW_GRDH_1SDV_20170817T023857_20170817T023922_017957_01E207_7BFA_O,subset_218_of_S1A_IW_GRDH_1SDV_20170817T023857_20170817T023922_017957_01E207_7BFA_Orb_NR_Cal_Spk_TC_dB,GRD,2017-08-17T02:39:18.143722,2017-08-17T02:39:20.538068,EPSG:4326,2048,2048,50.2496607457989,27.879647695383746,50.433635715986576,28.063622665571422,27.971635180477584,50.34164823089274,407899,9.725069999694824,-52554792.03130875,1074.6825182214225,1134.9750710347414,20.0,,,
00190,D:\SIH_Dataset\Part_I\01_Train_Val_Oil_Spill_images\Oil\00190.tif,D:\SIH_Dataset\Part_I\01_Train_Val_Oil_Spill_mask\Mask_oil\00190.tif,S1A_IW_GRDH_1SDV_20170817T023857_20170817T023922_017957_01E207_7BFA_O,subset_220_of_S1A_IW_GRDH_1SDV_20170817T023857_20170817T023922_017957_01E207_7BFA_Orb_NR_Cal_Spk_TC_dB,GRD,2017-08-17T02:39:17.721465,2017-08-17T02:39:20.115812,EPSG:4326,2048,2048,50.26672873619717,27.91207687714046,50.45070370638485,28.096051847328138,28.0040643622343,50.35871622129101,400627,9.551692008972168,-329710299.1481621,1260.0558362267145,921.5763677934838,20.0,,,
00193,D:\SIH_Dataset\Part_I\01_Train_Val_Oil_Spill_images\Oil\00193.tif,D:\SIH_Dataset\Part_I\01_Train_Val_Oil_Spill_mask\Mask_oil\00193.tif,S1A_IW_GRDH_1SDV_20170817T023857_20170817T023922_017957_01E207_7BFA_O,subset_223_of_S1A_IW_GRDH_1SDV_20170817T023857_20170817T023922_017957_01E207_7BFA_Orb_NR_Cal_Spk_TC_dB,GRD,2017-08-17T02:39:05.195303,2017-08-17T02:39:07.589649,EPSG:4326,2048,2048,50.61590388713443,28.874082714904056,50.799878857322106,29.058057685091732,28.966070199997894,50.70789137222827,148008,3.5287857055664062,-60977698.10081702,1375.4441584238689,1274.0951097237987,20.0,,,
00197,D:\SIH_Dataset\Part_I\01_Train_Val_Oil_Spill_images\Oil\00197.tif,D:\SIH_Dataset\Part_I\01_Train_Val_Oil_Spill_mask\Mask_oil\00197.tif,S1A_IW_GRDH_1SDV_20170817T023857_20170817T023922_017957_01E207_7BFA_O,subset_227_of_S1A_IW_GRDH_1SDV_20170817T023857_20170817T023922_017957_01E207_7BFA_Orb_NR_Cal_Spk_TC_dB,GRD,2017-08-17T02:39:07.856338,2017-08-17T02:39:10.250684,EPSG:4326,2048,2048,49.73321928895859,28.669715987766864,49.917194259146264,28.85369095795454,28.761703472860702,49.825206774052425,56388,1.3443946838378906,-26402389.026900608,1116.145172731787,1243.4837554089522,20.0,,,
00199,D:\SIH_Dataset\Part_I\01_Train_Val_Oil_Spill_images\Oil\00199.tif,D:\SIH_Dataset\Part_I\01_Train_Val_Oil_Spill_mask\Mask_oil\00199.tif,S1A_IW_GRDH_1SDV_20170817T023857_20170817T023922_017957_01E207_7BFA_O,subset_229_of_S1A_IW_GRDH_1SDV_20170817T023857_20170817T023922_017957_01E207_7BFA_Orb_NR_Cal_Spk_TC_dB,GRD,2017-08-17T02:39:11.580616,2017-08-17T02:39:13.974963,EPSG:4326,2048,2048,49.5852667616641,28.38369240130321,49.76924173185178,28.567667371490888,28.47567988639705,49.67725424675794,56792,1.3540267944335938,-11850957.520833265,817.4995597971546,1068.0955240174671,20.0,,,
00206,D:\SIH_Dataset\Part_I\01_Train_Val_Oil_Spill_images\Oil\00206.tif,D:\SIH_Dataset\Part_I\01_Train_Val_Oil_Spill_mask\Mask_oil\00206.tif,S1B_IW_GRDH_1SDV_20180221T035933_20180221T035958_009716_011896_E830_O,subset_252_of_S1B_IW_GRDH_1SDV_20180221T035933_20180221T035958_009716_011896_E830_Orb_NR_Cal_Spk_TC_dB,GRD,2018-02-21T03:59:37.804231,2018-02-21T03:59:40.208237,EPSG:4326,2048,2048,31.064790495309506,32.604910897259636,31.248765465497183,32.78888586744731,32.696898382353474,31.156777980403344,78203,1.8645048141479492,-66046049.49957264,1060.86772246589,877.2263659961894,20.0,,,
00207,D:\SIH_Dataset\Part_I\01_Train_Val_Oil_Spill_images\Oil\00207.tif,D:\SIH_Dataset\Part_I\01_Train_Val_Oil_Spill_mask\Mask_oil\00207.tif,S1B_IW_GRDH_1SDV_20180221T035933_20180221T035958_009716_011896_E830_O,subset_253_of_S1B_IW_GRDH_1SDV_20180221T035933_20180221T035958_009716_011896_E830_Orb_NR_Cal_Spk_TC_dB,GRD,2018-02-21T03:59:39.071414,2018-02-21T03:59:41.475419,EPSG:4326,2048,2048,31.10135192737317,32.50798267810314,31.285326897560847,32.69195764829082,32.59997016319698,31.193339412467008,85228,2.031993865966797,-25171021.067653436,970.4395386492702,927.1222837565119,20.0,,,
00218,D:\SIH_Dataset\Part_I\01_Train_Val_Oil_Spill_images\Oil\00218.tif,D:\SIH_Dataset\Part_I\01_Train_Val_Oil_Spill_mask\Mask_oil\00218.tif,S1A_IW_GRDH_1SDV_20170820T045156_20170820T045221_018002_01E370_4EE3_O,subset_267_of_S1A_IW_GRDH_1SDV_20170820T045156_20170820T045221_018002_01E370_4EE3_Orb_NR_Cal_Spk_TC_dB,GRD,2017-08-20T04:52:11.832481,2017-08-20T04:52:14.120144,EPSG:4326,2048,2048,10.897015638328476,-6.3168980019419,11.080990608516155,-6.132923031754222,-6.224910516848061,10.989003123422314,96967,2.311873435974121,-496630380.2840102,1566.6626532737941,1202.6413058050678,20.0,,,
00219,D:\SIH_Dataset\Part_I\01_Train_Val_Oil_Spill_images\Oil\00219.tif,D:\SIH_Dataset\Part_I\01_Train_Val_Oil_Spill_mask\Mask_oil\00219.tif,S1A_IW_GRDH_1SDV_20170820T045156_20170820T045221_018002_01E370_4EE3_O,subset_268_of_S1A_IW_GRDH_1SDV_20170820T045156_20170820T045221_018002_01E370_4EE3_Orb_NR_Cal_Spk_TC_dB,GRD,2017-08-20T04:52:12.162164,2017-08-20T04:52:14.449827,EPSG:4326,2048,2048,10.889559621470283,-6.343398302823426,11.073534591657962,-6.159423332635749,-6.251410817729587,10.981547106564122,89912,2.1436691284179688,-322814021.3880507,1318.457169232138,1282.2203265415073,20.0,,,
00220,D:\SIH_Dataset\Part_I\01_Train_Val_Oil_Spill_images\Oil\00220.tif,D:\SIH_Dataset\Part_I\01_Train_Val_Oil_Spill_mask\Mask_oil\00220.tif,S1A_IW_GRDH_1SDV_20170820T045156_20170820T045221_018002_01E370_4EE3_O,subset_269_of_S1A_IW_GRDH_1SDV_20170820T045156_20170820T045221_018002_01E370_4EE3_Orb_NR_Cal_Spk_TC_dB,GRD,2017-08-20T04:52:10.048841,2017-08-20T04:52:12.336504,EPSG:4326,2048,2048,11.096711125988245,-6.173526882596424,11.280686096175923,-5.989551912408746,-6.081539397502585,11.188698611082085,114101,2.7203798294067383,-169479450.25852832,749.8948782219262,495.58917537970746,20.0,,,
00223,D:\SIH_Dataset\Part_I\01_Train_Val_Oil_Spill_images\Oil\00223.tif,D:\SIH_Dataset\Part_I\01_Train_Val_Oil_Spill_mask\Mask_oil\00223.tif,S1A_IW_GRDH_1SDV_20150804T165529_20150804T165554_007116_009B29_5A79_O,subset_272_of_S1A_IW_GRDH_1SDV_20150804T165529_20150804T165554_007116_009B29_5A79_Orb_NR_Cal_Spk_TC_dB,GRD,2015-08-04T16:55:41.752177,2015-08-04T16:55:44.164711,EPSG:4326,2048,2048,14.477007721928608,35.787981632869986,14.660982692116287,35.97195660305766,35.879969117963824,14.568995207022446,351989,8.392071723937988,-309517868.0911885,1184.6196827173576,1195.8140353817876,20.0,,,
00224,D:\SIH_Dataset\Part_I\01_Train_Val_Oil_Spill_images\Oil\00224.tif,D:\SIH_Dataset\Part_I\01_Train_Val_Oil_Spill_mask\Mask_oil\00224.tif,S1A_IW_GRDH_1SDV_20171112T045158_20171112T045223_019227_0208F6_3E5C_O,subset_273_of_S1A_IW_GRDH_1SDV_20171112T045158_20171112T045223_019227_0208F6_3E5C_Orb_NR_Cal_Spk_TC_dB,GRD,2017-11-12T04:52:13.332754,2017-11-12T04:52:15.620416,EPSG:4326,2048,2048,10.97092059682925,-6.323177999291393,11.15489556701693,-6.139203029103715,-6.231190514197554,11.06290808192309,168358,4.013967514038086,-40668075.479687765,1166.2756269378349,1099.434781833949,20.0,,,
00232,D:\SIH_Dataset\Part_I\01_Train_Val_Oil_Spill_images\Oil\00232.tif,D:\SIH_Dataset\Part_I\01_Train_Val_Oil_Spill_mask\Mask_oil\00232.tif,S1A_IW_GRDH_1SDV_20170807T000823_20170807T000848_017810_01DD99_6B25_O,subset_281_of_S1A_IW_GRDH_1SDV_20170807T000823_20170807T000848_017810_01DD99_6B25_Orb_NR_Cal_Spk_TC_dB,GRD,2017-08-07T00:08:44.550000,2017-08-07T00:08:46.930346,EPSG:4326,2048,2048,-91.28986900013197,22.805221621974173,-91.1058940299443,22.98919659216185,22.89720910706801,-91.19788151503813,49839,1.1882543563842773,-81482771.63281487,1156.305634141937,525.0024779790926,20.0,,,
00235,D:\SIH_Dataset\Part_I\01_Train_Val_Oil_Spill_images\Oil\00235.tif,D:\SIH_Dataset\Part_I\01_Train_Val_Oil_Spill_mask\Mask_oil\00235.tif,S1A_IW_GRDH_1SDV_20170807T000823_20170807T000848_017810_01DD99_6B25_O,subset_284_of_S1A_IW_GRDH_1SDV_20170807T000823_20170807T000848_017810_01DD99_6B25_Orb_NR_Cal_Spk_TC_dB,GRD,2017-08-07T00:08:45.412832,2017-08-07T00:08:47.793178,EPSG:4326,2048,2048,-91.6614122016438,22.738566627892506,-91.47743723145612,22.922541598080183,22.830554112986345,-91.56942471654996,248445,5.9233903884887695,-16430003.898952875,1108.7943709875426,951.8687657227958,20.0,,,
00237,D:\SIH_Dataset\Part_I\01_Train_Val_Oil_Spill_images\Oil\00237.tif,D:\SIH_Dataset\Part_I\01_Train_Val_Oil_Spill_mask\Mask_oil\00237.tif,S1A_IW_GRDH_1SDV_20160213T155657_20160213T155722_009930_00E92A_549A_O,subset_286_of_S1A_IW_GRDH_1SDV_20160213T155657_20160213T155722_009930_00E92A_549A_Orb_NR_Cal_Spk_TC_dB,GRD,2016-02-13T15:57:18.446435,2016-02-13T15:57:20.849277,EPSG:4326,2048,2048,30.36747129288886,31.847390169092066,30.55144626307654,32.03136513927974,31.939377654185904,30.4594587779827,171045,4.078030586242676,-82471145.69716509,1046.5960507468794,1133.7413516910754,20.0,,,
00241,D:\SIH_Dataset\Part_I\01_Train_Val_Oil_Spill_images\Oil\00241.tif,D:\SIH_Dataset\Part_I\01_Train_Val_Oil_Spill_mask\Mask_oil\00241.tif,S1A_IW_GRDH_1SDV_20170528T045151_20170528T045216_016777_01BE0F_BF52_O,subset_290_of_S1A_IW_GRDH_1SDV_20170528T045151_20170528T045216_016777_01BE0F_BF52_Orb_NR_Cal_Spk_TC_dB,GRD,2017-05-28T04:52:05.935845,2017-05-28T04:52:08.223390,EPSG:4326,2048,2048,10.866876422441765,-6.235281569549372,11.050851392629443,-6.051306599361694,-6.143294084455533,10.958863907535605,57832,1.3788223266601562,-82285526.81896088,1390.5285309171393,941.1947883524692,20.0,,,
00244,D:\SIH_Dataset\Part_I\01_Train_Val_Oil_Spill_images\Oil\00244.tif,D:\SIH_Dataset\Part_I\01_Train_Val_Oil_Spill_mask\Mask_oil\00244.tif,S1B_IW_GRDH_1SDV_20171024T035846_20171024T035911_007966_00E12D_BB95_O,subset_293_of_S1B_IW_GRDH_1SDV_20171024T035846_20171024T035911_007966_00E12D_BB95_Orb_NR_Cal_Spk_TC_dB,GRD,2017-10-24T03:58:50.765765,2017-10-24T03:58:53.176458,EPSG:4326,2048,2048,31.58415342945617,35.64484550778787,31.768128399643846,35.82882047797555,35.73683299288171,31.676140914550007,176575,4.20987606048584,-1056262552.9890718,907.570264760017,1119.1856180093446,20.0,,,
00245,D:\SIH_Dataset\Part_I\01_Train_Val_Oil_Spill_images\Oil\00245.tif,D:\SIH_Dataset\Part_I\01_Train_Val_Oil_Spill_mask\Mask_oil\00245.tif,S1B_IW_GRDH_1SDV_20171024T035846_20171024T035911_007966_00E12D_BB95_O,subset_294_of_S1B_IW_GRDH_1SDV_20171024T035846_20171024T035911_007966_00E12D_BB95_Orb_NR_Cal_Spk_TC_dB,GRD,2017-10-24T03:58:50.718658,2017-10-24T03:58:53.129351,EPSG:4326,2048,2048,31.465575811952395,35.64843876892434,31.64955078214007,35.83241373911202,35.74042625401818,31.557563297046233,78412,1.8694877624511719,-839818656.8143573,883.535441003928,1246.0541371218692,20.0,,,
00246,D:\SIH_Dataset\Part_I\01_Train_Val_Oil_Spill_images\Oil\00246.tif,D:\SIH_Dataset\Part_I\01_Train_Val_Oil_Spill_mask\Mask_oil\00246.tif,S1B_IW_GRDH_1SDV_20171024T035846_20171024T035911_007966_00E12D_BB95_O,subset_295_of_S1B_IW_GRDH_1SDV_20171024T035846_20171024T035911_007966_00E12D_BB95_Orb_NR_Cal_Spk_TC_dB,GRD,2017-10-24T03:58:50.817582,2017-10-24T03:58:53.228276,EPSG:4326,2048,2048,31.348435498903207,35.640892920537745,31.532410469090884,35.82486789072542,35.73288040563158,31.440422983997045,69556,1.6583442687988281,-618775550.0780783,896.4417879118984,789.9833659209845,20.0,,,
00247,D:\SIH_Dataset\Part_I\01_Train_Val_Oil_Spill_images\Oil\00247.tif,D:\SIH_Dataset\Part_I\01_Train_Val_Oil_Spill_mask\Mask_oil\00247.tif,S1B_IW_GRDH_1SDV_20171024T035846_20171024T035911_007966_00E12D_BB95_O,subset_296_of_S1B_IW_GRDH_1SDV_20171024T035846_20171024T035911_007966_00E12D_BB95_Orb_NR_Cal_Spk_TC_dB,GRD,2017-10-24T03:58:50.822293,2017-10-24T03:58:53.232986,EPSG:4326,2048,2048,31.278905895912356,35.64053359442409,31.462880866100033,35.82450856461177,35.73252107951793,31.370893381006194,54843,1.3075590133666992,-575631221.8835355,915.8463523147894,1262.8475010484474,20.0,,,
00250,D:\SIH_Dataset\Part_I\01_Train_Val_Oil_Spill_images\Oil\00250.tif,D:\SIH_Dataset\Part_I\01_Train_Val_Oil_Spill_mask\Mask_oil\00250.tif,S1A_IW_GRDH_1SDV_20180227T000822_20180227T000847_020785_023A21_C502_O,subset_299_of_S1A_IW_GRDH_1SDV_20180227T000822_20180227T000847_020785_023A21_C502_Orb_NR_Cal_Spk_TC_dB,GRD,2018-02-27T00:08:39.559329,2018-02-27T00:08:41.939451,EPSG:4326,2048,2048,-90.4359919041836,23.11985224747908,-90.25201693399592,23.303827217666758,23.21183973257292,-90.34400441908976,67606,1.6118526458740234,-84396830.76378354,665.0207821790965,739.5406768630003,20.0,,,
00251,D:\SIH_Dataset\Part_I\01_Train_Val_Oil_Spill_images\Oil\00251.tif,D:\SIH_Dataset\Part_I\01_Train_Val_Oil_Spill_mask\Mask_oil\00251.tif,S1A_IW_GRDH_1SDV_20180227T000822_20180227T000847_020785_023A21_C502_O,subset_300_of_S1A_IW_GRDH_1SDV_20180227T000822_20180227T000847_020785_023A21_C502_Orb_NR_Cal_Spk_TC_dB,GRD,2018-02-27T00:08:39.345386,2018-02-27T00:08:41.725507,EPSG:4326,2048,2048,-90.53193197652756,23.136381248706883,-90.34795700633988,23.32035621889456,23.22836873380072,-90.43994449143372,111706,2.663278579711914,-15588824.057499383,1239.4532880955364,956.8034393855298,20.0,,,
00252,D:\SIH_Dataset\Part_I\01_Train_Val_Oil_Spill_images\Oil\00252.tif,D:\SIH_Dataset\Part_I\01_Train_Val_Oil_Spill_mask\Mask_oil\00252.tif,S1A_IW_GRDH_1SDV_20170606T002525_20170606T002550_016906_01C211_3953_O,subset_301_of_S1A_IW_GRDH_1SDV_20170606T002525_20170606T002550_016906_01C211_3953_Orb_NR_Cal_Spk_TC_dB,GRD,2017-06-06T00:25:35.869738,2017-06-06T00:25:38.256346,EPSG:4326,2048,2048,-94.93936513620545,25.99312852091521,-94.75539016601778,26.177103491102887,26.08511600600905,-94.84737765111161,155142,3.698873519897461,-2280445.093765125,1022.4122932539223,976.0689948563252,20.0,,,
00254,D:\SIH_Dataset\Part_I\01_Train_Val_Oil_Spill_images\Oil\00254.tif,D:\SIH_Dataset\Part_I\01_Train_Val_Oil_Spill_mask\Mask_oil\00254.tif,S1A_IW_GRDH_1SDV_20161029T154922_20161029T154947_013707_015FCD_9EE7_O,subset_303_of_S1A_IW_GRDH_1SDV_20161029T154922_20161029T154947_013707_015FCD_9EE7_Orb_NR_Cal_Spk_TC_dB,GRD,2016-10-29T15:49:31.101645,2016-10-29T15:49:33.509073,EPSG:4326,2048,2048,33.77534421180362,34.50170112515862,33.9593191819913,34.685676095346295,34.59368861025246,33.86733169689746,138266,3.296518325805664,-285115689.9692329,1183.9432977015317,933.9177888996572,20.0,,,
00255,D:\SIH_Dataset\Part_I\01_Train_Val_Oil_Spill_images\Oil\00255.tif,D:\SIH_Dataset\Part_I\01_Train_Val_Oil_Spill_mask\Mask_oil\00255.tif,S1A_IW_GRDH_1SDV_20171203T002530_20171203T002555_019531_021270_B4AB_O,subset_304_of_S1A_IW_GRDH_1SDV_20171203T002530_20171203T002555_019531_021270_B4AB_Orb_NR_Cal_Spk_TC_dB,GRD,2017-12-03T00:25:39.786392,2017-12-03T00:25:42.173026,EPSG:4326,2048,2048,-94.99994189206126,26.076536049218,-94.81596692187358,26.260511019405676,26.168523534311838,-94.90795440696742,180065,4.293084144592285,-152286785.06750852,923.9674200982978,993.1160719740094,20.0,,,
00256,D:\SIH_Dataset\Part_I\01_Train_Val_Oil_Spill_images\Oil\00256.tif,D:\SIH_Dataset\Part_I\01_Train_Val_Oil_Spill_mask\Mask_oil\00256.tif,S1A_IW_GRDH_1SDV_20171203T002530_20171203T002555_019531_021270_B4AB_O,subset_305_of_S1A_IW_GRDH_1SDV_20171203T002530_20171203T002555_019531_021270_B4AB_Orb_NR_Cal_Spk_TC_dB,GRD,2017-12-03T00:25:38.178591,2017-12-03T00:25:40.565225,EPSG:4326,2048,2048,-95.08276656125709,26.20041372689808,-94.89879159106941,26.384388697085758,26.29240121199192,-94.99077907616325,343727,8.195090293884277,-26731129.310121343,982.3818219109933,1041.3389972274508,20.0,,,
00265,D:\SIH_Dataset\Part_I\01_Train_Val_Oil_Spill_images\Oil\00265.tif,D:\SIH_Dataset\Part_I\01_Train_Val_Oil_Spill_mask\Mask_oil\00265.tif,S1A_IW_GRDH_1SDV_20160425T155659_20160425T155724_010980_0107D9_0E4C_O,subset_320_of_S1A_IW_GRDH_1SDV_20160425T155659_20160425T155724_010980_0107D9_0E4C_Orb_NR_Cal_Spk_TC_dB,GRD,2016-04-25T15:57:10.381656,2016-04-25T15:57:12.784695,EPSG:4326,2048,2048,30.692276129403037,32.598719911444526,30.876251099590714,32.7826948816322,32.690707396538365,30.784263614496876,72910,1.7383098602294922,-157647426.0309997,966.866588945275,975.6537649156494,20.0,,,
00266,D:\SIH_Dataset\Part_I\01_Train_Val_Oil_Spill_images\Oil\00266.tif,D:\SIH_Dataset\Part_I\01_Train_Val_Oil_Spill_mask\Mask_oil\00266.tif,S1A_IW_GRDH_1SDV_20160425T155659_20160425T155724_010980_0107D9_0E4C_O,subset_321_of_S1A_IW_GRDH_1SDV_20160425T155659_20160425T155724_010980_0107D9_0E4C_Orb_NR_Cal_Spk_TC_dB,GRD,2016-04-25T15:57:15.444825,2016-04-25T15:57:17.847864,EPSG:4326,2048,2048,30.96940639455391,32.211276529403776,31.153381364741588,32.39525149959145,32.303264014497614,31.06139387964775,76261,1.8182039260864258,-174646053.44146246,1253.7885354243979,941.5964975544512,20.0,,,
00270,D:\SIH_Dataset\Part_I\01_Train_Val_Oil_Spill_images\Oil\00270.tif,D:\SIH_Dataset\Part_I\01_Train_Val_Oil_Spill_mask\Mask_oil\00270.tif,S1A_IW_GRDH_1SDV_20170528T045216_20170528T045241_016777_01BE0F_5BB0_O,subset_325_of_S1A_IW_GRDH_1SDV_20170528T045216_20170528T045241_016777_01BE0F_5BB0_Orb_NR_Cal_Spk_TC_dB,GRD,2017-05-28T04:52:30.045505,2017-05-28T04:52:32.328083,EPSG:4326,2048,2048,11.566412440558556,-7.671943728241918,11.750387410746235,-7.48796875805424,-7.579956243148079,11.658399925652397,54145,1.2909173965454102,-57670449.192140885,1130.0945886046727,1033.6109243697479,20.0,,,
00275,D:\SIH_Dataset\Part_I\01_Train_Val_Oil_Spill_images\Oil\00275.tif,D:\SIH_Dataset\Part_I\01_Train_Val_Oil_Spill_mask\Mask_oil\00275.tif,S1A_IW_GRDH_1SDV_20171001T000113_20171001T000138_018612_01F616_AD54_O,subset_330_of_S1A_IW_GRDH_1SDV_20171001T000113_20171001T000138_018612_01F616_AD54_Orb_NR_Cal_Spk_TC_dB,GRD,2017-10-01T00:01:25.695534,2017-10-01T00:01:28.085344,EPSG:4326,2048,2048,-90.64189278387855,27.284592336783817,-90.45791781369087,27.468567306971494,27.376579821877655,-90.54990529878471,62557,1.4914751052856445,-150150412.7641865,1358.6053439263392,574.455576514219,20.0,,,
00282,D:\SIH_Dataset\Part_I\01_Train_Val_Oil_Spill_images\Oil\00282.tif,D:\SIH_Dataset\Part_I\01_Train_Val_Oil_Spill_mask\Mask_oil\00282.tif,S1A_IW_GRDH_1SDV_20171001T000113_20171001T000138_018612_01F616_AD54_O,subset_337_of_S1A_IW_GRDH_1SDV_20171001T000113_20171001T000138_018612_01F616_AD54_Orb_NR_Cal_Spk_TC_dB,GRD,2017-10-01T00:01:16.318417,2017-10-01T00:01:18.708228,EPSG:4326,2048,2048,-89.51666305899043,28.006119172988615,-89.33268808880275,28.190094143176292,28.098106658082454,-89.4246755738966,91020,2.170085906982422,-91401519.80825213,952.7799604482532,824.7061854537465,20.0,,,
00288,D:\SIH_Dataset\Part_I\01_Train_Val_Oil_Spill_images\Oil\00288.tif,D:\SIH_Dataset\Part_I\01_Train_Val_Oil_Spill_mask\Mask_oil\00288.tif,S1A_IW_GRDH_1SDV_20171212T000113_20171212T000138_019662_021690_6A30_O,subset_343_of_S1A_IW_GRDH_1SDV_20171212T000113_20171212T000138_019662_021690_6A30_Orb_NR_Cal_Spk_TC_dB,GRD,2017-12-12T00:01:22.888538,2017-12-12T00:01:25.278367,EPSG:4326,2048,2048,-90.50966918494831,27.431554996357598,-90.32569421476063,27.615529966545274,27.523542481451436,-90.41768169985447,61613,1.468968391418457,-222836139.70466405,1110.0557593365036,1018.0290604255596,20.0,,,
00289,D:\SIH_Dataset\Part_I\01_Train_Val_Oil_Spill_images\Oil\00289.tif,D:\SIH_Dataset\Part_I\01_Train_Val_Oil_Spill_mask\Mask_oil\00289.tif,S1A_IW_GRDH_1SDV_20171212T000113_20171212T000138_019662_021690_6A30_O,subset_344_of_S1A_IW_GRDH_1SDV_20171212T000113_20171212T000138_019662_021690_6A30_Orb_NR_Cal_Spk_TC_dB,GRD,2017-12-12T00:01:25.086900,2017-12-12T00:01:27.476729,EPSG:4326,2048,2048,-90.48936725952721,27.26240222835789,-90.30539228933954,27.446377198545566,27.354389713451727,-90.39737977443338,57518,1.3713359832763672,-35764748.78705312,979.2448624778331,1000.3801244827706,20.0,,,
00290,D:\SIH_Dataset\Part_I\01_Train_Val_Oil_Spill_images\Oil\00290.tif,D:\SIH_Dataset\Part_I\01_Train_Val_Oil_Spill_mask\Mask_oil\00290.tif,S1A_IW_GRDH_1SDV_20171212T000113_20171212T000138_019662_021690_6A30_O,subset_345_of_S1A_IW_GRDH_1SDV_20171212T000113_20171212T000138_019662_021690_6A30_Orb_NR_Cal_Spk_TC_dB,GRD,2017-12-12T00:01:25.152279,2017-12-12T00:01:27.542108,EPSG:4326,2048,2048,-90.57335973859239,27.257371662766822,-90.38938476840471,27.4413466329545,27.34935914786066,-90.48137225349855,115736,2.7593612670898438,-38325834.09290319,952.2918797953964,874.456651344439,20.0,,,
00304,D:\SIH_Dataset\Part_I\01_Train_Val_Oil_Spill_images\Oil\00304.tif,D:\SIH_Dataset\Part_I\01_Train_Val_Oil_Spill_mask\Mask_oil\00304.tif,S1A_IW_GRDH_1SDV_20160602T154042_20160602T154107_011534_0119A0_AC28_O,subset_389_of_S1A_IW_GRDH_1SDV_20160602T154042_20160602T154107_011534_0119A0_AC28_Orb_NR_Cal_Spk_TC_dB,GRD,2016-06-02T15:40:55.584398,2016-06-02T15:40:57.989154,EPSG:4326,2048,2048,33.80658037125932,32.95438633807725,33.990555341447,33.138361308264926,33.04637382317109,33.89856785635316,51632,1.2310028076171875,-43824089.729057185,596.9393980477223,1171.7139370932755,20.0,,,
00306,D:\SIH_Dataset\Part_I\01_Train_Val_Oil_Spill_images\Oil\00306.tif,D:\SIH_Dataset\Part_I\01_Train_Val_Oil_Spill_mask\Mask_oil\00306.tif,S1A_IW_GRDH_1SDV_20160602T154042_20160602T154107_011534_0119A0_AC28_O,subset_391_of_S1A_IW_GRDH_1SDV_20160602T154042_20160602T154107_011534_0119A0_AC28_Orb_NR_Cal_Spk_TC_dB,GRD,2016-06-02T15:40:55.559728,2016-06-02T15:40:57.964484,EPSG:4326,2048,2048,33.85706569022684,32.9562728001739,34.04104066041452,33.140247770361576,33.04826028526774,33.94905317532068,58967,1.4058828353881836,-63758799.94917155,801.843785507148,1040.400808927027,20.0,,,
00318,D:\SIH_Dataset\Part_I\01_Train_Val_Oil_Spill_images\Oil\00318.tif,D:\SIH_Dataset\Part_I\01_Train_Val_Oil_Spill_mask\Mask_oil\00318.tif,S1A_IW_GRDH_1SDV_20191026T095206_20191026T095231_029628_035FBA_B120_O,subset_403_of_S1A_IW_GRDH_1SDV_20191026T095206_20191026T095231_029628_035FBA_B120_Orb_NR_Cal_Spk_TC_dB,GRD,2019-10-26T09:52:19.539672,2019-10-26T09:52:21.890047,EPSG:4326,2048,2048,-61.84458469556074,10.27122960805754,-61.660609725373064,10.455204578245219,10.36321709315138,-61.7525972104669,94624,2.256011962890625,-10958515.806722905,1215.492253550896,1818.0961595366925,20.0,,,
00320,D:\SIH_Dataset\Part_I\01_Train_Val_Oil_Spill_images\Oil\00320.tif,D:\SIH_Dataset\Part_I\01_Train_Val_Oil_Spill_mask\Mask_oil\00320.tif,S1A_IW_GRDH_1SDV_20161119T152715_20161119T152740_014013_016957_F849_O,subset_405_of_S1A_IW_GRDH_1SDV_20161119T152715_20161119T152740_014013_016957_F849_Orb_NR_Cal_Spk_TC_dB,GRD,2016-11-19T15:27:27.103477,2016-11-19T15:27:29.525525,EPSG:4326,2048,2048,35.65209670097414,43.60158022251345,35.83607167116182,43.785555192701125,43.693567707607286,35.74408418606798,80675,1.9234418869018555,-239421843.12760103,1128.6823117446545,1039.0179175704989,20.0,,,
00322,D:\SIH_Dataset\Part_I\01_Train_Val_Oil_Spill_images\Oil\00322.tif,D:\SIH_Dataset\Part_I\01_Train_Val_Oil_Spill_mask\Mask_oil\00322.tif,S1A_IW_GRDH_1SDV_20161119T152715_20161119T152740_014013_016957_F849_O,subset_407_of_S1A_IW_GRDH_1SDV_20161119T152715_20161119T152740_014013_016957_F849_Orb_NR_Cal_Spk_TC_dB,GRD,2016-11-19T15:27:28.468911,2016-11-19T15:27:30.890960,EPSG:4326,2048,2048,37.795746463468554,43.49791463872606,37.97972143365623,43.681889608913735,43.5899021238199,37.88773394856239,64413,1.5357255935668945,-85024684.03894266,674.6191063915669,1059.566166767578,20.0,,,
00323,D:\SIH_Dataset\Part_I\01_Train_Val_Oil_Spill_images\Oil\00323.tif,D:\SIH_Dataset\Part_I\01_Train_Val_Oil_Spill_mask\Mask_oil\00323.tif,S1A_IW_GRDH_1SDV_20161119T152715_20161119T152740_014013_016957_F849_O,subset_408_of_S1A_IW_GRDH_1SDV_20161119T152715_20161119T152740_014013_016957_F849_Orb_NR_Cal_Spk_TC_dB,GRD,2016-11-19T15:27:29.591786,2016-11-19T15:27:32.013834,EPSG:4326,2048,2048,37.47909032581642,43.412664518263114,37.6630652960041,43.59663948845079,43.50465200335695,37.57107781091026,52050,1.2409687042236328,-189740121.63321713,952.0931604226705,761.6441498559078,20.0,,,
00324,D:\SIH_Dataset\Part_I\01_Train_Val_Oil_Spill_images\Oil\00324.tif,D:\SIH_Dataset\Part_I\01_Train_Val_Oil_Spill_mask\Mask_oil\00324.tif,S1A_IW_GRDH_1SDV_20161119T152715_20161119T152740_014013_016957_F849_O,subset_409_of_S1A_IW_GRDH_1SDV_20161119T152715_20161119T152740_014013_016957_F849_Orb_NR_Cal_Spk_TC_dB,GRD,2016-11-19T15:27:29.740871,2016-11-19T15:27:32.162920,EPSG:4326,2048,2048,37.430311805888735,43.40134574568321,37.61428677607641,43.585320715870886,43.49333323077705,37.52229929098257,68033,1.6220331192016602,-6201580.176092578,928.0578469272265,1051.9290711860422,20.0,,,
00330,D:\SIH_Dataset\Part_I\01_Train_Val_Oil_Spill_images\Oil\00330.tif,D:\SIH_Dataset\Part_I\01_Train_Val_Oil_Spill_mask\Mask_oil\00330.tif,S1A_IW_GRDH_1SDV_20190920T095205_20190920T095230_029103_034DAB_3201_O,subset_415_of_S1A_IW_GRDH_1SDV_20190920T095205_20190920T095230_029103_034DAB_3201_Orb_NR_Cal_Spk_TC_dB,GRD,2019-09-20T09:52:17.186250,2019-09-20T09:52:19.536520,EPSG:4326,2048,2048,-60.93696877780118,10.418886890801375,-60.7529938076135,10.602861860989053,10.510874375895213,-60.84498129270734,141257,3.3678293228149414,-247032337.13365284,534.7384518997288,816.9997699229065,20.0,,,
00334,D:\SIH_Dataset\Part_I\01_Train_Val_Oil_Spill_images\Oil\00334.tif,D:\SIH_Dataset\Part_I\01_Train_Val_Oil_Spill_mask\Mask_oil\00334.tif,S1A_IW_GRDH_1SDV_20190920T095205_20190920T095230_029103_034DAB_3201_O,subset_419_of_S1A_IW_GRDH_1SDV_20190920T095205_20190920T095230_029103_034DAB_3201_Orb_NR_Cal_Spk_TC_dB,GRD,2019-09-20T09:52:17.658141,2019-09-20T09:52:20.008412,EPSG:4326,2048,2048,-60.76107864517058,10.381966132624063,-60.5771036749829,10.565941102811742,10.473953617717903,-60.66909116007674,130710,3.1163692474365234,-231480087.8967075,1008.3240838497437,1045.7525514497743,20.0,,,
00335,D:\SIH_Dataset\Part_I\01_Train_Val_Oil_Spill_images\Oil\00335.tif,D:\SIH_Dataset\Part_I\01_Train_Val_Oil_Spill_mask\Mask_oil\00335.tif,S1A_IW_GRDH_1SDV_20190920T095205_20190920T095230_029103_034DAB_3201_O,subset_420_of_S1A_IW_GRDH_1SDV_20190920T095205_20190920T095230_029103_034DAB_3201_Orb_NR_Cal_Spk_TC_dB,GRD,2019-09-20T09:52:16.103540,2019-09-20T09:52:18.453811,EPSG:4326,2048,2048,-60.75281414455668,10.503598022093845,-60.568839174369,10.687572992281524,10.595585507187685,-60.66082665946284,161960,3.8614273071289062,-441692938.8561778,659.590849592492,1060.416590516177,20.0,,,
00336,D:\SIH_Dataset\Part_I\01_Train_Val_Oil_Spill_images\Oil\00336.tif,D:\SIH_Dataset\Part_I\01_Train_Val_Oil_Spill_mask\Mask_oil\00336.tif,S1A_IW_GRDH_1SDV_20190920T095205_20190920T095230_029103_034DAB_3201_O,subset_421_of_S1A_IW_GRDH_1SDV_20190920T095205_20190920T095230_029103_034DAB_3201_Orb_NR_Cal_Spk_TC_dB,GRD,2019-09-20T09:52:13.385860,2019-09-20T09:52:15.736131,EPSG:4326,2048,2048,-60.77563135277331,10.716229249844936,-60.59165638258563,10.900204220032615,10.808216734938775,-60.68364386767947,58878,1.4037609100341797,-8380992.0539549375,1256.26772308842,1222.129216345664,20.0,,,
00340,D:\SIH_Dataset\Part_I\01_Train_Val_Oil_Spill_images\Oil\00340.tif,D:\SIH_Dataset\Part_I\01_Train_Val_Oil_Spill_mask\Mask_oil\00340.tif,S1A_IW_GRDH_1SDV_20180312T045130_20180312T045155_020977_02402E_BA7C_O,subset_425_of_S1A_IW_GRDH_1SDV_20180312T045130_20180312T045155_020977_02402E_BA7C_Orb_NR_Cal_Spk_TC_dB,GRD,2018-03-12T04:51:45.675452,2018-03-12T04:51:47.968435,EPSG:4326,2048,2048,11.262671187330698,-4.835533981951208,11.446646157518376,-4.65155901176353,-4.74354649685737,11.354658672424538,334307,7.9704999923706055,-69181955.13915443,445.69269713167836,635.8810659064872,20.0,,,
00344,D:\SIH_Dataset\Part_I\01_Train_Val_Oil_Spill_images\Oil\00344.tif,D:\SIH_Dataset\Part_I\01_Train_Val_Oil_Spill_mask\Mask_oil\00344.tif,S1A_IW_GRDH_1SDV_20180312T045130_20180312T045155_020977_02402E_BA7C_O,subset_429_of_S1A_IW_GRDH_1SDV_20180312T045130_20180312T045155_020977_02402E_BA7C_Orb_NR_Cal_Spk_TC_dB,GRD,2018-03-12T04:51:41.825434,2018-03-12T04:51:44.118418,EPSG:4326,2048,2048,11.297525820354535,-4.526783018799328,11.481500790542214,-4.3428080486116505,-4.43479553370549,11.389513305448375,199235,4.7501325607299805,-151625792.243859,1008.351682686275,845.4296910683364,20.0,,,
00349,D:\SIH_Dataset\Part_I\01_Train_Val_Oil_Spill_images\Oil\00349.tif,D:\SIH_Dataset\Part_I\01_Train_Val_Oil_Spill_mask\Mask_oil\00349.tif,S1A_IW_GRDH_1SDV_20171010T142441_20171010T142506_018752_01FA61_AEEA_O,subset_434_of_S1A_IW_GRDH_1SDV_20171010T142441_20171010T142506_018752_01FA61_AEEA_Orb_NR_Cal_Spk_TC_dB,GRD,2017-10-10T14:24:49.807805,2017-10-10T14:24:52.189898,EPSG:4326,2048,2048,54.29269056356426,25.539392126269483,54.476665533751934,25.72336709645716,25.63137961136332,54.384678048658095,106826,2.5469303131103516,-425104710.6557565,1332.6554771310355,1375.4447793608297,20.0,,,
00355,D:\SIH_Dataset\Part_I\01_Train_Val_Oil_Spill_images\Oil\00355.tif,D:\SIH_Dataset\Part_I\01_Train_Val_Oil_Spill_mask\Mask_oil\00355.tif,S1A_IW_GRDH_1SDV_20171010T142441_20171010T142506_018752_01FA61_AEEA_O,subset_440_of_S1A_IW_GRDH_1SDV_20171010T142441_20171010T142506_018752_01FA61_AEEA_Orb_NR_Cal_Spk_TC_dB,GRD,2017-10-10T14:24:53.101074,2017-10-10T14:24:55.483166,EPSG:4326,2048,2048,54.53990692975395,25.285168900863656,54.723881899941624,25.469143871051333,25.377156385957495,54.631894414847785,201365,4.800915718078613,-19765086.503882203,797.2349142105132,1232.8139721401435,20.0,,,
00358,D:\SIH_Dataset\Part_I\01_Train_Val_Oil_Spill_images\Oil\00358.tif,D:\SIH_Dataset\Part_I\01_Train_Val_Oil_Spill_mask\Mask_oil\00358.tif,S1A_IW_GRDH_1SDV_20171010T142441_20171010T142506_018752_01FA61_AEEA_O,subset_443_of_S1A_IW_GRDH_1SDV_20171010T142441_20171010T142506_018752_01FA61_AEEA_Orb_NR_Cal_Spk_TC_dB,GRD,2017-10-10T14:24:49.044419,2017-10-10T14:24:51.426511,EPSG:4326,2048,2048,54.9101026583396,25.59832160890772,55.09407762852728,25.782296579095398,25.69030909400156,55.00209014343344,265379,6.3271284103393555,-40455412.55865006,1186.0236623847404,1093.6566514305955,20.0,,,
00361,D:\SIH_Dataset\Part_I\01_Train_Val_Oil_Spill_images\Oil\00361.tif,D:\SIH_Dataset\Part_I\01_Train_Val_Oil_Spill_mask\Mask_oil\00361.tif,S1A_IW_GRDH_1SDV_20171010T142441_20171010T142506_018752_01FA61_AEEA_O,subset_446_of_S1A_IW_GRDH_1SDV_20171010T142441_20171010T142506_018752_01FA61_AEEA_Orb_NR_Cal_Spk_TC_dB,GRD,2017-10-10T14:24:52.146841,2017-10-10T14:24:54.528933,EPSG:4326,2048,2048,55.264667700981576,25.358830754161456,55.44864267116925,25.542805724349133,25.450818239255295,55.356655186075415,49547,1.1812925338745117,-243691089.75053406,1033.533463176378,1126.4885563202615,20.0,,,
00363,D:\SIH_Dataset\Part_I\01_Train_Val_Oil_Spill_images\Oil\00363.tif,D:\SIH_Dataset\Part_I\01_Train_Val_Oil_Spill_mask\Mask_oil\00363.tif,S1A_IW_GRDH_1SDV_20170221T045123_20170221T045148_015377_0193B1_A93A_O,subset_462_of_S1A_IW_GRDH_1SDV_20170221T045123_20170221T045148_015377_0193B1_A93A_Orb_NR_Cal_Spk_TC_dB,GRD,2017-02-21T04:51:37.147010,2017-02-21T04:51:39.439995,EPSG:4326,2048,2048,11.21008122510546,-4.6824817999536235,11.394056195293139,-4.498506829765946,-4.590494314859784,11.3020687101993,78688,1.876068115234375,-108292073.72478747,384.8706537210248,872.3800452419683,20.0,,,
00365,D:\SIH_Dataset\Part_I\01_Train_Val_Oil_Spill_images\Oil\00365.tif,D:\SIH_Dataset\Part_I\01_Train_Val_Oil_Spill_mask\Mask_oil\00365.tif,S1A_IW_GRDH_1SDV_20170709T035159_20170709T035224_017389_01D0B9_1EEA_O,subset_467_of_S1A_IW_GRDH_1SDV_20170709T035159_20170709T035224_017389_01D0B9_1EEA_Orb_NR_Cal_Spk_TC_dB,GRD,2017-07-09T03:52:20.663418,2017-07-09T03:52:23.064441,EPSG:4326,2048,2048,32.42668962857769,31.408710005051223,32.61066459876537,31.5926849752389,31.50069749014506,32.51867711367153,79749,1.9013643264770508,-185551374.73447943,691.4527392193006,663.7837276956451,20.0,,,
00368,D:\SIH_Dataset\Part_I\01_Train_Val_Oil_Spill_images\Oil\00368.tif,D:\SIH_Dataset\Part_I\01_Train_Val_Oil_Spill_mask\Mask_oil\00368.tif,S1A_IW_GRDH_1SDV_20170814T035201_20170814T035226_017914_01E0B9_B1EA_O,subset_471_of_S1A_IW_GRDH_1SDV_20170814T035201_20170814T035226_017914_01E0B9_B1EA_Orb_NR_Cal_Spk_TC_dB,GRD,2017-08-14T03:52:16.505241,2017-08-14T03:52:18.906185,EPSG:4326,2048,2048,31.012622208122384,31.88815231036449,31.19659717831006,32.072127280552166,31.980139795458328,31.104609693216222,68220,1.6264915466308594,-141145584.40883407,948.6574904720023,839.8139401934916,20.0,,,
00369,D:\SIH_Dataset\Part_I\01_Train_Val_Oil_Spill_images\Oil\00369.tif,D:\SIH_Dataset\Part_I\01_Train_Val_Oil_Spill_mask\Mask_oil\00369.tif,S1A_IW_GRDH_1SDV_20170814T035201_20170814T035226_017914_01E0B9_B1EA_O,subset_472_of_S1A_IW_GRDH_1SDV_20170814T035201_20170814T035226_017914_01E0B9_B1EA_Orb_NR_Cal_Spk_TC_dB,GRD,2017-08-14T03:52:16.020830,2017-08-14T03:52:18.421774,EPSG:4326,2048,2048,30.87805457856128,31.925252731598626,31.062029548748956,32.1092277017863,32.017240216692464,30.970042063655118,58860,1.4033317565917969,-307833621.52060944,1017.7158681617398,989.3570166496772,20.0,,,
00371,D:\SIH_Dataset\Part_I\01_Train_Val_Oil_Spill_images\Oil\00371.tif,D:\SIH_Dataset\Part_I\01_Train_Val_Oil_Spill_mask\Mask_oil\00371.tif,S1A_IW_GRDH_1SDV_20170814T035201_20170814T035226_017914_01E0B9_B1EA_O,subset_474_of_S1A_IW_GRDH_1SDV_20170814T035201_20170814T035226_017914_01E0B9_B1EA_Orb_NR_Cal_Spk_TC_dB,GRD,2017-08-14T03:52:15.108307,2017-08-14T03:52:17.509251,EPSG:4326,2048,2048,30.619339776734858,31.995141660703126,30.803314746922535,32.1791166308908,32.087129145796965,30.711327261828696,63710,1.5189647674560547,-30394348.8130165,1136.8403704285042,1245.4790927640872,20.0,,,
00372,D:\SIH_Dataset\Part_I\01_Train_Val_Oil_Spill_images\Oil\00372.tif,D:\SIH_Dataset\Part_I\01_Train_Val_Oil_Spill_mask\Mask_oil\00372.tif,S1A_IW_GRDH_1SDV_20170917T001530_20170917T001555_018408_01EFE0_A779_O,subset_475_of_S1A_IW_GRDH_1SDV_20170917T001530_20170917T001555_018408_01EFE0_A779_Orb_NR_Cal_Spk_TC_dB,GRD,2017-09-17T00:15:42.810294,2017-09-17T00:15:45.178548,EPSG:4326,2048,2048,-92.19314030566116,19.31317575252462,-92.00916533547348,19.4971507227123,19.40516323761846,-92.10115282056732,298408,7.114601135253906,-230898349.83447495,1240.4041010964854,1111.4260710168628,20.0,,,
00375,D:\SIH_Dataset\Part_I\01_Train_Val_Oil_Spill_images\Oil\00375.tif,D:\SIH_Dataset\Part_I\01_Train_Val_Oil_Spill_mask\Mask_oil\00375.tif,S1A_IW_GRDH_1SDV_20170917T001530_20170917T001555_018408_01EFE0_A779_O,subset_478_of_S1A_IW_GRDH_1SDV_20170917T001530_20170917T001555_018408_01EFE0_A779_Orb_NR_Cal_Spk_TC_dB,GRD,2017-09-17T00:15:33.067713,2017-09-17T00:15:35.435966,EPSG:4326,2048,2048,-92.19853019736588,20.06964705328167,-92.0145552271782,20.253622023469347,20.16163453837551,-92.10654271227205,125561,2.993607521057129,-908246413.2137872,562.3262756747716,1012.2008466004571,20.0,,,
00377,D:\SIH_Dataset\Part_I\01_Train_Val_Oil_Spill_images\Oil\00377.tif,D:\SIH_Dataset\Part_I\01_Train_Val_Oil_Spill_mask\Mask_oil\00377.tif,S1A_IW_GRDH_1SDV_20170402T001521_20170402T001546_015958_01A507_FB5D_O,subset_480_of_S1A_IW_GRDH_1SDV_20170402T001521_20170402T001546_015958_01A507_FB5D_Orb_NR_Cal_Spk_TC_dB,GRD,2017-04-02T00:15:34.213269,2017-04-02T00:15:36.581541,EPSG:4326,2048,2048,-92.18715894450003,19.30611050772602,-92.00318397431235,19.4900854779137,19.39809799281986,-92.09517145940619,248342,5.920934677124023,-18431393.6061245,1185.2579668360568,966.9181290317385,20.0,,,
00378,D:\SIH_Dataset\Part_I\01_Train_Val_Oil_Spill_images\Oil\00378.tif,D:\SIH_Dataset\Part_I\01_Train_Val_Oil_Spill_mask\Mask_oil\00378.tif,S1A_IW_GRDH_1SDV_20170402T001521_20170402T001546_015958_01A507_FB5D_O,subset_481_of_S1A_IW_GRDH_1SDV_20170402T001521_20170402T001546_015958_01A507_FB5D_Orb_NR_Cal_Spk_TC_dB,GRD,2017-04-02T00:15:33.928660,2017-04-02T00:15:36.296932,EPSG:4326,2048,2048,-92.3521794621928,19.328209063715363,-92.16820449200512,19.51218403390304,19.4201965488092,-92.26019197709896,271473,6.472420692443848,-914891229.6121798,1450.4526619590163,977.7255878116792,20.0,,,
00379,D:\SIH_Dataset\Part_I\01_Train_Val_Oil_Spill_images\Oil\00379.tif,D:\SIH_Dataset\Part_I\01_Train_Val_Oil_Spill_mask\Mask_oil\00379.tif,S1A_IW_GRDH_1SDV_20170402T001521_20170402T001546_015958_01A507_FB5D_O,subset_482_of_S1A_IW_GRDH_1SDV_20170402T001521_20170402T001546_015958_01A507_FB5D_Orb_NR_Cal_Spk_TC_dB,GRD,2017-04-02T00:15:33.859243,2017-04-02T00:15:36.227515,EPSG:4326,2048,2048,-92.48764540703802,19.33359895542008,-92.30367043685034,19.517573925607756,19.425586440513918,-92.39565792194418,99210,2.3653507232666016,-34751036.05201363,1675.68667473037,1614.370627960891,20.0,,,
00385,D:\SIH_Dataset\Part_I\01_Train_Val_Oil_Spill_images\Oil\00385.tif,D:\SIH_Dataset\Part_I\01_Train_Val_Oil_Spill_mask\Mask_oil\00385.tif,S1A_IW_GRDH_1SDV_20171206T045132_20171206T045157_019577_0213FB_431A_O,subset_488_of_S1A_IW_GRDH_1SDV_20171206T045132_20171206T045157_019577_0213FB_431A_Orb_NR_Cal_Spk_TC_dB,GRD,2017-12-06T04:51:46.634072,2017-12-06T04:51:48.927026,EPSG:4326,2048,2048,11.189831149527924,-4.74022474127208,11.373806119715603,-4.556249771084402,-4.648237256178241,11.281818634621764,376234,8.970117568969727,-1297882592.6336055,1049.377966903576,739.0912543789237,20.0,,,
00388,D:\SIH_Dataset\Part_I\01_Train_Val_Oil_Spill_images\Oil\00388.tif,D:\SIH_Dataset\Part_I\01_Train_Val_Oil_Spill_mask\Mask_oil\00388.tif,S1B_IW_GRDH_1SDV_20180311T154853_20180311T154918_009986_01219E_3634_O,subset_491_of_S1B_IW_GRDH_1SDV_20180311T154853_20180311T154918_009986_01219E_3634_Orb_NR_Cal_Spk_TC_dB,GRD,2018-03-11T15:49:05.018877,2018-03-11T15:49:07.427817,EPSG:4326,2048,2048,31.619019105347586,34.99823985715951,31.802994075535263,35.18221482734719,35.09022734225335,31.711006590441425,125390,2.989530563354492,-220338454.73469618,1356.2309594066512,997.8790812664487,20.0,,,
00395,D:\SIH_Dataset\Part_I\01_Train_Val_Oil_Spill_images\Oil\00395.tif,D:\SIH_Dataset\Part_I\01_Train_Val_Oil_Spill_mask\Mask_oil\00395.tif,S1A_IW_GRDH_1SDV_20150731T154918_20150731T154943_007057_00998A_E86C_O,subset_506_of_S1A_IW_GRDH_1SDV_20150731T154918_20150731T154943_007057_00998A_E86C_Orb_NR_Cal_Spk_TC_dB,GRD,2015-07-31T15:49:32.262758,2015-07-31T15:49:34.670433,EPSG:4326,2048,2048,33.140507908550084,34.45271973430617,33.32448287873776,34.63669470449385,34.54470721940001,33.23249539364392,59907,1.4282941818237305,-399755394.9035061,950.4968618024604,1486.1873320313152,20.0,,,
00396,D:\SIH_Dataset\Part_I\01_Train_Val_Oil_Spill_images\Oil\00396.tif,D:\SIH_Dataset\Part_I\01_Train_Val_Oil_Spill_mask\Mask_oil\00396.tif,S1A_IW_GRDH_1SDV_20150731T154918_20150731T154943_007057_00998A_E86C_O,subset_507_of_S1A_IW_GRDH_1SDV_20150731T154918_20150731T154943_007057_00998A_E86C_Orb_NR_Cal_Spk_TC_dB,GRD,2015-07-31T15:49:31.776988,2015-07-31T15:49:34.184663,EPSG:4326,2048,2048,33.26986530946329,34.48982015554031,33.45384027965097,34.673795125727985,34.581807640634146,33.36185279455713,184509,4.3990373611450195,-334631604.68035734,1205.7901430282534,987.9032106834896,20.0,,,
00399,D:\SIH_Dataset\Part_I\01_Train_Val_Oil_Spill_images\Oil\00399.tif,D:\SIH_Dataset\Part_I\01_Train_Val_Oil_Spill_mask\Mask_oil\00399.tif,S1A_IW_GRDH_1SDV_20170801T154854_20170801T154919_017732_01DB33_192E_O,subset_511_of_S1A_IW_GRDH_1SDV_20170801T154854_20170801T154919_017732_01DB33_192E_Orb_NR_Cal_Spk_TC_dB,GRD,2017-08-01T15:49:08.170998,2017-08-01T15:49:10.573709,EPSG:4326,2048,2048,31.676564452650545,32.356198481588194,31.860539422838222,32.54017345177587,32.44818596668203,31.768551937744384,44006,1.049184799194336,-15512137.175174601,1331.4447575330637,868.5175430623096,20.0,,,
00400,D:\SIH_Dataset\Part_I\01_Train_Val_Oil_Spill_images\Oil\00400.tif,D:\SIH_Dataset\Part_I\01_Train_Val_Oil_Spill_mask\Mask_oil\00400.tif,S1A_IW_GRDH_1SDV_20170801T154854_20170801T154919_017732_01DB33_192E_O,subset_512_of_S1A_IW_GRDH_1SDV_20170801T154854_20170801T154919_017732_01DB33_192E_Orb_NR_Cal_Spk_TC_dB,GRD,2017-08-01T15:49:09.862403,2017-08-01T15:49:12.265114,EPSG:4326,2048,2048,31.65940663072386,32.22675124914657,31.84338160091154,32.410726219334244,32.318738734240405,31.7513941158177,84997,2.026486396789551,-30221052.853382893,1041.7408790898503,954.5803557772628,20.0,,,
00401,D:\SIH_Dataset\Part_I\01_Train_Val_Oil_Spill_images\Oil\00401.tif,D:\SIH_Dataset\Part_I\01_Train_Val_Oil_Spill_mask\Mask_oil\00401.tif,S1A_IW_GRDH_1SDV_20170801T154854_20170801T154919_017732_01DB33_192E_O,subset_513_of_S1A_IW_GRDH_1SDV_20170801T154854_20170801T154919_017732_01DB33_192E_Orb_NR_Cal_Spk_TC_dB,GRD,2017-08-01T15:49:11.123034,2017-08-01T15:49:13.525745,EPSG:4326,2048,2048,31.676025463480073,32.13027218763213,31.86000043366775,32.31424715781981,32.22225967272597,31.76801294857391,68397,1.630711555480957,-2878829.6995754023,794.8924441130459,702.5328230770356,20.0,,,
00404,D:\SIH_Dataset\Part_I\01_Train_Val_Oil_Spill_images\Oil\00404.tif,D:\SIH_Dataset\Part_I\01_Train_Val_Oil_Spill_mask\Mask_oil\00404.tif,S1A_IW_GRDH_1SDV_20170905T001529_20170905T001554_018233_01EA6C_00E8_O,subset_516_of_S1A_IW_GRDH_1SDV_20170905T001529_20170905T001554_018233_01EA6C_00E8_Orb_NR_Cal_Spk_TC_dB,GRD,2017-09-05T00:15:41.479456,2017-09-05T00:15:43.847813,EPSG:4326,2048,2048,-92.1263308203312,19.377055693992194,-91.94235585014353,19.56103066417987,19.469043179086032,-92.03434333523737,67867,1.6180753707885742,-11272056.310253391,1188.8417714058378,1049.315830963502,20.0,,,
00412,D:\SIH_Dataset\Part_I\01_Train_Val_Oil_Spill_images\Oil\00412.tif,D:\SIH_Dataset\Part_I\01_Train_Val_Oil_Spill_mask\Mask_oil\00412.tif,S1A_IW_GRDH_1SDV_20180220T001527_20180220T001552_020683_0236D8_1EB7_O,subset_524_of_S1A_IW_GRDH_1SDV_20180220T001527_20180220T001552_020683_0236D8_1EB7_Orb_NR_Cal_Spk_TC_dB,GRD,2018-02-20T00:15:40.142266,2018-02-20T00:15:42.510402,EPSG:4326,2048,2048,-92.1553432383318,19.306020492098636,-91.97136826814412,19.489995462286313,19.398007977192474,-92.06335575323796,334344,7.971382141113281,-3249346.461178,813.8364857751299,684.3734716340057,20.0,,,
00414,D:\SIH_Dataset\Part_I\01_Train_Val_Oil_Spill_images\Oil\00414.tif,D:\SIH_Dataset\Part_I\01_Train_Val_Oil_Spill_mask\Mask_oil\00414.tif,S1A_IW_GRDH_1SDV_20180220T001527_20180220T001552_020683_0236D8_1EB7_O,subset_526_of_S1A_IW_GRDH_1SDV_20180220T001527_20180220T001552_020683_0236D8_1EB7_Orb_NR_Cal_Spk_TC_dB,GRD,2018-02-20T00:15:37.724385,2018-02-20T00:15:40.092521,EPSG:4326,2048,2048,-92.31659083183125,19.493768386479616,-92.13261586164357,19.677743356667293,19.585755871573454,-92.22460334673741,42572,1.0149955749511719,-16893629.095932826,1508.3314619937987,1132.1839002161046,20.0,,,
00416,D:\SIH_Dataset\Part_I\01_Train_Val_Oil_Spill_images\Oil\00416.tif,D:\SIH_Dataset\Part_I\01_Train_Val_Oil_Spill_mask\Mask_oil\00416.tif,S1A_IW_GRDH_1SDV_20150402T154912_20150402T154937_005307_006B79_76F4_O,subset_528_of_S1A_IW_GRDH_1SDV_20150402T154912_20150402T154937_005307_006B79_76F4_Orb_NR_Cal_Spk_TC_dB,GRD,2015-04-02T15:49:26.996812,2015-04-02T15:49:29.404397,EPSG:4326,2048,2048,32.355038012511706,34.39186601713634,32.53901298269938,34.575840987324014,34.483853502230176,32.447025497605544,90545,2.1587610244750977,-28530016.658318188,1115.9459660942073,1202.5385775028992,20.0,,,
00417,D:\SIH_Dataset\Part_I\01_Train_Val_Oil_Spill_images\Oil\00417.tif,D:\SIH_Dataset\Part_I\01_Train_Val_Oil_Spill_mask\Mask_oil\00417.tif,S1A_IW_GRDH_1SDV_20150402T154912_20150402T154937_005307_006B79_76F4_O,subset_529_of_S1A_IW_GRDH_1SDV_20150402T154912_20150402T154937_005307_006B79_76F4_Orb_NR_Cal_Spk_TC_dB,GRD,2015-04-02T15:49:27.655457,2015-04-02T15:49:30.063042,EPSG:4326,2048,2048,32.50990756749391,34.34156036122564,32.69388253768159,34.525535331413316,34.43354784631948,32.60189505258775,135590,3.232717514038086,-451429680.09818333,1071.928645180323,1060.9898075079284,20.0,,,
00418,D:\SIH_Dataset\Part_I\01_Train_Val_Oil_Spill_images\Oil\00418.tif,D:\SIH_Dataset\Part_I\01_Train_Val_Oil_Spill_mask\Mask_oil\00418.tif,S1A_IW_GRDH_1SDV_20150402T154912_20150402T154937_005307_006B79_76F4_O,subset_530_of_S1A_IW_GRDH_1SDV_20150402T154912_20150402T154937_005307_006B79_76F4_Orb_NR_Cal_Spk_TC_dB,GRD,2015-04-02T15:49:28.051821,2015-04-02T15:49:30.459406,EPSG:4326,2048,2048,32.657770263259984,34.31128713615082,32.84174523344766,34.495262106338494,34.403274621244655,32.74975774835382,182626,4.354143142700195,-195879264.2270668,1234.735054154392,1080.9568024268176,20.0,,,
00419,D:\SIH_Dataset\Part_I\01_Train_Val_Oil_Spill_images\Oil\00419.tif,D:\SIH_Dataset\Part_I\01_Train_Val_Oil_Spill_mask\Mask_oil\00419.tif,S1A_IW_GRDH_1SDV_20171222T001528_20171222T001553_019808_021B17_D75D_O,subset_531_of_S1A_IW_GRDH_1SDV_20171222T001528_20171222T001553_019808_021B17_D75D_Orb_NR_Cal_Spk_TC_dB,GRD,2017-12-22T00:15:41.574630,2017-12-22T00:15:43.942878,EPSG:4326,2048,2048,-92.18873482307318,19.314701355261704,-92.0047598528855,19.49867632544938,19.406688840355542,-92.09674733797934,55495,1.323103904724121,-413586961.44139636,1222.0510946932156,1393.7005045499595,20.0,,,
00426,D:\SIH_Dataset\Part_I\01_Train_Val_Oil_Spill_images\Oil\00426.tif,D:\SIH_Dataset\Part_I\01_Train_Val_Oil_Spill_mask\Mask_oil\00426.tif,S1A_IW_GRDH_1SDV_20170308T142434_20170308T142459_015602_019A78_F8CB_O,subset_555_of_S1A_IW_GRDH_1SDV_20170308T142434_20170308T142459_015602_019A78_F8CB_Orb_NR_Cal_Spk_TC_dB,GRD,2017-03-08T14:24:47.509742,2017-03-08T14:24:49.891776,EPSG:4326,2048,2048,54.08236066182777,25.338730360175987,54.26633563201545,25.522705330363664,25.430717845269825,54.17434814692161,94687,2.257513999938965,-12003035.854929712,762.2847222955633,573.002265358497,20.0,,,
00429,D:\SIH_Dataset\Part_I\01_Train_Val_Oil_Spill_images\Oil\00429.tif,D:\SIH_Dataset\Part_I\01_Train_Val_Oil_Spill_mask\Mask_oil\00429.tif,S1A_IW_GRDH_1SDV_20180312T154050_20180312T154115_020984_024060_99A6_O,subset_564_of_S1A_IW_GRDH_1SDV_20180312T154050_20180312T154115_020984_024060_99A6_Orb_NR_Cal_Spk_TC_dB,GRD,2018-03-12T15:40:56.499575,2018-03-12T15:40:58.903209,EPSG:4326,2048,2048,34.31532781383634,33.56306588122479,34.49930278402402,33.747040851412464,33.655053366318626,34.40731529893018,116834,2.7855396270751953,-404248704.6787325,1012.0674461201363,863.2458530907099,20.0,,,
00432,D:\SIH_Dataset\Part_I\01_Train_Val_Oil_Spill_images\Oil\00432.tif,D:\SIH_Dataset\Part_I\01_Train_Val_Oil_Spill_mask\Mask_oil\00432.tif,S1A_IW_GRDH_1SDV_20181112T095159_20181112T095224_024553_02B1DF_3BEF_O,subset_579_of_S1A_IW_GRDH_1SDV_20181112T095159_20181112T095224_024553_02B1DF_3BEF_Orb_NR_Cal_Spk_TC_dB,GRD,2018-11-12T09:52:12.471416,2018-11-12T09:52:14.821851,EPSG:4326,2048,2048,-60.80538303805862,10.31910199716391,-60.621408067870945,10.50307696735159,10.41108948225775,-60.71339555296478,58565,1.3962984085083008,-60843725.5441196,933.079766071886,1051.5899854862118,20.0,,,
00433,D:\SIH_Dataset\Part_I\01_Train_Val_Oil_Spill_images\Oil\00433.tif,D:\SIH_Dataset\Part_I\01_Train_Val_Oil_Spill_mask\Mask_oil\00433.tif,S1A_IW_GRDH_1SDV_20181112T095159_20181112T095224_024553_02B1DF_3BEF_O,subset_580_of_S1A_IW_GRDH_1SDV_20181112T095159_20181112T095224_024553_02B1DF_3BEF_Orb_NR_Cal_Spk_TC_dB,GRD,2018-11-12T09:52:11.660763,2018-11-12T09:52:14.011198,EPSG:4326,2048,2048,-60.79074049892747,10.382523056222748,-60.60676552873979,10.566498026410427,10.474510541316587,-60.69875301383363,64899,1.5473127365112305,-107580005.96368715,1306.5338834188508,784.6790474429498,20.0,,,
00438,D:\SIH_Dataset\Part_I\01_Train_Val_Oil_Spill_images\Oil\00438.tif,D:\SIH_Dataset\Part_I\01_Train_Val_Oil_Spill_mask\Mask_oil\00438.tif,S1A_IW_GRDH_1SDV_20171018T035948_20171018T040013_018862_01FDC4_C249_O,subset_600_of_S1A_IW_GRDH_1SDV_20171018T035948_20171018T040013_018862_01FDC4_C249_Orb_NR_Cal_Spk_TC_dB,GRD,2017-10-18T03:59:50.482721,2017-10-18T03:59:52.886622,EPSG:4326,2048,2048,30.350277602098526,34.61482712117209,30.534252572286203,34.79880209135977,34.70681460626593,30.442265087192364,146626,3.4958362579345703,-42517714.16613931,985.9824655927325,1033.6952791455813,20.0,,,
00439,D:\SIH_Dataset\Part_I\01_Train_Val_Oil_Spill_images\Oil\00439.tif,D:\SIH_Dataset\Part_I\01_Train_Val_Oil_Spill_mask\Mask_oil\00439.tif,S1A_IW_GRDH_1SDV_20171018T035948_20171018T040013_018862_01FDC4_C249_O,subset_601_of_S1A_IW_GRDH_1SDV_20171018T035948_20171018T040013_018862_01FDC4_C249_Orb_NR_Cal_Spk_TC_dB,GRD,2017-10-18T03:59:50.389947,2017-10-18T03:59:52.793848,EPSG:4326,2048,2048,30.290898961818225,34.62192381191663,30.474873932005902,34.80589878210431,34.71391129701047,30.382886446912064,122121,2.9115915298461914,-659351674.2794532,857.0148991573931,1223.583638358677,20.0,,,
00440,D:\SIH_Dataset\Part_I\01_Train_Val_Oil_Spill_images\Oil\00440.tif,D:\SIH_Dataset\Part_I\01_Train_Val_Oil_Spill_mask\Mask_oil\00440.tif,S1A_IW_GRDH_1SDV_20171018T035948_20171018T040013_018862_01FDC4_C249_O,subset_602_of_S1A_IW_GRDH_1SDV_20171018T035948_20171018T040013_018862_01FDC4_C249_Orb_NR_Cal_Spk_TC_dB,GRD,2017-10-18T03:59:50.878478,2017-10-18T03:59:53.282379,EPSG:4326,2048,2048,30.41711225923702,34.58455389609726,30.601087229424696,34.76852886628494,34.6765413811911,30.509099744330857,103067,2.457308769226074,-85666712.62927382,728.2677918247354,602.8927930375387,20.0,,,
00442,D:\SIH_Dataset\Part_I\01_Train_Val_Oil_Spill_images\Oil\00442.tif,D:\SIH_Dataset\Part_I\01_Train_Val_Oil_Spill_mask\Mask_oil\00442.tif,S1A_IW_GRDH_1SDV_20180523T045157_20180523T045222_022027_026151_8D54_O,subset_604_of_S1A_IW_GRDH_1SDV_20180523T045157_20180523T045222_022027_026151_8D54_Orb_NR_Cal_Spk_TC_dB,GRD,2018-05-23T04:52:01.935569,2018-05-23T04:52:04.223130,EPSG:4326,2048,2048,11.294316904911089,-5.420018674103653,11.478291875098767,-5.236043703915975,-5.328031189009813,11.386304390004927,240482,5.733537673950195,-214771672.4877861,1446.044452391447,940.2998103808185,20.0,,,
00444,D:\SIH_Dataset\Part_I\01_Train_Val_Oil_Spill_images\Oil\00444.tif,D:\SIH_Dataset\Part_I\01_Train_Val_Oil_Spill_mask\Mask_oil\00444.tif,S1A_IW_GRDH_1SDV_20180415T174256_20180415T174321_021481_02500A_4099_O,subset_606_of_S1A_IW_GRDH_1SDV_20180415T174256_20180415T174321_021481_02500A_4099_Orb_NR_Cal_Spk_TC_dB,GRD,2018-04-15T17:43:14.049763,2018-04-15T17:43:16.468533,EPSG:4326,2048,2048,0.3883442139277715,57.419234169080255,0.5723191841154496,57.60320913926793,57.51122165417409,0.48033169902161055,47841,1.1406183242797852,-71576323.38202341,1056.657061934324,1074.1478334482974,20.0,,,
00448,D:\SIH_Dataset\Part_I\01_Train_Val_Oil_Spill_images\Oil\00448.tif,D:\SIH_Dataset\Part_I\01_Train_Val_Oil_Spill_mask\Mask_oil\00448.tif,S1A_IW_GRDH_1SDV_20180415T174256_20180415T174321_021481_02500A_4099_O,subset_611_of_S1A_IW_GRDH_1SDV_20180415T174256_20180415T174321_021481_02500A_4099_Orb_NR_Cal_Spk_TC_dB,GRD,2018-04-15T17:43:03.686984,2018-04-15T17:43:06.105754,EPSG:4326,2048,2048,1.0841792330067528,58.20705667325308,1.2681542031944308,58.391031643440755,58.299044158346916,1.1761667181005917,43478,1.0365962982177734,-2019408.2145432734,1345.723170339022,780.0204011224067,20.0,,,
00456,D:\SIH_Dataset\Part_I\01_Train_Val_Oil_Spill_images\Oil\00456.tif,D:\SIH_Dataset\Part_I\01_Train_Val_Oil_Spill_mask\Mask_oil\00456.tif,S1B_IW_GRDH_1SDV_20180720T001503_20180720T001528_011887_015E13_ACEB_O,subset_630_of_S1B_IW_GRDH_1SDV_20180720T001503_20180720T001528_011887_015E13_ACEB_Orb_NR_Cal_Spk_TC_dB,GRD,2018-07-20T00:15:24.992820,2018-07-20T00:15:27.371626,EPSG:4326,2048,2048,-92.16033895796653,19.247338723181354,-91.97636398777885,19.43131369336903,19.339326208275192,-92.06835147287269,160816,3.8341522216796875,-93419586.89549038,487.01946945577555,770.2622624614467,20.0,,,
00457,D:\SIH_Dataset\Part_I\01_Train_Val_Oil_Spill_images\Oil\00457.tif,D:\SIH_Dataset\Part_I\01_Train_Val_Oil_Spill_mask\Mask_oil\00457.tif,S1B_IW_GRDH_1SDV_20180720T001503_20180720T001528_011887_015E13_ACEB_O,subset_631_of_S1B_IW_GRDH_1SDV_20180720T001503_20180720T001528_011887_015E13_ACEB_Orb_NR_Cal_Spk_TC_dB,GRD,2018-07-20T00:15:24.724377,2018-07-20T00:15:27.103182,EPSG:4326,2048,2048,-92.3029015935563,19.268089806244515,-92.11892662336862,19.45206477643219,19.360077291338353,-92.21091410846246,117613,2.804112434387207,-272874121.0326792,761.743995136592,1211.958690790984,20.0,,,
00462,D:\SIH_Dataset\Part_I\01_Train_Val_Oil_Spill_images\Oil\00462.tif,D:\SIH_Dataset\Part_I\01_Train_Val_Oil_Spill_mask\Mask_oil\00462.tif,S1B_IW_GRDH_1SDV_20170818T182534_20170818T182559_006998_00C540_C896_O,subset_636_of_S1B_IW_GRDH_1SDV_20170818T182534_20170818T182559_006998_00C540_C896_Orb_NR_Cal_Spk_TC_dB,GRD,2017-08-18T18:25:43.988820,2017-08-18T18:25:46.401401,EPSG:4326,2048,2048,-7.591059970362705,36.29623251767949,-7.4070850001750275,36.48020748786717,36.38822000277333,-7.499072485268867,49160,1.1720657348632812,-50538372.717464864,1894.797172497966,914.256590724166,20.0,,,
00465,D:\SIH_Dataset\Part_I\01_Train_Val_Oil_Spill_images\Oil\00465.tif,D:\SIH_Dataset\Part_I\01_Train_Val_Oil_Spill_mask\Mask_oil\00465.tif,S1B_IW_GRDH_1SDV_20170818T182534_20170818T182559_006998_00C540_C896_O,subset_639_of_S1B_IW_GRDH_1SDV_20170818T182534_20170818T182559_006998_00C540_C896_Orb_NR_Cal_Spk_TC_dB,GRD,2017-08-18T18:25:46.232862,2017-08-18T18:25:48.645444,EPSG:4326,2048,2048,-7.3529165885426195,36.12519328758314,-7.168941618354942,36.309168257770814,36.217180772676976,-7.260929103448781,200398,4.777860641479492,-329032044.3374029,499.5674906935199,969.2853371790137,20.0,,,
00467,D:\SIH_Dataset\Part_I\01_Train_Val_Oil_Spill_images\Oil\00467.tif,D:\SIH_Dataset\Part_I\01_Train_Val_Oil_Spill_mask\Mask_oil\00467.tif,S1B_IW_GRDH_1SDV_20170818T182534_20170818T182559_006998_00C540_C896_O,subset_641_of_S1B_IW_GRDH_1SDV_20170818T182534_20170818T182559_006998_00C540_C896_Orb_NR_Cal_Spk_TC_dB,GRD,2017-08-18T18:25:46.376651,2017-08-18T18:25:48.789232,EPSG:4326,2048,2048,-7.638491017364216,36.11423384111688,-7.454516047176538,36.298208811304555,36.206221326210716,-7.546503532270377,84841,2.0227670669555664,-32081602.607169937,815.9894685352601,1224.9011032401786,20.0,,,
00469,D:\SIH_Dataset\Part_I\01_Train_Val_Oil_Spill_images\Oil\00469.tif,D:\SIH_Dataset\Part_I\01_Train_Val_Oil_Spill_mask\Mask_oil\00469.tif,S1A_IW_GRDH_1SDV_20191016T025937_20191016T030002_029478_035A87_B9F2_O,subset_643_of_S1A_IW_GRDH_1SDV_20191016T025937_20191016T030002_029478_035A87_B9F2_Orb_NR_Cal_Spk_TC_dB,GRD,2019-10-16T02:59:48.988821,2019-10-16T02:59:51.347280,EPSG:4326,2048,2048,42.01035908326668,14.234134747947651,42.194334053454355,14.41810971813533,14.326122233041492,42.10234656836052,161593,3.852677345275879,-306930241.48025864,974.4271564981157,968.8885502466072,20.0,,,
00471,D:\SIH_Dataset\Part_I\01_Train_Val_Oil_Spill_images\Oil\00471.tif,D:\SIH_Dataset\Part_I\01_Train_Val_Oil_Spill_mask\Mask_oil\00471.tif,S1A_IW_GRDH_1SDV_20191016T025937_20191016T030002_029478_035A87_B9F2_O,subset_645_of_S1A_IW_GRDH_1SDV_20191016T025937_20191016T030002_029478_035A87_B9F2_Orb_NR_Cal_Spk_TC_dB,GRD,2019-10-16T02:59:51.628405,2019-10-16T02:59:53.986864,EPSG:4326,2048,2048,42.33995096101013,14.02833071635587,42.52392593119781,14.212305686543548,14.12031820144971,42.43193844610397,58543,1.3957738876342773,-52852602.25378477,620.0886613258631,808.1566455425926,20.0,,,
00474,D:\SIH_Dataset\Part_I\01_Train_Val_Oil_Spill_images\Oil\00474.tif,D:\SIH_Dataset\Part_I\01_Train_Val_Oil_Spill_mask\Mask_oil\00474.tif,S1A_IW_GRDH_1SDV_20190429T050020_20190429T050045_027000_030A2C_FE8D_O,subset_653_of_S1A_IW_GRDH_1SDV_20190429T050020_20190429T050045_027000_030A2C_FE8D_Orb_NR_Cal_Spk_TC_dB,GRD,2019-04-29T05:00:33.454305,2019-04-29T05:00:35.743820,EPSG:4326,2048,2048,10.681855255638887,-6.3665568298034865,10.865830225826565,-6.182581859615809,-6.274569344709647,10.773842740732725,46204,1.1015892028808594,-127563123.37028515,443.4478183707038,331.84903904423857,20.0,,,
00475,D:\SIH_Dataset\Part_I\01_Train_Val_Oil_Spill_images\Oil\00475.tif,D:\SIH_Dataset\Part_I\01_Train_Val_Oil_Spill_mask\Mask_oil\00475.tif,S1A_IW_GRDH_1SDV_20170627T000134_20170627T000159_017212_01CB69_C255_O,subset_654_of_S1A_IW_GRDH_1SDV_20170627T000134_20170627T000159_017212_01CB69_C255_Orb_NR_Cal_Spk_TC_dB,GRD,2017-06-27T00:01:45.131071,2017-06-27T00:01:47.525035,EPSG:4326,2048,2048,-89.07083870516819,28.880682951415956,-88.88686373498051,29.064657921603633,28.972670436509794,-88.97885122007435,270453,6.448101997375488,-403651939.0276069,1061.363262748056,857.8039308123778,20.0,,,
00476,D:\SIH_Dataset\Part_I\01_Train_Val_Oil_Spill_images\Oil\00476.tif,D:\SIH_Dataset\Part_I\01_Train_Val_Oil_Spill_mask\Mask_oil\00476.tif,S1A_IW_GRDH_1SDV_20170627T000134_20170627T000159_017212_01CB69_C255_O,subset_655_of_S1A_IW_GRDH_1SDV_20170627T000134_20170627T000159_017212_01CB69_C255_Orb_NR_Cal_Spk_TC_dB,GRD,2017-06-27T00:01:45.520514,2017-06-27T00:01:47.914478,EPSG:4326,2048,2048,-89.13614622632367,28.850769052454773,-88.952171256136,29.03474402264245,28.94275653754861,-89.04415874122984,305975,7.295012474060059,-256256291.09201556,866.5578445951467,1191.5448206552824,20.0,,,
00477,D:\SIH_Dataset\Part_I\01_Train_Val_Oil_Spill_images\Oil\00477.tif,D:\SIH_Dataset\Part_I\01_Train_Val_Oil_Spill_mask\Mask_oil\00477.tif,S1A_IW_GRDH_1SDV_20170627T000134_20170627T000159_017212_01CB69_C255_O,subset_656_of_S1A_IW_GRDH_1SDV_20170627T000134_20170627T000159_017212_01CB69_C255_Orb_NR_Cal_Spk_TC_dB,GRD,2017-06-27T00:01:45.742719,2017-06-27T00:01:48.136683,EPSG:4326,2048,2048,-89.2573289581514,28.8337010620565,-89.07335398796373,29.01767603224418,28.92568854715034,-89.16534147305757,193052,4.602718353271484,-126131878.98532447,1243.4481227855708,1131.1110892402048,20.0,,,
00484,D:\SIH_Dataset\Part_I\01_Train_Val_Oil_Spill_images\Oil\00484.tif,D:\SIH_Dataset\Part_I\01_Train_Val_Oil_Spill_mask\Mask_oil\00484.tif,S1A_IW_GRDH_1SDV_20170907T000138_20170907T000203_018262_01EB49_F85F_O,subset_689_of_S1A_IW_GRDH_1SDV_20170907T000138_20170907T000203_018262_01EB49_F85F_Orb_NR_Cal_Spk_TC_dB,GRD,2017-09-07T00:01:48.723207,2017-09-07T00:01:51.117139,EPSG:4326,2048,2048,-88.98470187433833,28.87903700366485,-88.80072690415065,29.063011973852525,28.971024488758687,-88.89271438924449,179715,4.2847394943237305,-710667.3868473438,1632.1924241159613,555.8095011546059,20.0,,,
00488,D:\SIH_Dataset\Part_I\01_Train_Val_Oil_Spill_images\Oil\00488.tif,D:\SIH_Dataset\Part_I\01_Train_Val_Oil_Spill_mask\Mask_oil\00488.tif,S1A_IW_GRDH_1SDV_20170802T000136_20170802T000201_017737_01DB5F_BF7B_O,subset_705_of_S1A_IW_GRDH_1SDV_20170802T000136_20170802T000201_017737_01DB5F_BF7B_Orb_NR_Cal_Spk_TC_dB,GRD,2017-08-02T00:01:48.528679,2017-08-02T00:01:50.922533,EPSG:4326,2048,2048,-89.06764564869262,28.77624893671017,-88.88367067850494,28.96022390689785,28.86823642180401,-88.97565816359878,104846,2.499723434448242,-286699632.2628216,437.95574461591286,530.6066516605307,20.0,,,
00489,D:\SIH_Dataset\Part_I\01_Train_Val_Oil_Spill_images\Oil\00489.tif,D:\SIH_Dataset\Part_I\01_Train_Val_Oil_Spill_mask\Mask_oil\00489.tif,S1A_IW_GRDH_1SDV_20170802T000136_20170802T000201_017737_01DB5F_BF7B_O,subset_706_of_S1A_IW_GRDH_1SDV_20170802T000136_20170802T000201_017737_01DB5F_BF7B_Orb_NR_Cal_Spk_TC_dB,GRD,2017-08-02T00:01:46.871575,2017-08-02T00:01:49.265429,EPSG:4326,2048,2048,-89.17041291719589,28.903540212469906,-88.98643794700821,29.087515182657583,28.995527697563745,-89.07842543210205,64739,1.5434980392456055,-227679657.77134547,1790.2340860995691,1678.9546409428629,20.0,,,
00492,D:\SIH_Dataset\Part_I\01_Train_Val_Oil_Spill_images\Oil\00492.tif,D:\SIH_Dataset\Part_I\01_Train_Val_Oil_Spill_mask\Mask_oil\00492.tif,S1A_IW_GRDH_1SDV_20170901T154118_20170901T154143_018184_01E8E5_F41E_O,subset_721_of_S1A_IW_GRDH_1SDV_20170901T154118_20170901T154143_018184_01E8E5_F41E_Orb_NR_Cal_Spk_TC_dB,GRD,2017-09-01T15:41:27.678580,2017-09-01T15:41:30.085009,EPSG:4326,2048,2048,35.16538884621923,34.75170589906555,35.34936381640691,34.935680869253225,34.84369338415939,35.25737633131307,87206,2.079153060913086,-37760288.06269013,911.8751920739398,273.98841822810357,20.0,,,
00497,D:\SIH_Dataset\Part_I\01_Train_Val_Oil_Spill_images\Oil\00497.tif,D:\SIH_Dataset\Part_I\01_Train_Val_Oil_Spill_mask\Mask_oil\00497.tif,S1A_IW_GRDH_1SDV_20170709T000135_20170709T000200_017387_01D0AA_B7B5_O,subset_737_of_S1A_IW_GRDH_1SDV_20170709T000135_20170709T000200_017387_01D0AA_B7B5_Orb_NR_Cal_Spk_TC_dB,GRD,2017-07-09T00:01:48.400810,2017-07-09T00:01:50.794749,EPSG:4326,2048,2048,-89.05168071562028,28.670079889367,-88.8677057454326,28.854054859554676,28.762067374460837,-88.95969323052644,135698,3.235292434692383,-189309526.94953963,606.5466108564607,523.8344338162685,20.0,,,
00502,D:\SIH_Dataset\Part_I\01_Train_Val_Oil_Spill_images\Oil\00502.tif,D:\SIH_Dataset\Part_I\01_Train_Val_Oil_Spill_mask\Mask_oil\00502.tif,S1A_IW_GRDH_1SDV_20170709T000135_20170709T000200_017387_01D0AA_B7B5_O,subset_742_of_S1A_IW_GRDH_1SDV_20170709T000135_20170709T000200_017387_01D0AA_B7B5_Orb_NR_Cal_Spk_TC_dB,GRD,2017-07-09T00:01:35.890810,2017-07-09T00:01:38.284750,EPSG:4326,2048,2048,-89.26269497585996,29.631007748789653,-89.07872000567228,29.81498271897733,29.72299523388349,-89.17070749076612,97583,2.3265600204467773,-112945852.99720675,739.2649385651189,1024.364146418946,20.0,,,
00503,D:\SIH_Dataset\Part_I\01_Train_Val_Oil_Spill_images\Oil\00503.tif,D:\SIH_Dataset\Part_I\01_Train_Val_Oil_Spill_mask\Mask_oil\00503.tif,S1A_IW_GRDH_1SDV_20170709T000135_20170709T000200_017387_01D0AA_B7B5_O,subset_743_of_S1A_IW_GRDH_1SDV_20170709T000135_20170709T000200_017387_01D0AA_B7B5_Orb_NR_Cal_Spk_TC_dB,GRD,2017-07-09T00:01:35.987878,2017-07-09T00:01:38.381817,EPSG:4326,2048,2048,-89.35378414566968,29.62355173193146,-89.169809175482,29.807526702119137,29.7155392170253,-89.26179666057584,63869,1.5227556228637695,-221813517.92685074,859.6085033427797,1707.154339350859,20.0,,,
00505,D:\SIH_Dataset\Part_I\01_Train_Val_Oil_Spill_images\Oil\00505.tif,D:\SIH_Dataset\Part_I\01_Train_Val_Oil_Spill_mask\Mask_oil\00505.tif,S1A_IW_GRDH_1SDV_20170709T000135_20170709T000200_017387_01D0AA_B7B5_O,subset_745_of_S1A_IW_GRDH_1SDV_20170709T000135_20170709T000200_017387_01D0AA_B7B5_Orb_NR_Cal_Spk_TC_dB,GRD,2017-07-09T00:01:46.541326,2017-07-09T00:01:48.935265,EPSG:4326,2048,2048,-88.8135373338002,28.812912019542004,-88.62956236361252,28.99688698972968,28.904899504635843,-88.72154984870636,44090,1.051187515258789,-81790009.47799744,980.682444998866,1675.3982308913585,20.0,,,
00508,D:\SIH_Dataset\Part_I\01_Train_Val_Oil_Spill_images\Oil\00508.tif,D:\SIH_Dataset\Part_I\01_Train_Val_Oil_Spill_mask\Mask_oil\00508.tif,S1B_IW_GRDH_1SDV_20180615T154858_20180615T154923_011386_014E8F_4E24_O,subset_764_of_S1B_IW_GRDH_1SDV_20180615T154858_20180615T154923_011386_014E8F_4E24_Orb_NR_Cal_Spk_TC_dB,GRD,2018-06-15T15:49:13.859132,2018-06-15T15:49:16.268198,EPSG:4326,2048,2048,31.837758774305513,34.65278385341866,32.02173374449319,34.83675882360634,34.7447713385125,31.92974625939935,137056,3.267669677734375,-178624602.47711748,1305.7951056502452,1249.0596179663787,20.0,,,
00514,D:\SIH_Dataset\Part_I\01_Train_Val_Oil_Spill_images\Oil\00514.tif,D:\SIH_Dataset\Part_I\01_Train_Val_Oil_Spill_mask\Mask_oil\00514.tif,S1A_IW_GRDH_1SDV_20171013T000139_20171013T000204_018787_01FB66_8385_O,subset_787_of_S1A_IW_GRDH_1SDV_20171013T000139_20171013T000204_018787_01FB66_8385_Orb_NR_Cal_Spk_TC_dB,GRD,2017-10-13T00:01:48.727588,2017-10-13T00:01:51.121313,EPSG:4326,2048,2048,-88.99434845026308,28.95706245070912,-88.8103734800754,29.141037420896797,29.04904993580296,-88.90236096516924,80156,1.9110679626464844,-61200947.73542547,1330.038075752283,702.392684265682,20.0,,,
00516,D:\SIH_Dataset\Part_I\01_Train_Val_Oil_Spill_images\Oil\00516.tif,D:\SIH_Dataset\Part_I\01_Train_Val_Oil_Spill_mask\Mask_oil\00516.tif,S1A_IW_GRDH_1SDV_20171013T000139_20171013T000204_018787_01FB66_8385_O,subset_789_of_S1A_IW_GRDH_1SDV_20171013T000139_20171013T000204_018787_01FB66_8385_Orb_NR_Cal_Spk_TC_dB,GRD,2017-10-13T00:01:51.017238,2017-10-13T00:01:53.410964,EPSG:4326,2048,2048,-89.11993292698298,28.781172318078518,-88.9359579567953,28.965147288266195,28.873159803172356,-89.02794544188914,178162,4.247713088989258,-221939532.64196217,740.1851348772466,1006.095929547266,20.0,,,
00518,D:\SIH_Dataset\Part_I\01_Train_Val_Oil_Spill_images\Oil\00518.tif,D:\SIH_Dataset\Part_I\01_Train_Val_Oil_Spill_mask\Mask_oil\00518.tif,S1A_IW_GRDH_1SDV_20171013T000139_20171013T000204_018787_01FB66_8385_O,subset_791_of_S1A_IW_GRDH_1SDV_20171013T000139_20171013T000204_018787_01FB66_8385_Orb_NR_Cal_Spk_TC_dB,GRD,2017-10-13T00:01:50.030280,2017-10-13T00:01:52.424005,EPSG:4326,2048,2048,-89.08633593535691,28.856990128058207,-88.90236096516924,29.040965098245884,28.948977613152046,-88.99434845026308,197000,4.696846008300781,-109673001.41904181,1349.824918781726,841.0578274111675,20.0,,,
00519,D:\SIH_Dataset\Part_I\01_Train_Val_Oil_Spill_images\Oil\00519.tif,D:\SIH_Dataset\Part_I\01_Train_Val_Oil_Spill_mask\Mask_oil\00519.tif,S1A_IW_GRDH_1SDV_20171013T000139_20171013T000204_018787_01FB66_8385_O,subset_792_of_S1A_IW_GRDH_1SDV_20171013T000139_20171013T000204_018787_01FB66_8385_Orb_NR_Cal_Spk_TC_dB,GRD,2017-10-13T00:01:52.001858,2017-10-13T00:01:54.395584,EPSG:4326,2048,2048,-90.53298286890299,28.705534171155655,-90.34900789871531,28.889509141343332,28.797521656249494,-90.44099538380915,71627,1.7077207565307617,-55288864.6932085,934.9418026721767,896.3178480182054,20.0,,,
00525,D:\SIH_Dataset\Part_I\01_Train_Val_Oil_Spill_images\Oil\00525.tif,D:\SIH_Dataset\Part_I\01_Train_Val_Oil_Spill_mask\Mask_oil\00525.tif,S1A_IW_GRDH_1SDV_20171118T000138_20171118T000203_019312_020B93_770E_O,subset_824_of_S1A_IW_GRDH_1SDV_20171118T000138_20171118T000203_019312_020B93_770E_Orb_NR_Cal_Spk_TC_dB,GRD,2017-11-18T00:01:49.706219,2017-11-18T00:01:52.100070,EPSG:4326,2048,2048,-89.13799302886984,28.857632675141527,-88.95401805868217,29.041607645329204,28.949620160235366,-89.046005543776,205455,4.898428916931152,-402404174.0906718,1486.6335815628727,1132.4610571658027,20.0,,,
00527,D:\SIH_Dataset\Part_I\01_Train_Val_Oil_Spill_images\Oil\00527.tif,D:\SIH_Dataset\Part_I\01_Train_Val_Oil_Spill_mask\Mask_oil\00527.tif,S1A_IW_GRDH_1SDV_20171118T000138_20171118T000203_019312_020B93_770E_O,subset_826_of_S1A_IW_GRDH_1SDV_20171118T000138_20171118T000203_019312_020B93_770E_Orb_NR_Cal_Spk_TC_dB,GRD,2017-11-18T00:02:00.620634,2017-11-18T00:02:03.014485,EPSG:4326,2048,2048,-90.28918406546902,28.01923502047278,-90.10520909528134,28.203209990660458,28.11122250556662,-90.19719658037518,62082,1.4801502227783203,-212729746.09519464,1019.1232402306626,1179.328968138913,20.0,,,
00532,D:\SIH_Dataset\Part_I\01_Train_Val_Oil_Spill_images\Oil\00532.tif,D:\SIH_Dataset\Part_I\01_Train_Val_Oil_Spill_mask\Mask_oil\00532.tif,S1A_IW_GRDH_1SDV_20151225T051051_20151225T051116_009194_00D3ED_5016_O,subset_852_of_S1A_IW_GRDH_1SDV_20151225T051051_20151225T051116_009194_00D3ED_5016_Orb_NR_Cal_Spk_TC_dB,GRD,2015-12-25T05:10:58.509408,2015-12-25T05:11:00.932986,EPSG:4326,2048,2048,13.12041457233327,44.21302505913728,13.30438954252095,44.39700002932496,44.30501254423112,13.21240205742711,58332,1.3907432556152344,-161363413.54816294,1313.3604882397312,865.0684872797093,20.0,,,
00538,D:\SIH_Dataset\Part_I\01_Train_Val_Oil_Spill_images\Oil\00538.tif,D:\SIH_Dataset\Part_I\01_Train_Val_Oil_Spill_mask\Mask_oil\00538.tif,S1A_IW_GRDH_1SDV_20180111T172520_20180111T172545_020110_02249A_F770_O,subset_867_of_S1A_IW_GRDH_1SDV_20180111T172520_20180111T172545_020110_02249A_F770_Orb_NR_Cal_Spk_TC_dB,GRD,2018-01-11T17:25:29.472107,2018-01-11T17:25:31.887018,EPSG:4326,2048,2048,5.008542525556587,53.9216351713434,5.192517495744265,54.10561014153107,54.013622656437235,5.100530010650425,297047,7.082152366638184,-306244275.41495234,958.3774470033362,1152.5088975818642,20.0,,,
00539,D:\SIH_Dataset\Part_I\01_Train_Val_Oil_Spill_images\Oil\00539.tif,D:\SIH_Dataset\Part_I\01_Train_Val_Oil_Spill_mask\Mask_oil\00539.tif,S1A_IW_GRDH_1SDV_20180111T172520_20180111T172545_020110_02249A_F770_O,subset_868_of_S1A_IW_GRDH_1SDV_20180111T172520_20180111T172545_020110_02249A_F770_Orb_NR_Cal_Spk_TC_dB,GRD,2018-01-11T17:25:27.177528,2018-01-11T17:25:29.592439,EPSG:4326,2048,2048,5.113106424628099,54.096357494104645,5.297081394815777,54.28033246429232,54.18834497919848,5.205093909721938,189376,4.51507568359375,-144698585.40400037,1022.4568477526192,999.4625612538019,20.0,,,
00540,D:\SIH_Dataset\Part_I\01_Train_Val_Oil_Spill_images\Oil\00540.tif,D:\SIH_Dataset\Part_I\01_Train_Val_Oil_Spill_mask\Mask_oil\00540.tif,S1A_IW_GRDH_1SDV_20180111T172520_20180111T172545_020110_02249A_F770_O,subset_869_of_S1A_IW_GRDH_1SDV_20180111T172520_20180111T172545_020110_02249A_F770_Orb_NR_Cal_Spk_TC_dB,GRD,2018-01-11T17:25:25.143669,2018-01-11T17:25:27.558581,EPSG:4326,2048,2048,5.173742706306166,54.25122704908685,5.357717676493844,54.43520201927453,54.34321453418069,5.265730191400005,198862,4.741239547729492,-209532407.142767,531.7822862085266,1125.2149078255272,20.0,,,
00541,D:\SIH_Dataset\Part_I\01_Train_Val_Oil_Spill_images\Oil\00541.tif,D:\SIH_Dataset\Part_I\01_Train_Val_Oil_Spill_mask\Mask_oil\00541.tif,S1A_IW_GRDH_1SDV_20180111T172520_20180111T172545_020110_02249A_F770_O,subset_870_of_S1A_IW_GRDH_1SDV_20180111T172520_20180111T172545_020110_02249A_F770_Orb_NR_Cal_Spk_TC_dB,GRD,2018-01-11T17:25:23.795235,2018-01-11T17:25:26.210147,EPSG:4326,2048,2048,5.211831274352834,54.353904486061715,5.395806244540512,54.53787945624939,54.445891971155554,5.303818759446672,284255,6.777167320251465,-221932088.73243707,1237.3147754656911,888.41558635732,20.0,,,
00542,D:\SIH_Dataset\Part_I\01_Train_Val_Oil_Spill_images\Oil\00542.tif,D:\SIH_Dataset\Part_I\01_Train_Val_Oil_Spill_mask\Mask_oil\00542.tif,S1A_IW_GRDH_1SDV_20180111T172520_20180111T172545_020110_02249A_F770_O,subset_871_of_S1A_IW_GRDH_1SDV_20180111T172520_20180111T172545_020110_02249A_F770_Orb_NR_Cal_Spk_TC_dB,GRD,2018-01-11T17:25:22.424387,2018-01-11T17:25:24.839298,EPSG:4326,2048,2048,5.243002814711781,54.458288722076404,5.426977784899459,54.64226369226408,54.55027620717024,5.33499029980562,202727,4.833388328552246,-71522342.404826,753.4953237605253,1053.282031993765,20.0,,,
00544,D:\SIH_Dataset\Part_I\01_Train_Val_Oil_Spill_images\Oil\00544.tif,D:\SIH_Dataset\Part_I\01_Train_Val_Oil_Spill_mask\Mask_oil\00544.tif,S1A_IW_GRDH_1SDV_20180111T172520_20180111T172545_020110_02249A_F770_O,subset_873_of_S1A_IW_GRDH_1SDV_20180111T172520_20180111T172545_020110_02249A_F770_Orb_NR_Cal_Spk_TC_dB,GRD,2018-01-11T17:25:20.411764,2018-01-11T17:25:22.826675,EPSG:4326,2048,2048,5.266179349042066,54.61154130954719,5.4501543192297435,54.79551627973487,54.70352879464103,5.358166834135904,124097,2.95870304107666,-265357968.7163348,1828.3007606952626,957.6652819971474,20.0,,,
00545,D:\SIH_Dataset\Part_I\01_Train_Val_Oil_Spill_images\Oil\00545.tif,D:\SIH_Dataset\Part_I\01_Train_Val_Oil_Spill_mask\Mask_oil\00545.tif,S1A_IW_GRDH_1SDV_20180428T000939_20180428T001004_021660_0255A1_FE8D_O,subset_874_of_S1A_IW_GRDH_1SDV_20180428T000939_20180428T001004_021660_0255A1_FE8D_Orb_NR_Cal_Spk_TC_dB,GRD,2018-04-28T00:09:51.637975,2018-04-28T00:09:54.030677,EPSG:4326,2048,2048,-91.15496949188785,27.985103159305233,-90.97099452170018,28.16907812949291,28.07709064439907,-91.06298200679402,94795,2.2600889205932617,-239637364.93564606,1003.5267313676882,942.893470119732,20.0,,,
00546,D:\SIH_Dataset\Part_I\01_Train_Val_Oil_Spill_images\Oil\00546.tif,D:\SIH_Dataset\Part_I\01_Train_Val_Oil_Spill_mask\Mask_oil\00546.tif,S1A_IW_GRDH_1SDV_20180428T000939_20180428T001004_021660_0255A1_FE8D_O,subset_875_of_S1A_IW_GRDH_1SDV_20180428T000939_20180428T001004_021660_0255A1_FE8D_Orb_NR_Cal_Spk_TC_dB,GRD,2018-04-28T00:09:51.800449,2018-04-28T00:09:54.193152,EPSG:4326,2048,2048,-90.40083381086951,27.97261657685597,-90.21685884068184,28.156591547043647,28.064604061949808,-90.30884632577568,74775,1.7827749252319336,-789959545.10744,1257.1451086593113,1427.145336008024,20.0,,,
00549,D:\SIH_Dataset\Part_I\01_Train_Val_Oil_Spill_images\Oil\00549.tif,D:\SIH_Dataset\Part_I\01_Train_Val_Oil_Spill_mask\Mask_oil\00549.tif,S1A_IW_GRDH_1SDV_20180415T174133_20180415T174158_021481_025009_5821_O,subset_878_of_S1A_IW_GRDH_1SDV_20180415T174133_20180415T174158_021481_025009_5821_Orb_NR_Cal_Spk_TC_dB,GRD,2018-04-15T17:41:41.835184,2018-04-15T17:41:44.256209,EPSG:4326,2048,2048,2.085062721101459,53.060447042711246,2.269037691289137,53.24442201289892,53.152434527805084,2.177050206195298,228765,5.4541826248168945,-160983510.32782325,1632.3720083928922,563.8425043166568,20.0,,,
00553,D:\SIH_Dataset\Part_I\01_Train_Val_Oil_Spill_images\Oil\00553.tif,D:\SIH_Dataset\Part_I\01_Train_Val_Oil_Spill_mask\Mask_oil\00553.tif,S1A_IW_GRDH_1SDV_20170814T000137_20170814T000202_017912_01E0A9_DA58_O,subset_887_of_S1A_IW_GRDH_1SDV_20170814T000137_20170814T000202_017912_01E0A9_DA58_Orb_NR_Cal_Spk_TC_dB,GRD,2017-08-14T00:01:49.421237,2017-08-14T00:01:51.815066,EPSG:4326,2048,2048,-88.94001291772511,28.75359994883727,-88.75603794753744,28.937574919024946,28.845587433931108,-88.84802543263127,327020,7.796764373779297,-447856526.2606594,141.0035930524127,1284.2590820133325,20.0,,,
00555,D:\SIH_Dataset\Part_I\01_Train_Val_Oil_Spill_images\Oil\00555.tif,D:\SIH_Dataset\Part_I\01_Train_Val_Oil_Spill_mask\Mask_oil\00555.tif,S1A_IW_GRDH_1SDV_20170814T000137_20170814T000202_017912_01E0A9_DA58_O,subset_889_of_S1A_IW_GRDH_1SDV_20170814T000137_20170814T000202_017912_01E0A9_DA58_Orb_NR_Cal_Spk_TC_dB,GRD,2017-08-14T00:01:48.537146,2017-08-14T00:01:50.930975,EPSG:4326,2048,2048,-88.77184829653794,28.821512584316707,-88.58787332635026,29.005487554504384,28.913500069410546,-88.6798608114441,290212,6.919193267822266,-53744126.56762781,484.9123502818629,378.1878730031839,20.0,,,
00562,D:\SIH_Dataset\Part_I\01_Train_Val_Oil_Spill_images\Oil\00562.tif,D:\SIH_Dataset\Part_I\01_Train_Val_Oil_Spill_mask\Mask_oil\00562.tif,S1A_IW_GRDH_1SDV_20180508T002530_20180508T002555_021806_025A34_BAC9_O,subset_896_of_S1A_IW_GRDH_1SDV_20180508T002530_20180508T002555_021806_025A34_BAC9_Orb_NR_Cal_Spk_TC_dB,GRD,2018-05-08T00:25:39.695686,2018-05-08T00:25:42.082300,EPSG:4326,2048,2048,-95.1037839890708,26.047887789906493,-94.91980901888313,26.23186276009417,26.139875275000332,-95.01179650397697,191758,4.571866989135742,-100753001.49560276,617.9671460903847,1824.1885501517538,20.0,,,
00571,D:\SIH_Dataset\Part_I\01_Train_Val_Oil_Spill_images\Oil\00571.tif,D:\SIH_Dataset\Part_I\01_Train_Val_Oil_Spill_mask\Mask_oil\00571.tif,S1A_IW_GRDH_1SDV_20180813T174303_20180813T174328_023231_028668_93C1_O,subset_905_of_S1A_IW_GRDH_1SDV_20180813T174303_20180813T174328_023231_028668_93C1_Orb_NR_Cal_Spk_TC_dB,GRD,2018-08-13T17:43:10.600270,2018-08-13T17:43:13.019040,EPSG:4326,2048,2048,0.0913286153337638,58.19880151871649,0.2753035855214418,58.38277648890417,58.29078900381033,0.1833161004276028,140002,3.3379077911376953,-383474544.2635704,1040.627748175026,843.7955600634276,20.0,,,
00572,D:\SIH_Dataset\Part_I\01_Train_Val_Oil_Spill_images\Oil\00572.tif,D:\SIH_Dataset\Part_I\01_Train_Val_Oil_Spill_mask\Mask_oil\00572.tif,S1A_IW_GRDH_1SDV_20180813T174303_20180813T174328_023231_028668_93C1_O,subset_906_of_S1A_IW_GRDH_1SDV_20180813T174303_20180813T174328_023231_028668_93C1_Orb_NR_Cal_Spk_TC_dB,GRD,2018-08-13T17:43:08.730952,2018-08-13T17:43:11.149722,EPSG:4326,2048,2048,-0.034705019028205,58.3409149966642,0.149269951159473,58.52488996685188,58.43290248175804,0.057282466065634,190038,4.530858993530273,-266907535.95973662,751.8738831181132,899.3471147875688,20.0,,,
00573,D:\SIH_Dataset\Part_I\01_Train_Val_Oil_Spill_images\Oil\00573.tif,D:\SIH_Dataset\Part_I\01_Train_Val_Oil_Spill_mask\Mask_oil\00573.tif,S1A_IW_GRDH_1SDV_20180813T174303_20180813T174328_023231_028668_93C1_O,subset_907_of_S1A_IW_GRDH_1SDV_20180813T174303_20180813T174328_023231_028668_93C1_Orb_NR_Cal_Spk_TC_dB,GRD,2018-08-13T17:43:08.055067,2018-08-13T17:43:10.473837,EPSG:4326,2048,2048,-0.3677104948513117,58.39229863091584,-0.1837355246636337,58.576273601103516,58.48428611600968,-0.27572300975747266,165536,3.946685791015625,-329265305.3445319,746.2522109994201,1014.1425550937561,20.0,,,
00574,D:\SIH_Dataset\Part_I\01_Train_Val_Oil_Spill_images\Oil\00574.tif,D:\SIH_Dataset\Part_I\01_Train_Val_Oil_Spill_mask\Mask_oil\00574.tif,S1A_IW_GRDH_1SDV_20180813T174303_20180813T174328_023231_028668_93C1_O,subset_908_of_S1A_IW_GRDH_1SDV_20180813T174303_20180813T174328_023231_028668_93C1_Orb_NR_Cal_Spk_TC_dB,GRD,2018-08-13T17:43:07.552879,2018-08-13T17:43:09.971649,EPSG:4326,2048,2048,-0.3457017703903835,58.43047703049092,-0.16172680020270552,58.6144520006786,58.52246451558476,-0.2537142852965445,143978,3.4327030181884766,-155755856.26636136,1008.4958743696953,795.6877022878496,20.0,,,
00591,D:\SIH_Dataset\Part_I\01_Train_Val_Oil_Spill_images\Oil\00591.tif,D:\SIH_Dataset\Part_I\01_Train_Val_Oil_Spill_mask\Mask_oil\00591.tif,S1A_IW_GRDH_1SDV_20180601T002531_20180601T002556_022156_026562_C426_O,subset_925_of_S1A_IW_GRDH_1SDV_20180601T002531_20180601T002556_022156_026562_C426_Orb_NR_Cal_Spk_TC_dB,GRD,2018-06-01T00:25:40.329774,2018-06-01T00:25:42.716379,EPSG:4326,2048,2048,-94.96883230445852,26.095299391137132,-94.78485733427084,26.27927436132481,26.18728687623097,-94.87684481936468,52771,1.2581586837768555,-297134261.5234109,1638.3506376608364,1438.6298819427336,20.0,,,
00596,D:\SIH_Dataset\Part_I\01_Train_Val_Oil_Spill_images\Oil\00596.tif,D:\SIH_Dataset\Part_I\01_Train_Val_Oil_Spill_mask\Mask_oil\00596.tif,S1A_IW_GRDH_1SDV_20170428T000130_20170428T000155_016337_01B092_EA60_O,subset_930_of_S1A_IW_GRDH_1SDV_20170428T000130_20170428T000155_016337_01B092_EA60_Orb_NR_Cal_Spk_TC_dB,GRD,2017-04-28T00:01:49.720159,2017-04-28T00:01:52.113989,EPSG:4326,2048,2048,-89.92379910265565,28.25074077883678,-89.73982413246797,28.434715749024456,28.342728263930617,-89.83181161756181,101848,2.4282455444335938,-421692686.9487783,711.3735959469012,1198.1926007383552,20.0,,,
00597,D:\SIH_Dataset\Part_I\01_Train_Val_Oil_Spill_images\Oil\00597.tif,D:\SIH_Dataset\Part_I\01_Train_Val_Oil_Spill_mask\Mask_oil\00597.tif,S1A_IW_GRDH_1SDV_20170428T000130_20170428T000155_016337_01B092_EA60_O,subset_931_of_S1A_IW_GRDH_1SDV_20170428T000130_20170428T000155_016337_01B092_EA60_Orb_NR_Cal_Spk_TC_dB,GRD,2017-04-28T00:01:53.341893,2017-04-28T00:01:55.735722,EPSG:4326,2048,2048,-90.58442016259714,27.972532535344964,-90.40044519240946,28.15650750553264,28.064520020438803,-90.4924326775033,60303,1.4377355575561523,-77362905.59313294,976.1132530719865,603.7565046515099,20.0,,,
00603,D:\SIH_Dataset\Part_I\01_Train_Val_Oil_Spill_images\Oil\00603.tif,D:\SIH_Dataset\Part_I\01_Train_Val_Oil_Spill_mask\Mask_oil\00603.tif,S1A_IW_GRDH_1SDV_20180529T000114_20180529T000139_022112_026401_D19B_O,subset_937_of_S1A_IW_GRDH_1SDV_20180529T000114_20180529T000139_022112_026401_D19B_Orb_NR_Cal_Spk_TC_dB,GRD,2018-05-29T00:01:22.159189,2018-05-29T00:01:24.549126,EPSG:4326,2048,2048,-90.51203161760796,27.562647809741232,-90.32805664742028,27.74662277992891,27.65463529483507,-90.42004413251412,128556,3.065013885498047,-3737827.3222462814,1094.6834609041973,1045.6529683562028,20.0,,,
00604,D:\SIH_Dataset\Part_I\01_Train_Val_Oil_Spill_images\Oil\00604.tif,D:\SIH_Dataset\Part_I\01_Train_Val_Oil_Spill_mask\Mask_oil\00604.tif,S1A_IW_GRDH_1SDV_20180529T000114_20180529T000139_022112_026401_D19B_O,subset_938_of_S1A_IW_GRDH_1SDV_20180529T000114_20180529T000139_022112_026401_D19B_Orb_NR_Cal_Spk_TC_dB,GRD,2018-05-29T00:01:23.539212,2018-05-29T00:01:25.929149,EPSG:4326,2048,2048,-90.5250571892277,27.456466943158304,-90.34108221904002,27.64044191334598,27.548454428252143,-90.43306970413386,63075,1.5038251876831055,-55188319.1431328,355.69608402695206,1411.5278398731668,20.0,,,
00606,D:\SIH_Dataset\Part_I\01_Train_Val_Oil_Spill_images\Oil\00606.tif,D:\SIH_Dataset\Part_I\01_Train_Val_Oil_Spill_mask\Mask_oil\00606.tif,S1A_IW_GRDH_1SDV_20180529T000114_20180529T000139_022112_026401_D19B_O,subset_940_of_S1A_IW_GRDH_1SDV_20180529T000114_20180529T000139_022112_026401_D19B_Orb_NR_Cal_Spk_TC_dB,GRD,2018-05-29T00:01:25.519345,2018-05-29T00:01:27.909282,EPSG:4326,2048,2048,-90.66321807992527,27.304112670971634,-90.4792431097376,27.48808764115931,27.396100156065472,-90.57123059483143,51828,1.2356758117675781,-86583481.28832585,1754.333834992668,1713.7208458748166,20.0,,,
00607,D:\SIH_Dataset\Part_I\01_Train_Val_Oil_Spill_images\Oil\00607.tif,D:\SIH_Dataset\Part_I\01_Train_Val_Oil_Spill_mask\Mask_oil\00607.tif,S1A_IW_GRDH_1SDV_20180529T000114_20180529T000139_022112_026401_D19B_O,subset_941_of_S1A_IW_GRDH_1SDV_20180529T000114_20180529T000139_022112_026401_D19B_Orb_NR_Cal_Spk_TC_dB,GRD,2018-05-29T00:01:26.671699,2018-05-29T00:01:29.061636,EPSG:4326,2048,2048,-90.57446452985427,27.215448952429036,-90.39048955966659,27.399423922616712,27.307436437522874,-90.48247704476043,108482,2.5864124298095703,-54381814.13176001,1134.5757084124555,1084.4328920926973,20.0,,,
00608,D:\SIH_Dataset\Part_I\01_Train_Val_Oil_Spill_images\Oil\00608.tif,D:\SIH_Dataset\Part_I\01_Train_Val_Oil_Spill_mask\Mask_oil\00608.tif,S1A_IW_GRDH_1SDV_20180529T000114_20180529T000139_022112_026401_D19B_O,subset_942_of_S1A_IW_GRDH_1SDV_20180529T000114_20180529T000139_022112_026401_D19B_Orb_NR_Cal_Spk_TC_dB,GRD,2018-05-29T00:01:28.907522,2018-05-29T00:01:31.297459,EPSG:4326,2048,2048,-90.50179082336899,27.04342157552015,-90.31781585318132,27.227396545707826,27.135409060613988,-90.40980333827515,114921,2.7399301528930664,-68542479.76061757,1413.3584679910548,1168.2247413440537,20.0,,,
00611,D:\SIH_Dataset\Part_I\01_Train_Val_Oil_Spill_images\Oil\00611.tif,D:\SIH_Dataset\Part_I\01_Train_Val_Oil_Spill_mask\Mask_oil\00611.tif,S1A_IW_GRDH_1SDV_20180505T000112_20180505T000137_021762_0258D5_08D3_O,subset_945_of_S1A_IW_GRDH_1SDV_20180505T000112_20180505T000137_021762_0258D5_08D3_Orb_NR_Cal_Spk_TC_dB,GRD,2018-05-05T00:01:14.751213,2018-05-05T00:01:17.141159,EPSG:4326,2048,2048,-89.24141978515763,28.030702869089207,-89.05744481496995,28.214677839276884,28.122690354183046,-89.1494323000638,42561,1.0147333145141602,-150800996.32034487,842.65074833768,899.3730527948121,20.0,,,
00612,D:\SIH_Dataset\Part_I\01_Train_Val_Oil_Spill_images\Oil\00612.tif,D:\SIH_Dataset\Part_I\01_Train_Val_Oil_Spill_mask\Mask_oil\00612.tif,S1A_IW_GRDH_1SDV_20170726T040010_20170726T040035_017637_01D857_C98D_O,subset_946_of_S1A_IW_GRDH_1SDV_20170726T040010_20170726T040035_017637_01D857_C98D_Orb_NR_Cal_Spk_TC_dB,GRD,2017-07-26T04:00:32.533161,2017-07-26T04:00:34.933622,EPSG:4326,2048,2048,30.634908864622954,31.578194994708856,30.81888383481063,31.762169964896533,31.670182479802694,30.726896349716792,69378,1.6541004180908203,-445218709.06219727,1285.369901121393,941.9491481449451,20.0,,,
00615,D:\SIH_Dataset\Part_I\01_Train_Val_Oil_Spill_images\Oil\00615.tif,D:\SIH_Dataset\Part_I\01_Train_Val_Oil_Spill_mask\Mask_oil\00615.tif,S1A_IW_GRDH_1SDV_20170215T000134_20170215T000159_015287_0190E3_D910_O,subset_949_of_S1A_IW_GRDH_1SDV_20170215T000134_20170215T000159_015287_0190E3_D910_Orb_NR_Cal_Spk_TC_dB,GRD,2017-02-15T00:01:48.344179,2017-02-15T00:01:50.738775,EPSG:4326,2048,2048,-88.88391145613922,28.984177295154208,-88.69993648595154,29.168152265341885,29.076164780248046,-88.79192397104538,76172,1.8160820007324219,-145636474.62838838,1047.537218400462,320.2910518300688,20.0,,,
00616,D:\SIH_Dataset\Part_I\01_Train_Val_Oil_Spill_images\Oil\00616.tif,D:\SIH_Dataset\Part_I\01_Train_Val_Oil_Spill_mask\Mask_oil\00616.tif,S1A_IW_GRDH_1SDV_20170215T000134_20170215T000159_015287_0190E3_D910_O,subset_950_of_S1A_IW_GRDH_1SDV_20170215T000134_20170215T000159_015287_0190E3_D910_Orb_NR_Cal_Spk_TC_dB,GRD,2017-02-15T00:01:48.958328,2017-02-15T00:01:51.352924,EPSG:4326,2048,2048,-88.99305676315974,28.937015742737934,-88.80908179297207,29.12099071292561,29.029003227831772,-88.9010692780659,194204,4.630184173583984,-253051978.86207396,874.1672674095281,991.2781817058351,20.0,,,
00617,D:\SIH_Dataset\Part_I\01_Train_Val_Oil_Spill_images\Oil\00617.tif,D:\SIH_Dataset\Part_I\01_Train_Val_Oil_Spill_mask\Mask_oil\00617.tif,S1A_IW_GRDH_1SDV_20170215T000134_20170215T000159_015287_0190E3_D910_O,subset_951_of_S1A_IW_GRDH_1SDV_20170215T000134_20170215T000159_015287_0190E3_D910_Orb_NR_Cal_Spk_TC_dB,GRD,2017-02-15T00:01:49.726892,2017-02-15T00:01:52.121488,EPSG:4326,2048,2048,-89.10166308100979,28.87799642857128,-88.91768811082211,29.061971398758956,28.969983913665118,-89.00967559591595,178560,4.2572021484375,-296479585.8931828,536.8664202508961,1145.0708389336917,20.0,,,
00634,D:\SIH_Dataset\Part_I\01_Train_Val_Oil_Spill_images\Oil\00634.tif,D:\SIH_Dataset\Part_I\01_Train_Val_Oil_Spill_mask\Mask_oil\00634.tif,S1A_IW_GRDH_1SDV_20151031T180410_20151031T180435_008400_00BDD5_B96D_O,subset_968_of_S1A_IW_GRDH_1SDV_20151031T180410_20151031T180435_008400_00BDD5_B96D_Orb_NR_Cal_Spk_TC_dB,GRD,2015-10-31T18:04:28.691212,2015-10-31T18:04:31.108744,EPSG:4326,2048,2048,-1.7006014480325664,45.58314648519668,-1.5166264778448884,45.767121455384355,45.67513397029052,-1.6086139629387275,74817,1.7837762832641602,-662335275.5726107,905.8093013619899,704.6622224895411,20.0,,,
00638,D:\SIH_Dataset\Part_I\01_Train_Val_Oil_Spill_images\Oil\00638.tif,D:\SIH_Dataset\Part_I\01_Train_Val_Oil_Spill_mask\Mask_oil\00638.tif,S1A_IW_GRDH_1SDV_20191014T031500_20191014T031525_029449_03598E_ED4C_O,subset_972_of_S1A_IW_GRDH_1SDV_20191014T031500_20191014T031525_029449_03598E_ED4C_Orb_NR_Cal_Spk_TC_dB,GRD,2019-10-14T03:15:00.564464,2019-10-14T03:15:02.937951,EPSG:4326,2048,2048,39.020623258993794,18.999639510831628,39.20459822918147,19.183614481019305,19.091626995925466,39.11261074408763,138574,3.303861618041992,-634926932.8829787,1670.0462713063057,925.481006538023,20.0,,,
00639,D:\SIH_Dataset\Part_I\01_Train_Val_Oil_Spill_images\Oil\00639.tif,D:\SIH_Dataset\Part_I\01_Train_Val_Oil_Spill_mask\Mask_oil\00639.tif,S1A_IW_GRDH_1SDV_20191014T031500_20191014T031525_029449_03598E_ED4C_O,subset_973_of_S1A_IW_GRDH_1SDV_20191014T031500_20191014T031525_029449_03598E_ED4C_Orb_NR_Cal_Spk_TC_dB,GRD,2019-10-14T03:15:00.612004,2019-10-14T03:15:02.985491,EPSG:4326,2048,2048,39.12788210391766,18.995956418166738,39.31185707410534,19.179931388354415,19.087943903260577,39.2198695890115,57686,1.3753414154052734,-233794144.81110543,1778.2254619838436,269.6470547446521,20.0,,,
00642,D:\SIH_Dataset\Part_I\01_Train_Val_Oil_Spill_images\Oil\00642.tif,D:\SIH_Dataset\Part_I\01_Train_Val_Oil_Spill_mask\Mask_oil\00642.tif,S1A_IW_GRDH_1SDV_20191014T031500_20191014T031525_029449_03598E_ED4C_O,subset_976_of_S1A_IW_GRDH_1SDV_20191014T031500_20191014T031525_029449_03598E_ED4C_Orb_NR_Cal_Spk_TC_dB,GRD,2019-10-14T03:15:04.905615,2019-10-14T03:15:07.279102,EPSG:4326,2048,2048,39.357042332896555,18.66331026845728,39.54101730308423,18.847285238644957,18.75529775355112,39.44902981799039,159190,3.7953853607177734,-351681418.7386057,905.2024122118223,967.8546768013066,20.0,,,
00643,D:\SIH_Dataset\Part_I\01_Train_Val_Oil_Spill_images\Oil\00643.tif,D:\SIH_Dataset\Part_I\01_Train_Val_Oil_Spill_mask\Mask_oil\00643.tif,S1A_IW_GRDH_1SDV_20191014T031500_20191014T031525_029449_03598E_ED4C_O,subset_977_of_S1A_IW_GRDH_1SDV_20191014T031500_20191014T031525_029449_03598E_ED4C_Orb_NR_Cal_Spk_TC_dB,GRD,2019-10-14T03:15:03.188402,2019-10-14T03:15:05.561889,EPSG:4326,2048,2048,39.201813451800696,18.79635076203538,39.38578842198837,18.980325732223058,18.88833824712922,39.293800936894534,217507,5.1857709884643555,-234562131.82895947,1067.937075588372,920.7782852965652,20.0,,,
00644,D:\SIH_Dataset\Part_I\01_Train_Val_Oil_Spill_images\Oil\00644.tif,D:\SIH_Dataset\Part_I\01_Train_Val_Oil_Spill_mask\Mask_oil\00644.tif,S1A_IW_GRDH_1SDV_20191014T031500_20191014T031525_029449_03598E_ED4C_O,subset_978_of_S1A_IW_GRDH_1SDV_20191014T031500_20191014T031525_029449_03598E_ED4C_Orb_NR_Cal_Spk_TC_dB,GRD,2019-10-14T03:15:01.279873,2019-10-14T03:15:03.653360,EPSG:4326,2048,2048,39.05026766336974,18.944213457801457,39.234242633557415,19.128188427989134,19.036200942895295,39.142255148463576,192756,4.595661163330078,-418406977.82724345,1342.3875728900787,1091.6955736786404,20.0,,,
00645,D:\SIH_Dataset\Part_I\01_Train_Val_Oil_Spill_images\Oil\00645.tif,D:\SIH_Dataset\Part_I\01_Train_Val_Oil_Spill_mask\Mask_oil\00645.tif,S1A_IW_GRDH_1SDV_20191014T031500_20191014T031525_029449_03598E_ED4C_O,subset_979_of_S1A_IW_GRDH_1SDV_20191014T031500_20191014T031525_029449_03598E_ED4C_Orb_NR_Cal_Spk_TC_dB,GRD,2019-10-14T03:15:02.198193,2019-10-14T03:15:04.571680,EPSG:4326,2048,2048,38.884977651091745,18.87306688729919,39.06895262127942,19.057041857486865,18.965054372393027,38.976965136185584,140737,3.35543155670166,-263559243.03088784,732.4665404264692,1012.3033921427912,20.0,,,
00646,D:\SIH_Dataset\Part_I\01_Train_Val_Oil_Spill_images\Oil\00646.tif,D:\SIH_Dataset\Part_I\01_Train_Val_Oil_Spill_mask\Mask_oil\00646.tif,S1A_IW_GRDH_1SDV_20191014T031500_20191014T031525_029449_03598E_ED4C_O,subset_980_of_S1A_IW_GRDH_1SDV_20191014T031500_20191014T031525_029449_03598E_ED4C_Orb_NR_Cal_Spk_TC_dB,GRD,2019-10-14T03:15:04.371087,2019-10-14T03:15:06.744574,EPSG:4326,2048,2048,38.76711868581526,18.704722603055192,38.95109365600294,18.88869757324287,18.79671008814903,38.8591061709091,101515,2.4203062057495117,-28293238.84353132,926.6333201989854,1021.3788750430971,20.0,,,
00647,D:\SIH_Dataset\Part_I\01_Train_Val_Oil_Spill_images\Oil\00647.tif,D:\SIH_Dataset\Part_I\01_Train_Val_Oil_Spill_mask\Mask_oil\00647.tif,S1A_IW_GRDH_1SDV_20191014T031500_20191014T031525_029449_03598E_ED4C_O,subset_981_of_S1A_IW_GRDH_1SDV_20191014T031500_20191014T031525_029449_03598E_ED4C_Orb_NR_Cal_Spk_TC_dB,GRD,2019-10-14T03:15:08.214814,2019-10-14T03:15:10.588301,EPSG:4326,2048,2048,38.993943295055445,18.406931086369568,39.17791826524312,18.590906056557245,18.498918571463406,39.08593078014928,123970,2.9556751251220703,-133355035.54362947,1044.2595063321771,718.084351052674,20.0,,,
00648,D:\SIH_Dataset\Part_I\01_Train_Val_Oil_Spill_images\Oil\00648.tif,D:\SIH_Dataset\Part_I\01_Train_Val_Oil_Spill_mask\Mask_oil\00648.tif,S1A_IW_GRDH_1SDV_20191014T031500_20191014T031525_029449_03598E_ED4C_O,subset_982_of_S1A_IW_GRDH_1SDV_20191014T031500_20191014T031525_029449_03598E_ED4C_Orb_NR_Cal_Spk_TC_dB,GRD,2019-10-14T03:15:10.076964,2019-10-14T03:15:12.450450,EPSG:4326,2048,2048,39.01352656824925,18.262661651739975,39.197501538436924,18.446636621927652,18.354649136833814,39.105514053343086,118858,2.8337955474853516,-249103446.89089647,968.8549024886839,801.1909841996331,20.0,,,
00650,D:\SIH_Dataset\Part_I\01_Train_Val_Oil_Spill_images\Oil\00650.tif,D:\SIH_Dataset\Part_I\01_Train_Val_Oil_Spill_mask\Mask_oil\00650.tif,S1A_IW_GRDH_1SDV_20191014T031500_20191014T031525_029449_03598E_ED4C_O,subset_984_of_S1A_IW_GRDH_1SDV_20191014T031500_20191014T031525_029449_03598E_ED4C_Orb_NR_Cal_Spk_TC_dB,GRD,2019-10-14T03:15:11.744318,2019-10-14T03:15:14.117805,EPSG:4326,2048,2048,39.23999185137578,18.133483913883587,39.423966821563454,18.317458884071264,18.225471398977426,39.331979336469615,88282,2.104806900024414,-329744669.070842,1311.0786796855532,1026.7085022994495,20.0,,,
00651,D:\SIH_Dataset\Part_I\01_Train_Val_Oil_Spill_images\Oil\00651.tif,D:\SIH_Dataset\Part_I\01_Train_Val_Oil_Spill_mask\Mask_oil\00651.tif,S1A_IW_GRDH_1SDV_20191014T031500_20191014T031525_029449_03598E_ED4C_O,subset_985_of_S1A_IW_GRDH_1SDV_20191014T031500_20191014T031525_029449_03598E_ED4C_Orb_NR_Cal_Spk_TC_dB,GRD,2019-10-14T03:15:12.106080,2019-10-14T03:15:14.479567,EPSG:4326,2048,2048,39.38938168312485,18.105456477019057,39.57335665331253,18.289431447206734,18.197443962112896,39.48136916821869,62414,1.4880657196044922,-198792659.90914556,1331.9491940910693,745.0376678309353,20.0,,,
00652,D:\SIH_Dataset\Part_I\01_Train_Val_Oil_Spill_images\Oil\00652.tif,D:\SIH_Dataset\Part_I\01_Train_Val_Oil_Spill_mask\Mask_oil\00652.tif,S1A_IW_GRDH_1SDV_20191014T031500_20191014T031525_029449_03598E_ED4C_O,subset_986_of_S1A_IW_GRDH_1SDV_20191014T031500_20191014T031525_029449_03598E_ED4C_Orb_NR_Cal_Spk_TC_dB,GRD,2019-10-14T03:15:12.588430,2019-10-14T03:15:14.961917,EPSG:4326,2048,2048,39.57407530553983,18.068086561199685,39.758050275727506,18.252061531387362,18.160074046293524,39.66606279063367,109539,2.6116132736206055,-326247587.2516659,1229.964619907065,1121.5666429308283,20.0,,,
00653,D:\SIH_Dataset\Part_I\01_Train_Val_Oil_Spill_images\Oil\00653.tif,D:\SIH_Dataset\Part_I\01_Train_Val_Oil_Spill_mask\Mask_oil\00653.tif,S1A_IW_GRDH_1SDV_20191014T031500_20191014T031525_029449_03598E_ED4C_O,subset_987_of_S1A_IW_GRDH_1SDV_20191014T031500_20191014T031525_029449_03598E_ED4C_Orb_NR_Cal_Spk_TC_dB,GRD,2019-10-14T03:15:12.755398,2019-10-14T03:15:15.128884,EPSG:4326,2048,2048,39.658606773775475,18.055150821108363,39.84258174396315,18.23912579129604,18.1471383062022,39.75059425886931,218374,5.206441879272461,-18547231.651566204,1184.031565113063,1120.7161108923224,20.0,,,
00655,D:\SIH_Dataset\Part_I\01_Train_Val_Oil_Spill_images\Oil\00655.tif,D:\SIH_Dataset\Part_I\01_Train_Val_Oil_Spill_mask\Mask_oil\00655.tif,S1A_IW_GRDH_1SDV_20191014T031500_20191014T031525_029449_03598E_ED4C_O,subset_989_of_S1A_IW_GRDH_1SDV_20191014T031500_20191014T031525_029449_03598E_ED4C_Orb_NR_Cal_Spk_TC_dB,GRD,2019-10-14T03:15:13.823293,2019-10-14T03:15:16.196780,EPSG:4326,2048,2048,39.976969710467436,17.972415983440957,40.16094468065511,18.156390953628634,18.064403468534795,40.068957195561275,125062,2.981710433959961,-313286295.7153699,1323.2681310070204,1129.0067486526682,20.0,,,
00658,D:\SIH_Dataset\Part_I\01_Train_Val_Oil_Spill_images\Oil\00658.tif,D:\SIH_Dataset\Part_I\01_Train_Val_Oil_Spill_mask\Mask_oil\00658.tif,S1A_IW_GRDH_1SDV_20191014T031500_20191014T031525_029449_03598E_ED4C_O,subset_992_of_S1A_IW_GRDH_1SDV_20191014T031500_20191014T031525_029449_03598E_ED4C_Orb_NR_Cal_Spk_TC_dB,GRD,2019-10-14T03:15:19.457280,2019-10-14T03:15:21.830767,EPSG:4326,2048,2048,39.99385803780888,17.53592458688728,40.177833007996554,17.719899557074957,17.627912071981118,40.085845522902716,139782,3.332662582397461,-495253382.560011,1028.0397905309696,1111.583208138387,20.0,,,
00659,D:\SIH_Dataset\Part_I\01_Train_Val_Oil_Spill_images\Oil\00659.tif,D:\SIH_Dataset\Part_I\01_Train_Val_Oil_Spill_mask\Mask_oil\00659.tif,S1A_IW_GRDH_1SDV_20191014T031500_20191014T031525_029449_03598E_ED4C_O,subset_993_of_S1A_IW_GRDH_1SDV_20191014T031500_20191014T031525_029449_03598E_ED4C_Orb_NR_Cal_Spk_TC_dB,GRD,2019-10-14T03:15:21.031875,2019-10-14T03:15:23.405362,EPSG:4326,2048,2048,39.826412068849,17.41393337130385,40.01038703903668,17.59790834149153,17.50592085639769,39.91839955394284,90404,2.1553993225097656,-106336620.4489818,996.8884341400823,1285.892582186629,20.0,,,
00662,D:\SIH_Dataset\Part_I\01_Train_Val_Oil_Spill_images\Oil\00662.tif,D:\SIH_Dataset\Part_I\01_Train_Val_Oil_Spill_mask\Mask_oil\00662.tif,S1A_IW_GRDH_1SDV_20180522T035948_20180522T040013_022012_0260D6_92E3_O,subset_996_of_S1A_IW_GRDH_1SDV_20180522T035948_20180522T040013_022012_0260D6_92E3_Orb_NR_Cal_Spk_TC_dB,GRD,2018-05-22T03:59:54.019526,2018-05-22T03:59:56.423368,EPSG:4326,2048,2048,31.534374990690008,34.30783082817809,31.718349960877685,34.49180579836577,34.39981831327193,31.626362475783846,113522,2.706575393676758,-262971926.13704318,961.6766529835627,781.4024241997146,20.0,,,
00667,D:\SIH_Dataset\Part_I\01_Train_Val_Oil_Spill_images\Oil\00667.tif,D:\SIH_Dataset\Part_I\01_Train_Val_Oil_Spill_mask\Mask_oil\00667.tif,S1A_IW_GRDH_1SDV_20180827T045138_20180827T045203_023427_028CAE_388B_O,subset_1001_of_S1A_IW_GRDH_1SDV_20180827T045138_20180827T045203_023427_028CAE_388B_Orb_NR_Cal_Spk_TC_dB,GRD,2018-08-27T04:51:52.879428,2018-08-27T04:51:55.172323,EPSG:4326,2048,2048,11.196155683316611,-4.735115125423573,11.38013065350429,-4.551140155235895,-4.643127640329734,11.28814316841045,140808,3.3571243286132812,-71557545.13002197,1038.5670558490995,1052.0361698198965,20.0,,,
00668,D:\SIH_Dataset\Part_I\01_Train_Val_Oil_Spill_images\Oil\00668.tif,D:\SIH_Dataset\Part_I\01_Train_Val_Oil_Spill_mask\Mask_oil\00668.tif,S1A_IW_GRDH_1SDV_20180827T045138_20180827T045203_023427_028CAE_388B_O,subset_1002_of_S1A_IW_GRDH_1SDV_20180827T045138_20180827T045203_023427_028CAE_388B_Orb_NR_Cal_Spk_TC_dB,GRD,2018-08-27T04:51:52.469463,2018-08-27T04:51:54.762358,EPSG:4326,2048,2048,11.1652536375429,-4.702236786024799,11.349228607730579,-4.518261815837121,-4.61024930093096,11.257241122636739,137959,3.289198875427246,-98151487.36445186,1389.0941330395262,1382.5743336788466,20.0,,,
00675,D:\SIH_Dataset\Part_I\01_Train_Val_Oil_Spill_images\Oil\00675.tif,D:\SIH_Dataset\Part_I\01_Train_Val_Oil_Spill_mask\Mask_oil\00675.tif,S1A_IW_GRDH_1SDV_20181107T045139_20181107T045204_024477_02AF04_4293_O,subset_1009_of_S1A_IW_GRDH_1SDV_20181107T045139_20181107T045204_024477_02AF04_4293_Orb_NR_Cal_Spk_TC_dB,GRD,2018-11-07T04:51:54.378271,2018-11-07T04:51:56.671229,EPSG:4326,2048,2048,11.280313017203959,-4.756929217625696,11.464287987391637,-4.572954247438018,-4.664941732531856,11.372300502297797,106232,2.5327682495117188,-5865631.415825274,792.0765211988854,523.4017527675277,20.0,,,
00677,D:\SIH_Dataset\Part_I\01_Train_Val_Oil_Spill_images\Oil\00677.tif,D:\SIH_Dataset\Part_I\01_Train_Val_Oil_Spill_mask\Mask_oil\00677.tif,S1A_IW_GRDH_1SDV_20181107T045139_20181107T045204_024477_02AF04_4293_O,subset_1011_of_S1A_IW_GRDH_1SDV_20181107T045139_20181107T045204_024477_02AF04_4293_Orb_NR_Cal_Spk_TC_dB,GRD,2018-11-07T04:51:52.663313,2018-11-07T04:51:54.956271,EPSG:4326,2048,2048,11.219227577883832,-4.619397147626997,11.40320254807151,-4.435422177439319,-4.527409662533158,11.31121506297767,122649,2.924180030822754,-69255920.19881012,1127.3567375192622,998.3699867100424,20.0,,,
00679,D:\SIH_Dataset\Part_I\01_Train_Val_Oil_Spill_images\Oil\00679.tif,D:\SIH_Dataset\Part_I\01_Train_Val_Oil_Spill_mask\Mask_oil\00679.tif,S1A_IW_GRDH_1SDV_20181107T045139_20181107T045204_024477_02AF04_4293_O,subset_1013_of_S1A_IW_GRDH_1SDV_20181107T045139_20181107T045204_024477_02AF04_4293_Orb_NR_Cal_Spk_TC_dB,GRD,2018-11-07T04:51:50.162005,2018-11-07T04:51:52.454964,EPSG:4326,2048,2048,11.14089448510861,-4.418803344683107,11.32486945529629,-4.23482837449543,-4.326815859589269,11.232881970202449,75135,1.7913579940795898,-63787033.74776815,1022.2769747787316,962.2316164237706,20.0,,,
00681,D:\SIH_Dataset\Part_I\01_Train_Val_Oil_Spill_images\Oil\00681.tif,D:\SIH_Dataset\Part_I\01_Train_Val_Oil_Spill_mask\Mask_oil\00681.tif,S1A_IW_GRDH_1SDV_20181107T045139_20181107T045204_024477_02AF04_4293_O,subset_1015_of_S1A_IW_GRDH_1SDV_20181107T045139_20181107T045204_024477_02AF04_4293_Orb_NR_Cal_Spk_TC_dB,GRD,2018-11-07T04:51:47.884729,2018-11-07T04:51:50.177687,EPSG:4326,2048,2048,11.047379864031768,-4.236175847421609,11.231354834219447,-4.052200877233931,-4.144188362327769,11.139367349125607,77438,1.8462657928466797,-73398361.93668124,1183.0191378909578,1302.2219711252874,20.0,,,
00685,D:\SIH_Dataset\Part_I\01_Train_Val_Oil_Spill_images\Oil\00685.tif,D:\SIH_Dataset\Part_I\01_Train_Val_Oil_Spill_mask\Mask_oil\00685.tif,S1A_IW_GRDH_1SDV_20190211T045136_20190211T045201_025877_02E164_324F_O,subset_1019_of_S1A_IW_GRDH_1SDV_20190211T045136_20190211T045201_025877_02E164_324F_Orb_NR_Cal_Spk_TC_dB,GRD,2019-02-11T04:51:57.074398,2019-02-11T04:51:59.367356,EPSG:4326,2048,2048,11.726880082072562,-5.22976832088705,11.91085505226024,-5.045793350699372,-5.137780835793212,11.8188675671664,44878,1.0699748992919922,-8542102.102897445,158.8548509291858,1115.8356655822452,20.0,,,
00686,D:\SIH_Dataset\Part_I\01_Train_Val_Oil_Spill_images\Oil\00686.tif,D:\SIH_Dataset\Part_I\01_Train_Val_Oil_Spill_mask\Mask_oil\00686.tif,S1A_IW_GRDH_1SDV_20190211T045136_20190211T045201_025877_02E164_324F_O,subset_1020_of_S1A_IW_GRDH_1SDV_20190211T045136_20190211T045201_025877_02E164_324F_Orb_NR_Cal_Spk_TC_dB,GRD,2019-02-11T04:51:55.335918,2019-02-11T04:51:57.628875,EPSG:4326,2048,2048,11.713405352810769,-5.0903497887917,11.897380322998448,-4.906374818604022,-4.998362303697862,11.80539283790461,129604,3.0900001525878906,-58549993.90226373,1363.180195055708,1030.2930619425326,20.0,,,
00687,D:\SIH_Dataset\Part_I\01_Train_Val_Oil_Spill_images\Oil\00687.tif,D:\SIH_Dataset\Part_I\01_Train_Val_Oil_Spill_mask\Mask_oil\00687.tif,S1A_IW_GRDH_1SDV_20190211T045136_20190211T045201_025877_02E164_324F_O,subset_1021_of_S1A_IW_GRDH_1SDV_20190211T045136_20190211T045201_025877_02E164_324F_Orb_NR_Cal_Spk_TC_dB,GRD,2019-02-11T04:51:55.339278,2019-02-11T04:51:57.632236,EPSG:4326,2048,2048,11.794972380608822,-5.090619283376936,11.978947350796501,-4.9066443131892585,-4.998631798283098,11.88695986570266,96305,2.2960901260375977,-35425897.90401921,1484.6709776231764,274.4514147759722,20.0,,,
00692,D:\SIH_Dataset\Part_I\01_Train_Val_Oil_Spill_images\Oil\00692.tif,D:\SIH_Dataset\Part_I\01_Train_Val_Oil_Spill_mask\Mask_oil\00692.tif,S1A_IW_GRDH_1SDV_20190211T045136_20190211T045201_025877_02E164_324F_O,subset_1026_of_S1A_IW_GRDH_1SDV_20190211T045136_20190211T045201_025877_02E164_324F_Orb_NR_Cal_Spk_TC_dB,GRD,2019-02-11T04:51:50.335545,2019-02-11T04:51:52.628503,EPSG:4326,2048,2048,11.230920213710174,-4.6893418459607465,11.414895183897853,-4.505366875773069,-4.597354360866907,11.322907698804013,109976,2.6220321655273438,-3844905.3365140627,222.36622535825998,548.4039881428675,20.0,,,
00693,D:\SIH_Dataset\Part_I\01_Train_Val_Oil_Spill_images\Oil\00693.tif,D:\SIH_Dataset\Part_I\01_Train_Val_Oil_Spill_mask\Mask_oil\00693.tif,S1A_IW_GRDH_1SDV_20190211T045136_20190211T045201_025877_02E164_324F_O,subset_1027_of_S1A_IW_GRDH_1SDV_20190211T045136_20190211T045201_025877_02E164_324F_Orb_NR_Cal_Spk_TC_dB,GRD,2019-02-11T04:51:47.996662,2019-02-11T04:51:50.289619,EPSG:4326,2048,2048,11.126356314638663,-4.50177361463659,11.310331284826342,-4.317798644448912,-4.40978612954275,11.218343799732502,93345,2.225518226623535,-73685631.414117,1799.7481654078954,1348.9907493706144,20.0,,,
00694,D:\SIH_Dataset\Part_I\01_Train_Val_Oil_Spill_images\Oil\00694.tif,D:\SIH_Dataset\Part_I\01_Train_Val_Oil_Spill_mask\Mask_oil\00694.tif,S1A_IW_GRDH_1SDV_20190211T045136_20190211T045201_025877_02E164_324F_O,subset_1028_of_S1A_IW_GRDH_1SDV_20190211T045136_20190211T045201_025877_02E164_324F_Orb_NR_Cal_Spk_TC_dB,GRD,2019-02-11T04:51:48.771809,2019-02-11T04:51:51.064766,EPSG:4326,2048,2048,10.953610285502478,-4.563937032297661,11.137585255690157,-4.379962062109983,-4.471949547203822,11.045597770596316,123841,2.95259952545166,-137337706.52730885,1414.1605324569407,763.5873943201364,20.0,,,
00695,D:\SIH_Dataset\Part_I\01_Train_Val_Oil_Spill_images\Oil\00695.tif,D:\SIH_Dataset\Part_I\01_Train_Val_Oil_Spill_mask\Mask_oil\00695.tif,S1A_IW_GRDH_1SDV_20190620T223322_20190620T223347_027769_03226C_8B7A_O,subset_1029_of_S1A_IW_GRDH_1SDV_20190620T223322_20190620T223347_027769_03226C_8B7A_Orb_NR_Cal_Spk_TC_dB,GRD,2019-06-20T22:33:41.615072,2019-06-20T22:33:43.907647,EPSG:4326,2048,2048,106.39425406439017,-5.901264837338145,106.57822903457784,-5.717289867150467,-5.809277352244306,106.486241549484,83354,1.987314224243164,-668301262.9897977,1266.3061040861867,988.4743023730115,20.0,,,
00697,D:\SIH_Dataset\Part_I\01_Train_Val_Oil_Spill_images\Oil\00697.tif,D:\SIH_Dataset\Part_I\01_Train_Val_Oil_Spill_mask\Mask_oil\00697.tif,S1A_IW_GRDH_1SDV_20160511T042246_20160511T042311_011206_010EF7_64CA_O,subset_1031_of_S1A_IW_GRDH_1SDV_20160511T042246_20160511T042311_011206_010EF7_64CA_Orb_NR_Cal_Spk_TC_dB,GRD,2016-05-11T04:23:02.368495,2016-05-11T04:23:04.783680,EPSG:4326,2048,2048,25.256595376277318,38.97811223850193,25.440570346464995,39.162087208689606,39.07009972359577,25.348582861371156,53977,1.286911964416504,-13145575.479213968,1866.3325397854642,360.75744298497506,20.0,,,
00698,D:\SIH_Dataset\Part_I\01_Train_Val_Oil_Spill_images\Oil\00698.tif,D:\SIH_Dataset\Part_I\01_Train_Val_Oil_Spill_mask\Mask_oil\00698.tif,S1A_IW_GRDH_1SDV_20160511T042246_20160511T042311_011206_010EF7_64CA_O,subset_1032_of_S1A_IW_GRDH_1SDV_20160511T042246_20160511T042311_011206_010EF7_64CA_Orb_NR_Cal_Spk_TC_dB,GRD,2016-05-11T04:23:04.310554,2016-05-11T04:23:06.725740,EPSG:4326,2048,2048,25.1677519946779,38.83024954273586,25.351726964865577,39.01422451292353,38.922237027829695,25.25973947977174,114184,2.7223587036132812,-53306638.740314454,563.6799989490646,1140.995813774259,20.0,,,
00703,D:\SIH_Dataset\Part_I\01_Train_Val_Oil_Spill_images\Oil\00703.tif,D:\SIH_Dataset\Part_I\01_Train_Val_Oil_Spill_mask\Mask_oil\00703.tif,S1A_IW_GRDH_1SDV_20180503T001529_20180503T001554_021733_0257F1_84A5_O,subset_1037_of_S1A_IW_GRDH_1SDV_20180503T001529_20180503T001554_021733_0257F1_84A5_Orb_NR_Cal_Spk_TC_dB,GRD,2018-05-03T00:15:40.924749,2018-05-03T00:15:43.293112,EPSG:4326,2048,2048,-92.17070759536672,19.376001161239298,-91.98673262517904,19.559976131426975,19.467988646333136,-92.07872011027288,52269,1.246190071105957,-393667325.0375995,1953.2956915188736,1231.0470737913486,20.0,,,
00711,D:\SIH_Dataset\Part_I\01_Train_Val_Oil_Spill_images\Oil\00711.tif,D:\SIH_Dataset\Part_I\01_Train_Val_Oil_Spill_mask\Mask_oil\00711.tif,S1A_IW_GRDH_1SDV_20190412T045202_20190412T045227_026752_03012F_7DB1_O,subset_1045_of_S1A_IW_GRDH_1SDV_20190412T045202_20190412T045227_026752_03012F_7DB1_Orb_NR_Cal_Spk_TC_dB,GRD,2019-04-12T04:52:16.233833,2019-04-12T04:52:18.521372,EPSG:4326,2048,2048,11.03761523654063,-6.231732073650078,11.221590206728308,-6.0477571034624,-6.139744588556239,11.12960272163447,112044,2.671337127685547,-3501547.904988344,1429.7859858626969,1767.5176359287423,20.0,,,
00715,D:\SIH_Dataset\Part_I\01_Train_Val_Oil_Spill_images\Oil\00715.tif,D:\SIH_Dataset\Part_I\01_Train_Val_Oil_Spill_mask\Mask_oil\00715.tif,S1A_IW_GRDH_1SDV_20190412T045202_20190412T045227_026752_03012F_7DB1_O,subset_1049_of_S1A_IW_GRDH_1SDV_20190412T045202_20190412T045227_026752_03012F_7DB1_Orb_NR_Cal_Spk_TC_dB,GRD,2019-04-12T04:52:06.283541,2019-04-12T04:52:08.571080,EPSG:4326,2048,2048,11.400354948268092,-5.431872144670056,11.58432991845577,-5.247897174482378,-5.339884659576217,11.49234243336193,50119,1.194930076599121,-326863072.4498902,1589.7912667850517,127.06309982242263,20.0,,,
00716,D:\SIH_Dataset\Part_I\01_Train_Val_Oil_Spill_images\Oil\00716.tif,D:\SIH_Dataset\Part_I\01_Train_Val_Oil_Spill_mask\Mask_oil\00716.tif,S1A_IW_GRDH_1SDV_20190412T045202_20190412T045227_026752_03012F_7DB1_O,subset_1050_of_S1A_IW_GRDH_1SDV_20190412T045202_20190412T045227_026752_03012F_7DB1_Orb_NR_Cal_Spk_TC_dB,GRD,2019-04-12T04:52:06.493632,2019-04-12T04:52:08.781171,EPSG:4326,2048,2048,11.29076048360551,-5.448760472011503,11.474735453793189,-5.264785501823825,-5.3567729869176635,11.382747968699348,111738,2.664041519165039,-220624800.7323848,1336.852198893841,1023.9812060355474,20.0,,,
00723,D:\SIH_Dataset\Part_I\01_Train_Val_Oil_Spill_images\Oil\00723.tif,D:\SIH_Dataset\Part_I\01_Train_Val_Oil_Spill_mask\Mask_oil\00723.tif,S1A_IW_GRDH_1SDV_20181225T045203_20181225T045228_025177_02C817_C7B4_O,subset_1057_of_S1A_IW_GRDH_1SDV_20181225T045203_20181225T045228_025177_02C817_C7B4_Orb_NR_Cal_Spk_TC_dB,GRD,2018-12-25T04:52:19.373637,2018-12-25T04:52:21.661295,EPSG:4326,2048,2048,10.914749961926407,-6.382919302424447,11.098724932114086,-6.198944332236769,-6.290931817330607,11.006737447020246,142967,3.4085988998413086,-429383166.5195834,1529.0142655298075,1240.715511271832,20.0,,,
00724,D:\SIH_Dataset\Part_I\01_Train_Val_Oil_Spill_images\Oil\00724.tif,D:\SIH_Dataset\Part_I\01_Train_Val_Oil_Spill_mask\Mask_oil\00724.tif,S1A_IW_GRDH_1SDV_20181225T045203_20181225T045228_025177_02C817_C7B4_O,subset_1058_of_S1A_IW_GRDH_1SDV_20181225T045203_20181225T045228_025177_02C817_C7B4_Orb_NR_Cal_Spk_TC_dB,GRD,2018-12-25T04:52:19.275291,2018-12-25T04:52:21.562949,EPSG:4326,2048,2048,11.038986965720138,-6.375014127924195,11.222961935907817,-6.191039157736517,-6.283026642830356,11.130974450813977,53769,1.2819528579711914,-184106354.19948962,1426.5974539232643,118.82866521601666,20.0,,,
00728,D:\SIH_Dataset\Part_I\01_Train_Val_Oil_Spill_images\Oil\00728.tif,D:\SIH_Dataset\Part_I\01_Train_Val_Oil_Spill_mask\Mask_oil\00728.tif,S1A_IW_GRDH_1SDV_20160829T054424_20160829T054449_012811_014333_2E60_O,subset_1062_of_S1A_IW_GRDH_1SDV_20160829T054424_20160829T054449_012811_014333_2E60_Orb_NR_Cal_Spk_TC_dB,GRD,2016-08-29T05:44:43.921064,2016-08-29T05:44:46.331896,EPSG:4326,2048,2048,6.160584057800115,41.41284183256043,6.344559027987793,41.59681680274811,41.50482931765427,6.2525715428939534,47697,1.1371850967407227,-307145934.96913916,1925.8135626978635,360.96579449441265,20.0,,,
00729,D:\SIH_Dataset\Part_I\01_Train_Val_Oil_Spill_images\Oil\00729.tif,D:\SIH_Dataset\Part_I\01_Train_Val_Oil_Spill_mask\Mask_oil\00729.tif,S1A_IW_GRDH_1SDV_20160829T054424_20160829T054449_012811_014333_2E60_O,subset_1063_of_S1A_IW_GRDH_1SDV_20160829T054424_20160829T054449_012811_014333_2E60_Orb_NR_Cal_Spk_TC_dB,GRD,2016-08-29T05:44:46.198812,2016-08-29T05:44:48.609644,EPSG:4326,2048,2048,5.98361594682857,41.239107656611715,6.1675909170162475,41.42308262679939,41.33109514170555,6.075603431922408,82209,1.9600152969360352,-123049966.90841869,184.8257429235242,1506.9642314101861,20.0,,,
00730,D:\SIH_Dataset\Part_I\01_Train_Val_Oil_Spill_images\Oil\00730.tif,D:\SIH_Dataset\Part_I\01_Train_Val_Oil_Spill_mask\Mask_oil\00730.tif,S1A_IW_GRDH_1SDV_20180616T154120_20180616T154145_022384_026C73_CB62_O,subset_1064_of_S1A_IW_GRDH_1SDV_20180616T154120_20180616T154145_022384_026C73_CB62_Orb_NR_Cal_Spk_TC_dB,GRD,2018-06-16T15:41:33.097128,2018-06-16T15:41:35.503570,EPSG:4326,2048,2048,35.04512276912206,34.51113190497579,35.229097739309736,34.69510687516347,34.60311939006963,35.1371102542159,67520,1.60980224609375,-3505417.444704297,1129.7310130331753,814.753835900474,20.0,,,
00734,D:\SIH_Dataset\Part_I\01_Train_Val_Oil_Spill_images\Oil\00734.tif,D:\SIH_Dataset\Part_I\01_Train_Val_Oil_Spill_mask\Mask_oil\00734.tif,S1A_IW_GRDH_1SDV_20180410T173301_20180410T173326_021408_024DB2_79D2_O,subset_1068_of_S1A_IW_GRDH_1SDV_20180410T173301_20180410T173326_021408_024DB2_79D2_Orb_NR_Cal_Spk_TC_dB,GRD,2018-04-10T17:33:07.313864,2018-04-10T17:33:09.732677,EPSG:4326,2048,2048,2.97016799275973,52.215397663540195,3.154142962947408,52.39937263372787,52.30738514863403,3.062155477853569,306931,7.317805290222168,-152389636.13825655,869.0006108864859,852.2078529050503,20.0,,,
00735,D:\SIH_Dataset\Part_I\01_Train_Val_Oil_Spill_images\Oil\00735.tif,D:\SIH_Dataset\Part_I\01_Train_Val_Oil_Spill_mask\Mask_oil\00735.tif,S1A_IW_GRDH_1SDV_20180410T173301_20180410T173326_021408_024DB2_79D2_O,subset_1069_of_S1A_IW_GRDH_1SDV_20180410T173301_20180410T173326_021408_024DB2_79D2_Orb_NR_Cal_Spk_TC_dB,GRD,2018-04-10T17:33:06.022334,2018-04-10T17:33:08.441147,EPSG:4326,2048,2048,2.880336464347778,52.31358352409446,3.0643114345354556,52.49755849428214,52.4055710091883,2.9723239494416167,331102,7.894086837768555,-142005788.996183,1536.0771816539918,1053.4002965853422,20.0,,,
00736,D:\SIH_Dataset\Part_I\01_Train_Val_Oil_Spill_images\Oil\00736.tif,D:\SIH_Dataset\Part_I\01_Train_Val_Oil_Spill_mask\Mask_oil\00736.tif,S1A_IW_GRDH_1SDV_20180410T173301_20180410T173326_021408_024DB2_79D2_O,subset_1070_of_S1A_IW_GRDH_1SDV_20180410T173301_20180410T173326_021408_024DB2_79D2_Orb_NR_Cal_Spk_TC_dB,GRD,2018-04-10T17:33:05.388976,2018-04-10T17:33:07.807789,EPSG:4326,2048,2048,2.7483739491106203,52.36173322332327,2.932348919298298,52.54570819351095,52.45372070841711,2.840361434204459,110618,2.637338638305664,-54407375.86680241,1574.1800159106112,1663.4578007195935,20.0,,,
00744,D:\SIH_Dataset\Part_I\01_Train_Val_Oil_Spill_images\Oil\00744.tif,D:\SIH_Dataset\Part_I\01_Train_Val_Oil_Spill_mask\Mask_oil\00744.tif,S1A_IW_GRDH_1SDV_20171006T022305_20171006T022330_018686_01F861_636B_O,subset_1078_of_S1A_IW_GRDH_1SDV_20171006T022305_20171006T022330_018686_01F861_636B_Orb_NR_Cal_Spk_TC_dB,GRD,2017-10-06T02:23:22.900643,2017-10-06T02:23:25.285589,EPSG:4326,2048,2048,53.73749436595851,26.08962853822096,53.92146933614619,26.273603508408637,26.1816160233148,53.82948185105235,111804,2.6656150817871094,-359318162.6675865,1273.6231351293334,1376.4357804729705,20.0,,,
00745,D:\SIH_Dataset\Part_I\01_Train_Val_Oil_Spill_images\Oil\00745.tif,D:\SIH_Dataset\Part_I\01_Train_Val_Oil_Spill_mask\Mask_oil\00745.tif,S1A_IW_GRDH_1SDV_20171006T022305_20171006T022330_018686_01F861_636B_O,subset_1079_of_S1A_IW_GRDH_1SDV_20171006T022305_20171006T022330_018686_01F861_636B_Orb_NR_Cal_Spk_TC_dB,GRD,2017-10-06T02:23:23.791939,2017-10-06T02:23:26.176886,EPSG:4326,2048,2048,53.842776917257325,26.020907418985814,54.026751887445,26.20488238917349,26.112894904079653,53.93476440235116,185885,4.4318437576293945,-315948837.8967808,1044.0636226699303,1077.9368507410495,20.0,,,
00750,D:\SIH_Dataset\Part_I\01_Train_Val_Oil_Spill_images\Oil\00750.tif,D:\SIH_Dataset\Part_I\01_Train_Val_Oil_Spill_mask\Mask_oil\00750.tif,S1A_IW_GRDH_1SDV_20180205T034316_20180205T034341_020466_022FF1_BCD9_O,subset_1084_of_S1A_IW_GRDH_1SDV_20180205T034316_20180205T034341_020466_022FF1_BCD9_Orb_NR_Cal_Spk_TC_dB,GRD,2018-02-05T03:43:26.986108,2018-02-05T03:43:29.388694,EPSG:4326,2048,2048,34.38909303683328,34.049779996179936,34.57306800702096,34.23375496636761,34.141767481273774,34.48108052192712,78587,1.8736600875854492,-101851263.24971844,1142.8737513838166,1004.0958746357541,20.0,,,
00752,D:\SIH_Dataset\Part_I\01_Train_Val_Oil_Spill_images\Oil\00752.tif,D:\SIH_Dataset\Part_I\01_Train_Val_Oil_Spill_mask\Mask_oil\00752.tif,S1A_IW_GRDH_1SDV_20180205T034316_20180205T034341_020466_022FF1_BCD9_O,subset_1086_of_S1A_IW_GRDH_1SDV_20180205T034316_20180205T034341_020466_022FF1_BCD9_Orb_NR_Cal_Spk_TC_dB,GRD,2018-02-05T03:43:25.112865,2018-02-05T03:43:27.515451,EPSG:4326,2048,2048,34.48584159293296,34.19315111552541,34.669816563120634,34.37712608571309,34.28513860061925,34.577829078026795,57143,1.3623952865600586,-8269208.008335133,1409.4758500603748,900.5488773778065,20.0,,,
00754,D:\SIH_Dataset\Part_I\01_Train_Val_Oil_Spill_images\Oil\00754.tif,D:\SIH_Dataset\Part_I\01_Train_Val_Oil_Spill_mask\Mask_oil\00754.tif,S1A_IW_GRDH_1SDV_20190108T224024_20190108T224049_025392_02CFEC_DBB6_O,subset_1088_of_S1A_IW_GRDH_1SDV_20190108T224024_20190108T224049_025392_02CFEC_DBB6_Orb_NR_Cal_Spk_TC_dB,GRD,2019-01-08T22:40:31.249473,2019-01-08T22:40:33.557431,EPSG:4326,2048,2048,105.83883552912295,-0.7595270022053182,106.02281049931062,-0.5755520320176402,-0.6675395171114792,105.93082301421678,66089,1.5756845474243164,-50323632.76158206,947.9556885412096,893.5213953910636,20.0,,,
00759,D:\SIH_Dataset\Part_I\01_Train_Val_Oil_Spill_images\Oil\00759.tif,D:\SIH_Dataset\Part_I\01_Train_Val_Oil_Spill_mask\Mask_oil\00759.tif,S1A_IW_GRDH_1SDV_20190108T224024_20190108T224049_025392_02CFEC_DBB6_O,subset_1093_of_S1A_IW_GRDH_1SDV_20190108T224024_20190108T224049_025392_02CFEC_DBB6_Orb_NR_Cal_Spk_TC_dB,GRD,2019-01-08T22:40:38.525120,2019-01-08T22:40:40.833077,EPSG:4326,2048,2048,106.21648727456679,-1.3392098550476454,106.40046224475446,-1.1552348848599674,-1.2472223699538065,106.30847475966063,116870,2.786397933959961,-34777511.279512815,860.4349619235047,1159.415530076153,20.0,,,
00765,D:\SIH_Dataset\Part_I\01_Train_Val_Oil_Spill_images\Oil\00765.tif,D:\SIH_Dataset\Part_I\01_Train_Val_Oil_Spill_mask\Mask_oil\00765.tif,S1A_IW_GRDH_1SDV_20180524T034318_20180524T034343_022041_0261C3_61AF_O,subset_1099_of_S1A_IW_GRDH_1SDV_20180524T034318_20180524T034343_022041_0261C3_61AF_Orb_NR_Cal_Spk_TC_dB,GRD,2018-05-24T03:43:34.949200,2018-05-24T03:43:37.351871,EPSG:4326,2048,2048,33.906452363230365,33.64381471227289,34.09042733341804,33.82778968246057,33.73580219736673,33.9984398483242,108148,2.578449249267578,-52375271.65191186,827.504151718016,1198.385166623516,20.0,,,
00767,D:\SIH_Dataset\Part_I\01_Train_Val_Oil_Spill_images\Oil\00767.tif,D:\SIH_Dataset\Part_I\01_Train_Val_Oil_Spill_mask\Mask_oil\00767.tif,S1A_IW_GRDH_1SDV_20160925T171749_20160925T171814_013212_015050_D9F8_O,subset_1101_of_S1A_IW_GRDH_1SDV_20160925T171749_20160925T171814_013212_015050_D9F8_Orb_NR_Cal_Spk_TC_dB,GRD,2016-09-25T17:18:05.374754,2016-09-25T17:18:07.778206,EPSG:4326,2048,2048,4.675227132017484,56.16167129126917,4.8592021022051615,56.34564626145685,56.25365877636301,4.767214617111323,114747,2.735781669616699,-93074850.81469038,1140.4116578211194,928.0325193686981,20.0,,,
00768,D:\SIH_Dataset\Part_I\01_Train_Val_Oil_Spill_images\Oil\00768.tif,D:\SIH_Dataset\Part_I\01_Train_Val_Oil_Spill_mask\Mask_oil\00768.tif,S1A_IW_GRDH_1SDV_20160925T171749_20160925T171814_013212_015050_D9F8_O,subset_1102_of_S1A_IW_GRDH_1SDV_20160925T171749_20160925T171814_013212_015050_D9F8_Orb_NR_Cal_Spk_TC_dB,GRD,2016-09-25T17:18:03.876559,2016-09-25T17:18:06.280011,EPSG:4326,2048,2048,4.48640125929556,56.27629632152282,4.670376229483238,56.4602712917105,56.36828380661666,4.5783887443893985,55638,1.3265132904052734,-179412394.69342005,1368.263453035695,1306.4208454653294,20.0,,,
00776,D:\SIH_Dataset\Part_I\01_Train_Val_Oil_Spill_images\Oil\00776.tif,D:\SIH_Dataset\Part_I\01_Train_Val_Oil_Spill_mask\Mask_oil\00776.tif,S1A_IW_GRDH_1SDV_20181205T001536_20181205T001601_024883_02BD82_4AE4_O,subset_1110_of_S1A_IW_GRDH_1SDV_20181205T001536_20181205T001601_024883_02BD82_4AE4_Orb_NR_Cal_Spk_TC_dB,GRD,2018-12-05T00:15:50.433915,2018-12-05T00:15:52.808941,EPSG:4326,2048,2048,-92.1364794402375,19.212522868764967,-91.95250447004982,19.396497838952644,19.304510353858806,-92.04449195514366,113286,2.700948715209961,-208860385.0054572,262.12602616386846,842.5893579083029,20.0,,,
00779,D:\SIH_Dataset\Part_I\01_Train_Val_Oil_Spill_images\Oil\00779.tif,D:\SIH_Dataset\Part_I\01_Train_Val_Oil_Spill_mask\Mask_oil\00779.tif,S1A_IW_GRDH_1SDV_20171009T170355_20171009T170420_018739_01F9F0_7DBB_O,subset_1_of_S1A_IW_GRDH_1SDV_20171009T170355_20171009T170420_018739_01F9F0_7DBB_Orb_NR_Cal_Spk_TC_dB,GRD,2017-10-09T17:04:05.975704,2017-10-09T17:04:08.381647,EPSG:4326,2048,2048,14.534000642652176,35.84427154632647,14.717975612839854,36.028246516514145,35.936259031420306,14.625988127746016,161143,3.8419485092163086,-93344934.35740787,1857.879520053617,1631.8055733106619,20.0,,,
00793,D:\SIH_Dataset\Part_I\01_Train_Val_Oil_Spill_images\Oil\00793.tif,D:\SIH_Dataset\Part_I\01_Train_Val_Oil_Spill_mask\Mask_oil\00793.tif,S1A_IW_GRDH_1SDV_20171017T155749_20171017T155814_018855_01FD8C_9271_O,subset_15_of_S1A_IW_GRDH_1SDV_20171017T155749_20171017T155814_018855_01FD8C_9271_Orb_NR_Cal_Spk_TC_dB,GRD,2017-10-17T15:58:03.546872,2017-10-17T15:58:05.939395,EPSG:4326,2048,2048,30.45791954134996,34.56236448063581,30.641894511537636,34.746339450823484,34.654351965729646,30.549907026443798,65344,1.55792236328125,-101540420.72310056,366.13927828109695,252.35059071988246,20.0,,,
00797,D:\SIH_Dataset\Part_I\01_Train_Val_Oil_Spill_images\Oil\00797.tif,D:\SIH_Dataset\Part_I\01_Train_Val_Oil_Spill_mask\Mask_oil\00797.tif,S1A_IW_GRDH_1SDV_20170818T063539_20170818T063604_017974_01E28B_B491_O,subset_19_of_S1A_IW_GRDH_1SDV_20170818T063539_20170818T063604_017974_01E28B_B491_Orb_NR_Cal_Spk_TC_dB,GRD,2017-08-18T06:35:52.005690,2017-08-18T06:35:54.402155,EPSG:4326,2048,2048,-8.41088964218349,35.48065224922315,-8.22691467199581,35.664627219410825,35.57263973431699,-8.31890215708965,207982,4.958677291870117,-207944649.5382823,959.1077160523507,925.0028127434105,20.0,,,
00801,D:\SIH_Dataset\Part_I\01_Train_Val_Oil_Spill_images\Oil\00801.tif,D:\SIH_Dataset\Part_I\01_Train_Val_Oil_Spill_mask\Mask_oil\00801.tif,S1A_IW_GRDH_1SDV_20180807T182628_20180807T182653_023144_028394_2037_O,subset_23_of_S1A_IW_GRDH_1SDV_20180807T182628_20180807T182653_023144_028394_2037_Orb_NR_Cal_Spk_TC_dB,GRD,2018-08-07T18:26:44.469068,2018-08-07T18:26:46.880865,EPSG:4326,2048,2048,-8.013309791708178,36.11645030150466,-7.8293348215205,36.30042527169234,36.2084377865985,-7.921322306614339,70605,1.683354377746582,-202806329.27860257,931.85081084909,1522.7904893421146,20.0,,,
00805,D:\SIH_Dataset\Part_I\01_Train_Val_Oil_Spill_images\Oil\00805.tif,D:\SIH_Dataset\Part_I\01_Train_Val_Oil_Spill_mask\Mask_oil\00805.tif,S1A_IW_GRDH_1SDV_20170722T153304_20170722T153329_017586_01D6B1_7B0B_O,subset_27_of_S1A_IW_GRDH_1SDV_20170722T153304_20170722T153329_017586_01D6B1_7B0B_Orb_NR_Cal_Spk_TC_dB,GRD,2017-07-22T15:33:16.375039,2017-07-22T15:33:18.786661,EPSG:4326,2048,2048,35.65791065549935,34.660209198276796,35.84188562568703,34.84418416846447,34.752196683370634,35.74989814059319,61823,1.4739751815795898,-84451360.47089559,1348.5936382899567,621.800503049027,20.0,,,
00806,D:\SIH_Dataset\Part_I\01_Train_Val_Oil_Spill_images\Oil\00806.tif,D:\SIH_Dataset\Part_I\01_Train_Val_Oil_Spill_mask\Mask_oil\00806.tif,S1A_IW_GRDH_1SDV_20170722T153304_20170722T153329_017586_01D6B1_7B0B_O,subset_28_of_S1A_IW_GRDH_1SDV_20170722T153304_20170722T153329_017586_01D6B1_7B0B_Orb_NR_Cal_Spk_TC_dB,GRD,2017-07-22T15:33:18.409661,2017-07-22T15:33:20.821282,EPSG:4326,2048,2048,35.53708724978528,34.50507014870936,35.72106221997296,34.689045118897035,34.597057633803196,35.62907473487912,79873,1.9043207168579102,-107601800.27696225,894.0473939879558,1233.105060533597,20.0,,,
00807,D:\SIH_Dataset\Part_I\01_Train_Val_Oil_Spill_images\Oil\00807.tif,D:\SIH_Dataset\Part_I\01_Train_Val_Oil_Spill_mask\Mask_oil\00807.tif,S1A_IW_GRDH_1SDV_20170722T153304_20170722T153329_017586_01D6B1_7B0B_O,subset_29_of_S1A_IW_GRDH_1SDV_20170722T153304_20170722T153329_017586_01D6B1_7B0B_Orb_NR_Cal_Spk_TC_dB,GRD,2017-07-22T15:33:20.438391,2017-07-22T15:33:22.850013,EPSG:4326,2048,2048,35.3959619186501,34.35038025678398,35.57993688883778,34.534355226971655,34.44236774187782,35.48794940374394,66167,1.5775442123413086,-1287427.3582932968,911.3372149258694,1230.7773588042378,20.0,,,
00809,D:\SIH_Dataset\Part_I\01_Train_Val_Oil_Spill_images\Oil\00809.tif,D:\SIH_Dataset\Part_I\01_Train_Val_Oil_Spill_mask\Mask_oil\00809.tif,S1B_IW_GRDH_1SDV_20180601T174553_20180601T174618_011183_014840_19C3_O,subset_31_of_S1B_IW_GRDH_1SDV_20180601T174553_20180601T174618_011183_014840_19C3_Orb_NR_Cal_Spk_TC_dB,GRD,2018-06-01T17:46:09.349658,2018-06-01T17:46:11.760560,EPSG:4326,2048,2048,2.6863305543193876,40.96311287861147,2.8703055245070654,41.147087848799146,41.05510036370531,2.7783180394132265,94433,2.251458168029785,-234373616.36550075,1574.634052714623,1607.308223820063,20.0,,,
00811,D:\SIH_Dataset\Part_I\01_Train_Val_Oil_Spill_images\Oil\00811.tif,D:\SIH_Dataset\Part_I\01_Train_Val_Oil_Spill_mask\Mask_oil\00811.tif,S1B_IW_GRDH_1SDV_20180601T174553_20180601T174618_011183_014840_19C3_O,subset_33_of_S1B_IW_GRDH_1SDV_20180601T174553_20180601T174618_011183_014840_19C3_Orb_NR_Cal_Spk_TC_dB,GRD,2018-06-01T17:46:10.803030,2018-06-01T17:46:13.213932,EPSG:4326,2048,2048,2.8440747182107753,40.85226077255112,3.028049688398453,41.036235742738796,40.94424825764496,2.936062203304614,77823,1.8554449081420898,-244355942.85757872,673.6776981098133,1109.5785371933748,20.0,,,
00817,D:\SIH_Dataset\Part_I\01_Train_Val_Oil_Spill_images\Oil\00817.tif,D:\SIH_Dataset\Part_I\01_Train_Val_Oil_Spill_mask\Mask_oil\00817.tif,S1A_IW_GRDH_1SDV_20171011T023057_20171011T023122_018759_01FA92_6AD4_O,subset_39_of_S1A_IW_GRDH_1SDV_20171011T023057_20171011T023122_018759_01FA92_6AD4_Orb_NR_Cal_Spk_TC_dB,GRD,2017-10-11T02:31:16.961387,2017-10-11T02:31:19.349630,EPSG:4326,2048,2048,51.65252700429442,27.252409909851547,51.8365019744821,27.436384880039224,27.344397394945386,51.74451448938826,47322,1.128244400024414,-6771741.001142571,846.6871645323528,749.5324373441529,20.0,,,
00825,D:\SIH_Dataset\Part_I\01_Train_Val_Oil_Spill_images\Oil\00825.tif,D:\SIH_Dataset\Part_I\01_Train_Val_Oil_Spill_mask\Mask_oil\00825.tif,S1B_IW_GRDH_1SDV_20180131T060035_20180131T060100_009411_010E90_3192_O,subset_47_of_S1B_IW_GRDH_1SDV_20180131T060035_20180131T060100_009411_010E90_3192_Orb_NR_Cal_Spk_TC_dB,GRD,2018-01-31T06:00:48.936521,2018-01-31T06:00:51.339791,EPSG:4326,2048,2048,1.7362271850566744,40.58651025070206,1.9202021552443524,40.77048522088974,40.6784977357959,1.8282146701505133,104575,2.49326229095459,-58652963.393553875,1189.790145828353,929.3046665072915,20.0,,,
00827,D:\SIH_Dataset\Part_I\01_Train_Val_Oil_Spill_images\Oil\00827.tif,D:\SIH_Dataset\Part_I\01_Train_Val_Oil_Spill_mask\Mask_oil\00827.tif,S1B_IW_GRDH_1SDV_20180131T060035_20180131T060100_009411_010E90_3192_O,subset_49_of_S1B_IW_GRDH_1SDV_20180131T060035_20180131T060100_009411_010E90_3192_Orb_NR_Cal_Spk_TC_dB,GRD,2018-01-31T06:00:48.084164,2018-01-31T06:00:50.487435,EPSG:4326,2048,2048,1.7651529372053232,40.65172794032914,1.9491279073930012,40.835702910516815,40.74371542542298,1.857140422299162,88477,2.1094560623168945,-332553567.66487044,1771.9698961311979,1030.104371757632,20.0,,,
00829,D:\SIH_Dataset\Part_I\01_Train_Val_Oil_Spill_images\Oil\00829.tif,D:\SIH_Dataset\Part_I\01_Train_Val_Oil_Spill_mask\Mask_oil\00829.tif,S1A_IW_GRDH_1SDV_20180519T175403_20180519T175428_021977_025FA2_3EEB_O,subset_51_of_S1A_IW_GRDH_1SDV_20180519T175403_20180519T175428_021977_025FA2_3EEB_Orb_NR_Cal_Spk_TC_dB,GRD,2018-05-19T17:54:20.345955,2018-05-19T17:54:22.755356,EPSG:4326,2048,2048,-0.07581730524501551,38.11890647948653,0.10815766494266249,38.30288144967421,38.21089396458037,0.01617017984882349,121437,2.8952836990356445,-717594273.8923585,1620.5376573861345,1147.0717697242192,20.0,,,
00831,D:\SIH_Dataset\Part_I\01_Train_Val_Oil_Spill_images\Oil\00831.tif,D:\SIH_Dataset\Part_I\01_Train_Val_Oil_Spill_mask\Mask_oil\00831.tif,S1A_IW_GRDH_1SDV_20180519T175403_20180519T175428_021977_025FA2_3EEB_O,subset_53_of_S1A_IW_GRDH_1SDV_20180519T175403_20180519T175428_021977_025FA2_3EEB_Orb_NR_Cal_Spk_TC_dB,GRD,2018-05-19T17:54:22.065611,2018-05-19T17:54:24.475011,EPSG:4326,2048,2048,-0.2783874018139676,37.98766261647667,-0.0944124316262896,38.171637586664346,38.07965010157051,-0.1863999167201286,231913,5.529236793518066,-297628610.89901644,1136.1757447836042,1534.3519703509505,20.0,,,
00832,D:\SIH_Dataset\Part_I\01_Train_Val_Oil_Spill_images\Oil\00832.tif,D:\SIH_Dataset\Part_I\01_Train_Val_Oil_Spill_mask\Mask_oil\00832.tif,S1A_IW_GRDH_1SDV_20180519T175403_20180519T175428_021977_025FA2_3EEB_O,subset_54_of_S1A_IW_GRDH_1SDV_20180519T175403_20180519T175428_021977_025FA2_3EEB_Orb_NR_Cal_Spk_TC_dB,GRD,2018-05-19T17:54:24.140732,2018-05-19T17:54:26.550133,EPSG:4326,2048,2048,-0.33605924305444085,37.8292896318864,-0.15208427286676285,38.013264602074074,37.921277116980235,-0.24407175796060185,199777,4.763054847717285,-213475780.59996432,845.8811099375804,1182.5070528639433,20.0,,,
00833,D:\SIH_Dataset\Part_I\01_Train_Val_Oil_Spill_images\Oil\00833.tif,D:\SIH_Dataset\Part_I\01_Train_Val_Oil_Spill_mask\Mask_oil\00833.tif,S1A_IW_GRDH_1SDV_20180519T175403_20180519T175428_021977_025FA2_3EEB_O,subset_55_of_S1A_IW_GRDH_1SDV_20180519T175403_20180519T175428_021977_025FA2_3EEB_Orb_NR_Cal_Spk_TC_dB,GRD,2018-05-19T17:54:25.865095,2018-05-19T17:54:28.274496,EPSG:4326,2048,2048,-0.4434079195067237,37.69768644276289,-0.2594329493190457,37.881661412950564,37.789673927856725,-0.35142043441288473,173772,4.143047332763672,-347988720.40820026,647.3242927514214,1398.8659162580852,20.0,,,
00835,D:\SIH_Dataset\Part_I\01_Train_Val_Oil_Spill_images\Oil\00835.tif,D:\SIH_Dataset\Part_I\01_Train_Val_Oil_Spill_mask\Mask_oil\00835.tif,S1A_IW_GRDH_1SDV_20180519T175403_20180519T175428_021977_025FA2_3EEB_O,subset_57_of_S1A_IW_GRDH_1SDV_20180519T175403_20180519T175428_021977_025FA2_3EEB_Orb_NR_Cal_Spk_TC_dB,GRD,2018-05-19T17:54:20.847374,2018-05-19T17:54:23.256775,EPSG:4326,2048,2048,-0.25332440538703294,38.08063824838304,-0.06934943519935494,38.264613218570716,38.17262573347688,-0.16133692029319394,142098,3.387880325317383,-250801459.61871082,1840.1246393334177,1573.4430815352785,20.0,,,
00837,D:\SIH_Dataset\Part_I\01_Train_Val_Oil_Spill_images\Oil\00837.tif,D:\SIH_Dataset\Part_I\01_Train_Val_Oil_Spill_mask\Mask_oil\00837.tif,S1B_IW_GRDH_1SDV_20180721T154900_20180721T154925_011911_015ECC_6373_O,subset_59_of_S1B_IW_GRDH_1SDV_20180721T154900_20180721T154925_011911_015ECC_6373_Orb_NR_Cal_Spk_TC_dB,GRD,2018-07-21T15:49:07.902530,2018-07-21T15:49:10.311483,EPSG:4326,2048,2048,30.96988558965046,35.287189365289734,31.153860559838137,35.47116433547741,35.37917685038357,31.061873074744298,51036,1.2167930603027344,-152934811.57251108,475.5337800768085,653.8055294302061,20.0,,,
00839,D:\SIH_Dataset\Part_I\01_Train_Val_Oil_Spill_images\Oil\00839.tif,D:\SIH_Dataset\Part_I\01_Train_Val_Oil_Spill_mask\Mask_oil\00839.tif,S1A_IW_GRDH_1SDV_20180906T174116_20180906T174141_023581_02919D_8911_O,subset_61_of_S1A_IW_GRDH_1SDV_20180906T174116_20180906T174141_023581_02919D_8911_Orb_NR_Cal_Spk_TC_dB,GRD,2018-09-06T17:41:23.653435,2018-09-06T17:41:26.076325,EPSG:4326,2048,2048,2.505923450320184,51.668903077197974,2.6898984205078618,51.85287804738565,51.76089056229181,2.597910935414023,64348,1.5341758728027344,-47322419.96057312,1561.331711941319,236.66878535463417,20.0,,,
00840,D:\SIH_Dataset\Part_I\01_Train_Val_Oil_Spill_images\Oil\00840.tif,D:\SIH_Dataset\Part_I\01_Train_Val_Oil_Spill_mask\Mask_oil\00840.tif,S1B_IW_GRDH_1SDV_20180706T042229_20180706T042254_011685_0157E9_18EB_O,subset_62_of_S1B_IW_GRDH_1SDV_20180706T042229_20180706T042254_011685_0157E9_18EB_Orb_NR_Cal_Spk_TC_dB,GRD,2018-07-06T04:22:44.822025,2018-07-06T04:22:47.239410,EPSG:4326,2048,2048,24.953051858415805,38.44154815052363,25.13702682860348,38.62552312071131,38.53353563561747,25.045039343509643,79320,1.8911361694335938,-990637.4431562813,484.4810010085729,1343.2142839132628,20.0,,,
00841,D:\SIH_Dataset\Part_I\01_Train_Val_Oil_Spill_images\Oil\00841.tif,D:\SIH_Dataset\Part_I\01_Train_Val_Oil_Spill_mask\Mask_oil\00841.tif,S1B_IW_GRDH_1SDV_20180706T042229_20180706T042254_011685_0157E9_18EB_O,subset_63_of_S1B_IW_GRDH_1SDV_20180706T042229_20180706T042254_011685_0157E9_18EB_Orb_NR_Cal_Spk_TC_dB,GRD,2018-07-06T04:22:43.228935,2018-07-06T04:22:45.646321,EPSG:4326,2048,2048,25.058154746657788,38.56273088235135,25.242129716845465,38.74670585253903,38.65471836744519,25.150142231751627,317875,7.578730583190918,-9751857.64299203,799.6542209988203,1029.9804309870233,20.0,,,
00842,D:\SIH_Dataset\Part_I\01_Train_Val_Oil_Spill_images\Oil\00842.tif,D:\SIH_Dataset\Part_I\01_Train_Val_Oil_Spill_mask\Mask_oil\00842.tif,S1B_IW_GRDH_1SDV_20180706T042229_20180706T042254_011685_0157E9_18EB_O,subset_64_of_S1B_IW_GRDH_1SDV_20180706T042229_20180706T042254_011685_0157E9_18EB_Orb_NR_Cal_Spk_TC_dB,GRD,2018-07-06T04:22:41.888567,2018-07-06T04:22:44.305953,EPSG:4326,2048,2048,25.129750474802115,38.66468966709892,25.313725444989792,38.848664637286596,38.75667715219276,25.221737959895954,213318,5.085897445678711,-9950356.538335875,1553.9107482725321,468.631625085553,20.0,,,
00843,D:\SIH_Dataset\Part_I\01_Train_Val_Oil_Spill_images\Oil\00843.tif,D:\SIH_Dataset\Part_I\01_Train_Val_Oil_Spill_mask\Mask_oil\00843.tif,S1B_IW_GRDH_1SDV_20180706T042229_20180706T042254_011685_0157E9_18EB_O,subset_65_of_S1B_IW_GRDH_1SDV_20180706T042229_20180706T042254_011685_0157E9_18EB_Orb_NR_Cal_Spk_TC_dB,GRD,2018-07-06T04:22:41.048919,2018-07-06T04:22:43.466304,EPSG:4326,2048,2048,25.08941611854515,38.72855988379982,25.273391088732826,38.912534853987495,38.820547368893656,25.181403603638987,55602,1.3256549835205078,-98424585.96507907,1907.5472824718536,1164.485036509478,20.0,,,
00845,D:\SIH_Dataset\Part_I\01_Train_Val_Oil_Spill_images\Oil\00845.tif,D:\SIH_Dataset\Part_I\01_Train_Val_Oil_Spill_mask\Mask_oil\00845.tif,S1A_IW_GRDH_1SDV_20190407T153311_20190407T153336_026686_02FEBD_284D_O,subset_67_of_S1A_IW_GRDH_1SDV_20190407T153311_20190407T153336_026686_02FEBD_284D_Orb_NR_Cal_Spk_TC_dB,GRD,2019-04-07T15:33:20.541078,2019-04-07T15:33:22.952610,EPSG:4326,2048,2048,35.636732068244534,34.87412723219424,35.82070703843221,35.05810220238192,34.96611471728808,35.72871955333837,225067,5.366015434265137,-319931576.43730086,1182.8519574171246,1537.3024588233725,20.0,,,
00865,D:\SIH_Dataset\Part_I\01_Train_Val_Oil_Spill_images\Oil\00865.tif,D:\SIH_Dataset\Part_I\01_Train_Val_Oil_Spill_mask\Mask_oil\00865.tif,S1A_IW_GRDH_1SDV_20190828T035214_20190828T035239_028764_0341F0_762B_O,subset_87_of_S1A_IW_GRDH_1SDV_20190828T035214_20190828T035239_028764_0341F0_762B_Orb_NR_Cal_Spk_TC_dB,GRD,2019-08-28T03:52:30.132279,2019-08-28T03:52:32.534041,EPSG:4326,2048,2048,32.72118419785085,31.867659652595272,32.90515916803853,32.05163462278295,31.95964713768911,32.81317168294469,86310,2.057790756225586,-140687432.507091,1444.557513613718,1087.953632255822,20.0,,,
00866,D:\SIH_Dataset\Part_I\01_Train_Val_Oil_Spill_images\Oil\00866.tif,D:\SIH_Dataset\Part_I\01_Train_Val_Oil_Spill_mask\Mask_oil\00866.tif,S1A_IW_GRDH_1SDV_20190828T035214_20190828T035239_028764_0341F0_762B_O,subset_88_of_S1A_IW_GRDH_1SDV_20190828T035214_20190828T035239_028764_0341F0_762B_Orb_NR_Cal_Spk_TC_dB,GRD,2019-08-28T03:52:31.455771,2019-08-28T03:52:33.857533,EPSG:4326,2048,2048,32.680490515480244,31.76632968854659,32.86446548566792,31.950304658734268,31.85831717364043,32.77247800057408,63334,1.510000228881836,-17501716.101797257,595.5367732971232,1395.4508952537342,20.0,,,
00875,D:\SIH_Dataset\Part_I\01_Train_Val_Oil_Spill_images\Oil\00875.tif,D:\SIH_Dataset\Part_I\01_Train_Val_Oil_Spill_mask\Mask_oil\00875.tif,S1A_IW_GRDH_1SDV_20180403T063513_20180403T063538_021299_024A5D_424D_O,subset_97_of_S1A_IW_GRDH_1SDV_20180403T063513_20180403T063538_021299_024A5D_424D_Orb_NR_Cal_Spk_TC_dB,GRD,2018-04-03T06:35:27.884884,2018-04-03T06:35:30.283702,EPSG:4326,2048,2048,-7.100293556085656,36.836834163341344,-6.9163185858979785,37.02080913352902,36.92882164843518,-7.008306070991818,161637,3.853726387023926,-93620317.975238,618.2402760506567,1151.867180781628,20.0,,,
00876,D:\SIH_Dataset\Part_I\01_Train_Val_Oil_Spill_images\Oil\00876.tif,D:\SIH_Dataset\Part_I\01_Train_Val_Oil_Spill_mask\Mask_oil\00876.tif,S1A_IW_GRDH_1SDV_20180403T063513_20180403T063538_021299_024A5D_424D_O,subset_98_of_S1A_IW_GRDH_1SDV_20180403T063513_20180403T063538_021299_024A5D_424D_Orb_NR_Cal_Spk_TC_dB,GRD,2018-04-03T06:35:26.956763,2018-04-03T06:35:29.355581,EPSG:4326,2048,2048,-7.040914915805356,36.90798073384361,-6.856939945617678,37.091955704031285,36.99996821893745,-6.948927430711517,134731,3.2122373580932617,-83116712.90559153,1298.7667240649887,630.5013879508057,20.0,,,
00881,D:\SIH_Dataset\Part_I\01_Train_Val_Oil_Spill_images\Oil\00881.tif,D:\SIH_Dataset\Part_I\01_Train_Val_Oil_Spill_mask\Mask_oil\00881.tif,S1A_IW_GRDH_1SDV_20180602T155724_20180602T155749_022180_02662B_E72B_O,subset_103_of_S1A_IW_GRDH_1SDV_20180602T155724_20180602T155749_022180_02662B_E72B_Orb_NR_Cal_Spk_TC_dB,GRD,2018-06-02T15:57:35.880484,2018-06-02T15:57:38.269626,EPSG:4326,2048,2048,29.907371952676304,33.271970096190586,30.09134692286398,33.45594506637826,33.363957581284424,29.999359437770142,46933,1.1189699172973633,-146749979.00271183,1432.6743336245286,1255.6529627341104,20.0,,,
00884,D:\SIH_Dataset\Part_I\01_Train_Val_Oil_Spill_images\Oil\00884.tif,D:\SIH_Dataset\Part_I\01_Train_Val_Oil_Spill_mask\Mask_oil\00884.tif,S1A_IW_GRDH_1SDV_20180602T155724_20180602T155749_022180_02662B_E72B_O,subset_106_of_S1A_IW_GRDH_1SDV_20180602T155724_20180602T155749_022180_02662B_E72B_Orb_NR_Cal_Spk_TC_dB,GRD,2018-06-02T15:57:38.997924,2018-06-02T15:57:41.387067,EPSG:4326,2048,2048,30.14237123100197,33.03203008380226,30.326346201189647,33.21600505398994,33.1240175688961,30.23435871609581,53737,1.2811899185180664,-10248895.718993157,309.9759662802166,394.6377635521149,20.0,,,
00885,D:\SIH_Dataset\Part_I\01_Train_Val_Oil_Spill_images\Oil\00885.tif,D:\SIH_Dataset\Part_I\01_Train_Val_Oil_Spill_mask\Mask_oil\00885.tif,S1A_IW_GRDH_1SDV_20180602T155724_20180602T155749_022180_02662B_E72B_O,subset_107_of_S1A_IW_GRDH_1SDV_20180602T155724_20180602T155749_022180_02662B_E72B_Orb_NR_Cal_Spk_TC_dB,GRD,2018-06-02T15:57:39.653859,2018-06-02T15:57:42.043002,EPSG:4326,2048,2048,30.251606369550906,32.981544764834744,30.435581339738583,33.16551973502242,33.07353224992858,30.343593854644745,81646,1.9465923309326172,-33202026.677289695,1378.1429341302696,1631.185606153394,20.0,,,
00890,D:\SIH_Dataset\Part_I\01_Train_Val_Oil_Spill_images\Oil\00890.tif,D:\SIH_Dataset\Part_I\01_Train_Val_Oil_Spill_mask\Mask_oil\00890.tif,S1B_IW_GRDH_1SDV_20180408T165722_20180408T165747_010395_012EDB_BCD4_O,subset_112_of_S1B_IW_GRDH_1SDV_20180408T165722_20180408T165747_010395_012EDB_BCD4_Orb_NR_Cal_Spk_TC_dB,GRD,2018-04-08T16:57:40.114143,2018-04-08T16:57:42.523144,EPSG:4326,2048,2048,13.259061637279483,43.98397128311091,13.443036607467162,44.16794625329859,44.07595876820475,13.351049122373322,67473,1.6086816787719727,-118918573.98040706,437.7784817630756,654.2644835712063,20.0,,,
00895,D:\SIH_Dataset\Part_I\01_Train_Val_Oil_Spill_images\Oil\00895.tif,D:\SIH_Dataset\Part_I\01_Train_Val_Oil_Spill_mask\Mask_oil\00895.tif,S1B_IW_GRDH_1SDV_20180404T062632_20180404T062657_010330_012CD5_1B1B_O,subset_117_of_S1B_IW_GRDH_1SDV_20180404T062632_20180404T062657_010330_012CD5_1B1B_Orb_NR_Cal_Spk_TC_dB,GRD,2018-04-04T06:26:41.655085,2018-04-04T06:26:44.053402,EPSG:4326,2048,2048,-7.2457833752767264,36.38278785118164,-7.061808405089049,36.566762821369316,36.47477533627548,-7.153795890182888,115768,2.7601242065429688,-14972601.928108703,891.722997719577,1423.1025844793035,20.0,,,
00897,D:\SIH_Dataset\Part_I\01_Train_Val_Oil_Spill_images\Oil\00897.tif,D:\SIH_Dataset\Part_I\01_Train_Val_Oil_Spill_mask\Mask_oil\00897.tif,S1B_IW_GRDH_1SDV_20180404T062632_20180404T062657_010330_012CD5_1B1B_O,subset_119_of_S1B_IW_GRDH_1SDV_20180404T062632_20180404T062657_010330_012CD5_1B1B_Orb_NR_Cal_Spk_TC_dB,GRD,2018-04-04T06:26:39.996064,2018-04-04T06:26:42.394380,EPSG:4326,2048,2048,-7.147417851665638,36.509989295412964,-6.9634428814779605,36.69396426560064,36.6019767805068,-7.0554303665718,166483,3.969264030456543,-283595020.863294,640.0974003351694,1606.9634106785677,20.0,,,
00912,D:\SIH_Dataset\Part_I\01_Train_Val_Oil_Spill_images\Oil\00912.tif,D:\SIH_Dataset\Part_I\01_Train_Val_Oil_Spill_mask\Mask_oil\00912.tif,S1A_IW_GRDH_1SDV_20190610T035930_20190610T035955_027612_031DBE_CF47_O,subset_134_of_S1A_IW_GRDH_1SDV_20190610T035930_20190610T035955_027612_031DBE_CF47_Orb_NR_Cal_Spk_TC_dB,GRD,2019-06-10T03:59:43.051758,2019-06-10T03:59:45.458871,EPSG:4326,2048,2048,30.794029881651216,35.27063875524167,30.978004851838893,35.45461372542935,35.36262624033551,30.886017366745055,90995,2.169489860534668,-66710813.6456678,889.1701577009726,944.6781086872905,20.0,,,
00921,D:\SIH_Dataset\Part_I\01_Train_Val_Oil_Spill_images\Oil\00921.tif,D:\SIH_Dataset\Part_I\01_Train_Val_Oil_Spill_mask\Mask_oil\00921.tif,S1A_IW_GRDH_1SDV_20190313T000142_20190313T000207_026312_02F101_603B_O,subset_143_of_S1A_IW_GRDH_1SDV_20190313T000142_20190313T000207_026312_02F101_603B_Orb_NR_Cal_Spk_TC_dB,GRD,2019-03-13T00:01:54.139029,2019-03-13T00:01:56.537045,EPSG:4326,2048,2048,-89.05012627025515,28.787726631260902,-88.86615130006747,28.97170160144858,28.87971411635474,-88.95813878516131,158748,3.7848472595214844,-252305028.07807082,763.4794643082117,444.1138786000454,20.0,,,
00926,D:\SIH_Dataset\Part_I\01_Train_Val_Oil_Spill_images\Oil\00926.tif,D:\SIH_Dataset\Part_I\01_Train_Val_Oil_Spill_mask\Mask_oil\00926.tif,S1A_IW_GRDH_1SDV_20190831T232736_20190831T232801_028820_0343E0_5008_O,subset_148_of_S1A_IW_GRDH_1SDV_20190831T232736_20190831T232801_028820_0343E0_5008_Orb_NR_Cal_Spk_TC_dB,GRD,2019-08-31T23:27:46.743268,2019-08-31T23:27:49.125482,EPSG:4326,2048,2048,-81.50597934134298,24.179354777098048,-81.3220043711553,24.363329747285725,24.271342262191887,-81.41399185624914,149498,3.564310073852539,-620978259.5757623,817.5457062970742,950.3041177808399,20.0,,,
00927,D:\SIH_Dataset\Part_I\01_Train_Val_Oil_Spill_images\Oil\00927.tif,D:\SIH_Dataset\Part_I\01_Train_Val_Oil_Spill_mask\Mask_oil\00927.tif,S1A_IW_GRDH_1SDV_20190831T232736_20190831T232801_028820_0343E0_5008_O,subset_149_of_S1A_IW_GRDH_1SDV_20190831T232736_20190831T232801_028820_0343E0_5008_Orb_NR_Cal_Spk_TC_dB,GRD,2019-08-31T23:27:46.775853,2019-08-31T23:27:49.158068,EPSG:4326,2048,2048,-81.60578216940866,24.176839494302513,-81.42180719922098,24.36081446449019,24.26882697939635,-81.51379468431482,378290,9.019136428833008,-1393280728.84898,930.131454704063,1111.417951835893,20.0,,,
00929,D:\SIH_Dataset\Part_I\01_Train_Val_Oil_Spill_images\Oil\00929.tif,D:\SIH_Dataset\Part_I\01_Train_Val_Oil_Spill_mask\Mask_oil\00929.tif,S1A_IW_GRDH_1SDV_20191008T040001_20191008T040026_029362_03568A_1887_O,subset_151_of_S1A_IW_GRDH_1SDV_20191008T040001_20191008T040026_029362_03568A_1887_Orb_NR_Cal_Spk_TC_dB,GRD,2019-10-08T04:00:07.709699,2019-10-08T04:00:10.113569,EPSG:4326,2048,2048,29.07098595214461,34.28013982798405,29.254960922332288,34.46411479817173,34.37212731307789,29.16297343723845,81256,1.9372940063476562,-140471013.38829437,1221.097826622034,1855.0146573791474,20.0,,,
00930,D:\SIH_Dataset\Part_I\01_Train_Val_Oil_Spill_images\Oil\00930.tif,D:\SIH_Dataset\Part_I\01_Train_Val_Oil_Spill_mask\Mask_oil\00930.tif,S1A_IW_GRDH_1SDV_20191008T040001_20191008T040026_029362_03568A_1887_O,subset_152_of_S1A_IW_GRDH_1SDV_20191008T040001_20191008T040026_029362_03568A_1887_Orb_NR_Cal_Spk_TC_dB,GRD,2019-10-08T04:00:08.044385,2019-10-08T04:00:10.448255,EPSG:4326,2048,2048,29.16665652990334,34.25453784238665,29.350631500091016,34.438512812574324,34.346525327480485,29.258644014997177,308881,7.364296913146973,-206729896.78975376,1218.246934903733,1280.6890307270437,20.0,,,
00931,D:\SIH_Dataset\Part_I\01_Train_Val_Oil_Spill_images\Oil\00931.tif,D:\SIH_Dataset\Part_I\01_Train_Val_Oil_Spill_mask\Mask_oil\00931.tif,S1A_IW_GRDH_1SDV_20191008T040001_20191008T040026_029362_03568A_1887_O,subset_153_of_S1A_IW_GRDH_1SDV_20191008T040001_20191008T040026_029362_03568A_1887_Orb_NR_Cal_Spk_TC_dB,GRD,2019-10-08T04:00:08.811228,2019-10-08T04:00:11.215098,EPSG:4326,2048,2048,29.219297805552745,34.19587785433364,29.403272775740422,34.379852824521315,34.287865339427476,29.311285290646584,388339,9.258723258972168,-250333496.867093,719.2917077604876,955.2656506299908,20.0,,,
00933,D:\SIH_Dataset\Part_I\01_Train_Val_Oil_Spill_images\Oil\00933.tif,D:\SIH_Dataset\Part_I\01_Train_Val_Oil_Spill_mask\Mask_oil\00933.tif,S1A_IW_GRDH_1SDV_20191008T040001_20191008T040026_029362_03568A_1887_O,subset_155_of_S1A_IW_GRDH_1SDV_20191008T040001_20191008T040026_029362_03568A_1887_Orb_NR_Cal_Spk_TC_dB,GRD,2019-10-08T04:00:10.272105,2019-10-08T04:00:12.675975,EPSG:4326,2048,2048,29.35269762524449,34.08412743298917,29.53667259543217,34.26810240317685,34.17611491808301,29.44468511033833,387418,9.236764907836914,-296450134.00046766,684.2595362115338,1232.3687438374056,20.0,,,
00934,D:\SIH_Dataset\Part_I\01_Train_Val_Oil_Spill_images\Oil\00934.tif,D:\SIH_Dataset\Part_I\01_Train_Val_Oil_Spill_mask\Mask_oil\00934.tif,S1A_IW_GRDH_1SDV_20191008T040001_20191008T040026_029362_03568A_1887_O,subset_156_of_S1A_IW_GRDH_1SDV_20191008T040001_20191008T040026_029362_03568A_1887_Orb_NR_Cal_Spk_TC_dB,GRD,2019-10-08T04:00:11.018984,2019-10-08T04:00:13.422854,EPSG:4326,2048,2048,29.339133064454288,34.02699458091917,29.523108034641965,34.21096955110685,34.11898206601301,29.431120549548126,194376,4.634284973144531,-11976280.357660376,397.0550325143022,1703.455740420628,20.0,,,
00935,D:\SIH_Dataset\Part_I\01_Train_Val_Oil_Spill_images\Oil\00935.tif,D:\SIH_Dataset\Part_I\01_Train_Val_Oil_Spill_mask\Mask_oil\00935.tif,S1A_IW_GRDH_1SDV_20171011T023147_20171011T023213_018759_01FA92_75B3_O,subset_157_of_S1A_IW_GRDH_1SDV_20171011T023147_20171011T023213_018759_01FA92_75B3_Orb_NR_Cal_Spk_TC_dB,GRD,2017-10-11T02:31:55.181012,2017-10-11T02:31:57.590632,EPSG:4326,2048,2048,51.684663670513,25.151060964512993,51.868638640700674,25.33503593470067,25.24304844960683,51.776651155606835,75225,1.793503761291504,-362328206.6605181,933.7637155201063,1274.764366899302,20.0,,,
00937,D:\SIH_Dataset\Part_I\01_Train_Val_Oil_Spill_images\Oil\00937.tif,D:\SIH_Dataset\Part_I\01_Train_Val_Oil_Spill_mask\Mask_oil\00937.tif,S1A_IW_GRDH_1SDV_20171011T023147_20171011T023213_018759_01FA92_75B3_O,subset_159_of_S1A_IW_GRDH_1SDV_20171011T023147_20171011T023213_018759_01FA92_75B3_Orb_NR_Cal_Spk_TC_dB,GRD,2017-10-11T02:31:54.989137,2017-10-11T02:31:57.398757,EPSG:4326,2048,2048,51.815278712823975,25.165703503644142,51.99925368301165,25.34967847383182,25.25769098873798,51.907266197917814,71063,1.6942739486694336,-470609535.9609219,925.6431405935579,958.9411156297933,20.0,,,
00939,D:\SIH_Dataset\Part_I\01_Train_Val_Oil_Spill_images\Oil\00939.tif,D:\SIH_Dataset\Part_I\01_Train_Val_Oil_Spill_mask\Mask_oil\00939.tif,S1A_IW_GRDH_1SDV_20190716T000949_20190716T001014_028135_032D7F_A3E3_O,subset_161_of_S1A_IW_GRDH_1SDV_20190716T000949_20190716T001014_028135_032D7F_A3E3_Orb_NR_Cal_Spk_TC_dB,GRD,2019-07-16T00:10:03.941234,2019-07-16T00:10:06.333871,EPSG:4326,2048,2048,-90.9986380517668,27.85172386385532,-90.81466308157913,28.035698834042996,27.943711348949158,-90.90665056667297,46060,1.0981559753417969,-337144213.57616156,1295.2936821537126,1565.315197568389,20.0,,,
00942,D:\SIH_Dataset\Part_I\01_Train_Val_Oil_Spill_images\Oil\00942.tif,D:\SIH_Dataset\Part_I\01_Train_Val_Oil_Spill_mask\Mask_oil\00942.tif,S1A_IW_GRDH_1SDV_20190704T000948_20190704T001013_027960_032833_0688_O,subset_164_of_S1A_IW_GRDH_1SDV_20190704T000948_20190704T001013_027960_032833_0688_Orb_NR_Cal_Spk_TC_dB,GRD,2019-07-04T00:10:08.279785,2019-07-04T00:10:10.672432,EPSG:4326,2048,2048,-91.64505038339021,27.45882592609667,-91.46107541320254,27.642800896284346,27.550813411190507,-91.55306289829637,60481,1.4419794082641602,-20991249.293020874,1612.4310031249483,1679.1287263768786,20.0,,,
00948,D:\SIH_Dataset\Part_I\01_Train_Val_Oil_Spill_images\Oil\00948.tif,D:\SIH_Dataset\Part_I\01_Train_Val_Oil_Spill_mask\Mask_oil\00948.tif,S1A_IW_GRDH_1SDV_20190907T001722_20190907T001747_028908_0346F0_862C_O,subset_170_of_S1A_IW_GRDH_1SDV_20190907T001722_20190907T001747_028908_0346F0_862C_Orb_NR_Cal_Spk_TC_dB,GRD,2019-09-07T00:17:23.541804,2019-09-07T00:17:25.927432,EPSG:4326,2048,2048,-92.7618867956521,26.249981392150964,-92.57791182546443,26.43395636233864,26.341968877244803,-92.66989931055826,44459,1.0599851608276367,-5535793.820859703,775.8097910434333,859.6954609865269,20.0,,,
00949,D:\SIH_Dataset\Part_I\01_Train_Val_Oil_Spill_images\Oil\00949.tif,D:\SIH_Dataset\Part_I\01_Train_Val_Oil_Spill_mask\Mask_oil\00949.tif,S1A_IW_GRDH_1SDV_20181014T172234_20181014T172259_024135_02A39B_BAD2_O,subset_171_of_S1A_IW_GRDH_1SDV_20181014T172234_20181014T172259_024135_02A39B_BAD2_Orb_NR_Cal_Spk_TC_dB,GRD,2018-10-14T17:22:46.868832,2018-10-14T17:22:49.284007,EPSG:4326,2048,2048,9.466440024980361,43.189535256937894,9.65041499516804,43.37351022712557,43.28152274203173,9.5584275100742,53895,1.284956932067871,-119857153.78850654,644.746460710641,425.34089433157067,20.0,,,
00960,D:\SIH_Dataset\Part_I\01_Train_Val_Oil_Spill_images\Oil\00960.tif,D:\SIH_Dataset\Part_I\01_Train_Val_Oil_Spill_mask\Mask_oil\00960.tif,S1A_IW_GRDH_1SDV_20191006T002544_20191006T002609_029331_035579_A39B_O,subset_182_of_S1A_IW_GRDH_1SDV_20191006T002544_20191006T002609_029331_035579_A39B_Orb_NR_Cal_Spk_TC_dB,GRD,2019-10-06T00:25:55.308264,2019-10-06T00:25:57.694826,EPSG:4326,2048,2048,-95.10619382033236,25.937541232491423,-94.92221885014469,26.1215162026791,26.02952871758526,-95.01420633523853,56551,1.348280906677246,-44142545.99820947,340.30705911478134,1148.385961344627,20.0,,,
00962,D:\SIH_Dataset\Part_I\01_Train_Val_Oil_Spill_images\Oil\00962.tif,D:\SIH_Dataset\Part_I\01_Train_Val_Oil_Spill_mask\Mask_oil\00962.tif,S1A_IW_GRDH_1SDV_20190826T001747_20190826T001812_028733_0340D4_9E2F_O,subset_184_of_S1A_IW_GRDH_1SDV_20190826T001747_20190826T001812_028733_0340D4_9E2F_Orb_NR_Cal_Spk_TC_dB,GRD,2019-08-26T00:17:57.221377,2019-08-26T00:17:59.611126,EPSG:4326,2048,2048,-92.49095457883197,27.044196337475093,-92.3069796086443,27.22817130766277,27.13618382256893,-92.39896709373814,116437,2.7760744094848633,-201011672.29551864,1275.5322406108023,951.7656887415512,20.0,,,
00963,D:\SIH_Dataset\Part_I\01_Train_Val_Oil_Spill_images\Oil\00963.tif,D:\SIH_Dataset\Part_I\01_Train_Val_Oil_Spill_mask\Mask_oil\00963.tif,S1A_IW_GRDH_1SDV_20190826T001747_20190826T001812_028733_0340D4_9E2F_O,subset_185_of_S1A_IW_GRDH_1SDV_20190826T001747_20190826T001812_028733_0340D4_9E2F_Orb_NR_Cal_Spk_TC_dB,GRD,2019-08-26T00:17:57.452530,2019-08-26T00:17:59.842279,EPSG:4326,2048,2048,-92.68139741906532,27.026409694849523,-92.49742244887764,27.2103846650372,27.11839717994336,-92.58940993397148,196827,4.692721366882324,-700711727.6241956,1414.610188134758,1152.2621362922769,20.0,,,
00965,D:\SIH_Dataset\Part_I\01_Train_Val_Oil_Spill_images\Oil\00965.tif,D:\SIH_Dataset\Part_I\01_Train_Val_Oil_Spill_mask\Mask_oil\00965.tif,S1A_IW_GRDH_1SDV_20191030T002544_20191030T002609_029681_036197_5CDB_O,subset_187_of_S1A_IW_GRDH_1SDV_20191030T002544_20191030T002609_029681_036197_5CDB_Orb_NR_Cal_Spk_TC_dB,GRD,2019-10-30T00:25:54.217449,2019-10-30T00:25:56.604027,EPSG:4326,2048,2048,-94.96457822490858,26.01940483332991,-94.7806032547209,26.20337980351759,26.11139231842375,-94.87259073981474,43112,1.0278701782226562,-69931878.12525558,957.5533262200779,291.929068472815,20.0,,,
00967,D:\SIH_Dataset\Part_I\01_Train_Val_Oil_Spill_images\Oil\00967.tif,D:\SIH_Dataset\Part_I\01_Train_Val_Oil_Spill_mask\Mask_oil\00967.tif,S1A_IW_GRDH_1SDV_20191030T002544_20191030T002609_029681_036197_5CDB_O,subset_189_of_S1A_IW_GRDH_1SDV_20191030T002544_20191030T002609_029681_036197_5CDB_Orb_NR_Cal_Spk_TC_dB,GRD,2019-10-30T00:25:54.330540,2019-10-30T00:25:56.717118,EPSG:4326,2048,2048,-95.15169729859068,26.010691175073955,-94.967722328403,26.194666145261632,26.102678660167793,-95.05970981349684,59883,1.4277219772338867,-136741943.44954857,814.5439523737956,1560.7489187248468,20.0,,,
00985,D:\SIH_Dataset\Part_I\01_Train_Val_Oil_Spill_images\Oil\00985.tif,D:\SIH_Dataset\Part_I\01_Train_Val_Oil_Spill_mask\Mask_oil\00985.tif,S1A_IW_GRDH_1SDV_20181009T171427_20181009T171452_024062_02A131_E887_O,subset_207_of_S1A_IW_GRDH_1SDV_20181009T171427_20181009T171452_024062_02A131_E887_Orb_NR_Cal_Spk_TC_dB,GRD,2018-10-09T17:14:45.793389,2018-10-09T17:14:48.211240,EPSG:4326,2048,2048,9.303997530384477,43.22100775437883,9.487972500572155,43.40498272456651,43.31299523947267,9.395985015478317,138929,3.3123254776000977,-18546758.544738814,1432.6722174635966,1201.9768910738578,20.0,,,
00986,D:\SIH_Dataset\Part_I\01_Train_Val_Oil_Spill_images\Oil\00986.tif,D:\SIH_Dataset\Part_I\01_Train_Val_Oil_Spill_mask\Mask_oil\00986.tif,S1A_IW_GRDH_1SDV_20181009T171427_20181009T171452_024062_02A131_E887_O,subset_208_of_S1A_IW_GRDH_1SDV_20181009T171427_20181009T171452_024062_02A131_E887_Orb_NR_Cal_Spk_TC_dB,GRD,2018-10-09T17:14:45.431951,2018-10-09T17:14:47.849803,EPSG:4326,2048,2048,9.190360646943358,43.24849620207289,9.374335617131036,43.43247117226057,43.34048368716673,9.282348132037196,128799,3.070807456970215,-29578948.788523283,1316.7757863026886,818.8240630750239,20.0,,,
00987,D:\SIH_Dataset\Part_I\01_Train_Val_Oil_Spill_images\Oil\00987.tif,D:\SIH_Dataset\Part_I\01_Train_Val_Oil_Spill_mask\Mask_oil\00987.tif,S1A_IW_GRDH_1SDV_20181009T171427_20181009T171452_024062_02A131_E887_O,subset_209_of_S1A_IW_GRDH_1SDV_20181009T171427_20181009T171452_024062_02A131_E887_Orb_NR_Cal_Spk_TC_dB,GRD,2018-10-09T17:14:44.615764,2018-10-09T17:14:47.033616,EPSG:4326,2048,2048,9.06351852882568,43.31056978820555,9.247493499013359,43.494544758393225,43.40255727329939,9.15550601391952,143069,3.4110307693481445,-508887346.0494151,1709.7661233390882,1177.4226596956714,20.0,,,
00989,D:\SIH_Dataset\Part_I\01_Train_Val_Oil_Spill_images\Oil\00989.tif,D:\SIH_Dataset\Part_I\01_Train_Val_Oil_Spill_mask\Mask_oil\00989.tif,S1A_IW_GRDH_1SDV_20181009T171427_20181009T171452_024062_02A131_E887_O,subset_211_of_S1A_IW_GRDH_1SDV_20181009T171427_20181009T171452_024062_02A131_E887_Orb_NR_Cal_Spk_TC_dB,GRD,2018-10-09T17:14:43.107412,2018-10-09T17:14:45.525264,EPSG:4326,2048,2048,8.95715799918593,43.42528464998761,9.141132969373608,43.60925962017529,43.51727213508145,9.04914548427977,209741,5.000615119934082,-165727812.14490572,1073.4243829294226,1006.0924211289162,20.0,,,
00991,D:\SIH_Dataset\Part_I\01_Train_Val_Oil_Spill_images\Oil\00991.tif,D:\SIH_Dataset\Part_I\01_Train_Val_Oil_Spill_mask\Mask_oil\00991.tif,S1A_IW_GRDH_1SDV_20181009T171427_20181009T171452_024062_02A131_E887_O,subset_213_of_S1A_IW_GRDH_1SDV_20181009T171427_20181009T171452_024062_02A131_E887_Orb_NR_Cal_Spk_TC_dB,GRD,2018-10-09T17:14:44.174007,2018-10-09T17:14:46.591859,EPSG:4326,2048,2048,9.034862271262268,43.34416677983162,9.218837241449947,43.528141750019294,43.436154264925456,9.126849756356108,163138,3.8895130157470703,-25422045.98485022,1138.973268030747,533.2020927067881,20.0,,,
00999,D:\SIH_Dataset\Part_I\01_Train_Val_Oil_Spill_images\Oil\00999.tif,D:\SIH_Dataset\Part_I\01_Train_Val_Oil_Spill_mask\Mask_oil\00999.tif,S1A_IW_GRDH_1SDV_20181111T001627_20181111T001652_024533_02B121_F7A2_O,subset_221_of_S1A_IW_GRDH_1SDV_20181111T001627_20181111T001652_024533_02B121_F7A2_Orb_NR_Cal_Spk_TC_dB,GRD,2018-11-11T00:16:39.488998,2018-11-11T00:16:41.866043,EPSG:4326,2048,2048,-93.53543528531954,22.35006117228921,-93.35146031513186,22.534036142476886,22.442048657383047,-93.4434478002257,187936,4.480743408203125,-45152706.18945747,802.6919004341904,923.7675751319598,20.0,,,
01000,D:\SIH_Dataset\Part_I\01_Train_Val_Oil_Spill_images\Oil\01000.tif,D:\SIH_Dataset\Part_I\01_Train_Val_Oil_Spill_mask\Mask_oil\01000.tif,S1A_IW_GRDH_1SDV_20181111T001627_20181111T001652_024533_02B121_F7A2_O,subset_222_of_S1A_IW_GRDH_1SDV_20181111T001627_20181111T001652_024533_02B121_F7A2_Orb_NR_Cal_Spk_TC_dB,GRD,2018-11-11T00:16:38.478725,2018-11-11T00:16:40.855770,EPSG:4326,2048,2048,-93.4359019518391,22.428214602007607,-93.25192698165142,22.612189572195284,22.520202087101445,-93.34391446674526,147115,3.5074949264526367,-273969716.35496724,1754.3329266220303,1012.5479896679468,20.0,,,
01002,D:\SIH_Dataset\Part_I\01_Train_Val_Oil_Spill_images\Oil\01002.tif,D:\SIH_Dataset\Part_I\01_Train_Val_Oil_Spill_mask\Mask_oil\01002.tif,S1A_IW_GRDH_1SDV_20181111T001627_20181111T001652_024533_02B121_F7A2_O,subset_224_of_S1A_IW_GRDH_1SDV_20181111T001627_20181111T001652_024533_02B121_F7A2_Orb_NR_Cal_Spk_TC_dB,GRD,2018-11-11T00:16:38.947863,2018-11-11T00:16:41.324908,EPSG:4326,2048,2048,-93.56229491231471,22.39192266452918,-93.37831994212704,22.575897634716856,22.483910149623018,-93.47030742722087,199249,4.750466346740723,-105280787.39293475,1253.2193310882362,1173.7664153897886,20.0,,,
01003,D:\SIH_Dataset\Part_I\01_Train_Val_Oil_Spill_images\Oil\01003.tif,D:\SIH_Dataset\Part_I\01_Train_Val_Oil_Spill_mask\Mask_oil\01003.tif,S1A_IW_GRDH_1SDV_20181111T001627_20181111T001652_024533_02B121_F7A2_O,subset_225_of_S1A_IW_GRDH_1SDV_20181111T001627_20181111T001652_024533_02B121_F7A2_Orb_NR_Cal_Spk_TC_dB,GRD,2018-11-11T00:16:40.502755,2018-11-11T00:16:42.879800,EPSG:4326,2048,2048,-93.57370351642302,22.271638247985575,-93.38972854623535,22.45561321817325,22.363625733079413,-93.48171603132919,72283,1.7233610153198242,-14224250.834814593,293.8853464853423,1516.6378055697744,20.0,,,
01004,D:\SIH_Dataset\Part_I\01_Train_Val_Oil_Spill_images\Oil\01004.tif,D:\SIH_Dataset\Part_I\01_Train_Val_Oil_Spill_mask\Mask_oil\01004.tif,S1A_IW_GRDH_1SDV_20181111T001627_20181111T001652_024533_02B121_F7A2_O,subset_226_of_S1A_IW_GRDH_1SDV_20181111T001627_20181111T001652_024533_02B121_F7A2_Orb_NR_Cal_Spk_TC_dB,GRD,2018-11-11T00:16:46.743224,2018-11-11T00:16:49.120269,EPSG:4326,2048,2048,-93.69201163934157,21.788883614299746,-93.5080366691539,21.972858584487422,21.880871099393584,-93.60002415424773,50863,1.2126684188842773,-351578276.8201749,858.2586654345988,1702.1539331144447,20.0,,,
01005,D:\SIH_Dataset\Part_I\01_Train_Val_Oil_Spill_images\Oil\01005.tif,D:\SIH_Dataset\Part_I\01_Train_Val_Oil_Spill_mask\Mask_oil\01005.tif,S1A_IW_GRDH_1SDV_20181111T001627_20181111T001652_024533_02B121_F7A2_O,subset_227_of_S1A_IW_GRDH_1SDV_20181111T001627_20181111T001652_024533_02B121_F7A2_Orb_NR_Cal_Spk_TC_dB,GRD,2018-11-11T00:16:46.677034,2018-11-11T00:16:49.054079,EPSG:4326,2048,2048,-93.5899630230656,21.794004011419226,-93.40598805287792,21.977978981606903,21.885991496513064,-93.49797553797175,146791,3.499770164489746,-272777994.566874,838.075450811017,1074.9211157359784,20.0,,,
01009,D:\SIH_Dataset\Part_I\01_Train_Val_Oil_Spill_images\Oil\01009.tif,D:\SIH_Dataset\Part_I\01_Train_Val_Oil_Spill_mask\Mask_oil\01009.tif,S1A_IW_GRDH_1SDV_20181118T000947_20181118T001012_024635_02B4D5_3492_O,subset_231_of_S1A_IW_GRDH_1SDV_20181118T000947_20181118T001012_024635_02B4D5_3492_Orb_NR_Cal_Spk_TC_dB,GRD,2018-11-18T00:10:04.306818,2018-11-18T00:10:06.699288,EPSG:4326,2048,2048,-90.86188089933324,27.626115015271683,-90.67790592914557,27.81008998545936,27.71810250036552,-90.7698934142394,161069,3.840184211730957,-121898676.30499187,1448.51455276931,838.4644562268345,20.0,,,
01010,D:\SIH_Dataset\Part_I\01_Train_Val_Oil_Spill_images\Oil\01010.tif,D:\SIH_Dataset\Part_I\01_Train_Val_Oil_Spill_mask\Mask_oil\01010.tif,S1A_IW_GRDH_1SDV_20181118T000947_20181118T001012_024635_02B4D5_3492_O,subset_232_of_S1A_IW_GRDH_1SDV_20181118T000947_20181118T001012_024635_02B4D5_3492_Orb_NR_Cal_Spk_TC_dB,GRD,2018-11-18T00:10:05.522337,2018-11-18T00:10:07.914808,EPSG:4326,2048,2048,-90.860084268765,27.532690225723254,-90.67610929857732,27.71666519591093,27.624677710817092,-90.76809678367115,218074,5.199289321899414,-25945718.573692188,731.0671836165706,783.6175976961948,20.0,,,
01011,D:\SIH_Dataset\Part_I\01_Train_Val_Oil_Spill_images\Oil\01011.tif,D:\SIH_Dataset\Part_I\01_Train_Val_Oil_Spill_mask\Mask_oil\01011.tif,S1A_IW_GRDH_1SDV_20181118T000947_20181118T001012_024635_02B4D5_3492_O,subset_233_of_S1A_IW_GRDH_1SDV_20181118T000947_20181118T001012_024635_02B4D5_3492_Orb_NR_Cal_Spk_TC_dB,GRD,2018-11-18T00:10:06.500597,2018-11-18T00:10:08.893068,EPSG:4326,2048,2048,-90.87778107986216,27.45750123644245,-90.69380610967448,27.641476206630127,27.54948872153629,-90.78579359476832,84278,2.0093441009521484,-121830170.76009955,832.4911483423907,656.7949049574029,20.0,,,
01012,D:\SIH_Dataset\Part_I\01_Train_Val_Oil_Spill_images\Oil\01012.tif,D:\SIH_Dataset\Part_I\01_Train_Val_Oil_Spill_mask\Mask_oil\01012.tif,S1A_IW_GRDH_1SDV_20181118T000947_20181118T001012_024635_02B4D5_3492_O,subset_234_of_S1A_IW_GRDH_1SDV_20181118T000947_20181118T001012_024635_02B4D5_3492_Orb_NR_Cal_Spk_TC_dB,GRD,2018-11-18T00:10:06.912004,2018-11-18T00:10:09.304474,EPSG:4326,2048,2048,-92.6533910704528,27.425880538441444,-92.46941610026512,27.60985550862912,27.517868023535282,-92.56140358535896,112311,2.6777029037475586,-325497453.68854415,617.0676825956496,621.8557176055774,20.0,,,
01016,D:\SIH_Dataset\Part_I\01_Train_Val_Oil_Spill_images\Oil\01016.tif,D:\SIH_Dataset\Part_I\01_Train_Val_Oil_Spill_mask\Mask_oil\01016.tif,S1A_IW_GRDH_1SDV_20180702T001802_20180702T001827_022608_02730A_4E5F_O,subset_238_of_S1A_IW_GRDH_1SDV_20180702T001802_20180702T001827_022608_02730A_4E5F_Orb_NR_Cal_Spk_TC_dB,GRD,2018-07-02T00:18:06.777456,2018-07-02T00:18:09.171296,EPSG:4326,2048,2048,-94.36562336388282,29.008026424985765,-94.18164839369514,29.192001395173442,29.100013910079603,-94.27363587878898,45574,1.086568832397461,-3425781.6322307265,1156.7874226532672,846.1475183218502,20.0,,,
01018,D:\SIH_Dataset\Part_I\01_Train_Val_Oil_Spill_images\Oil\01018.tif,D:\SIH_Dataset\Part_I\01_Train_Val_Oil_Spill_mask\Mask_oil\01018.tif,S1A_IW_GRDH_1SDV_20180702T001802_20180702T001827_022608_02730A_4E5F_O,subset_240_of_S1A_IW_GRDH_1SDV_20180702T001802_20180702T001827_022608_02730A_4E5F_Orb_NR_Cal_Spk_TC_dB,GRD,2018-07-02T00:18:10.971062,2018-07-02T00:18:13.364902,EPSG:4326,2048,2048,-94.37775062021844,28.685890564100504,-94.19377565003076,28.86986553428818,28.777878049194342,-94.2857631351246,69330,1.6529560089111328,-215577165.34826583,1361.4924419443244,1003.9189095629598,20.0,,,
01021,D:\SIH_Dataset\Part_I\01_Train_Val_Oil_Spill_images\Oil\01021.tif,D:\SIH_Dataset\Part_I\01_Train_Val_Oil_Spill_mask\Mask_oil\01021.tif,S1A_IW_GRDH_1SDV_20180702T001802_20180702T001827_022608_02730A_4E5F_O,subset_243_of_S1A_IW_GRDH_1SDV_20180702T001802_20180702T001827_022608_02730A_4E5F_Orb_NR_Cal_Spk_TC_dB,GRD,2018-07-02T00:18:15.094501,2018-07-02T00:18:17.488341,EPSG:4326,2048,2048,-94.49794520523362,28.369144594919963,-94.31397023504594,28.55311956510764,28.4611320800138,-94.40595772013978,65694,1.5662670135498047,-344357035.5853739,1937.8569427953846,957.4660851828173,20.0,,,
01023,D:\SIH_Dataset\Part_I\01_Train_Val_Oil_Spill_images\Oil\01023.tif,D:\SIH_Dataset\Part_I\01_Train_Val_Oil_Spill_mask\Mask_oil\01023.tif,S1A_IW_GRDH_1SDV_20180724T042302_20180724T042327_022931_027CEC_08F4_O,subset_245_of_S1A_IW_GRDH_1SDV_20180724T042302_20180724T042327_022931_027CEC_08F4_Orb_NR_Cal_Spk_TC_dB,GRD,2018-07-24T04:23:23.250843,2018-07-24T04:23:25.664384,EPSG:4326,2048,2048,25.685683356512108,38.61654969000091,25.869658326699785,38.800524660188586,38.70853717509475,25.777670841605946,65503,1.5617132186889648,-30171470.89975288,694.5290979039128,775.6488939437888,20.0,,,
01024,D:\SIH_Dataset\Part_I\01_Train_Val_Oil_Spill_images\Oil\01024.tif,D:\SIH_Dataset\Part_I\01_Train_Val_Oil_Spill_mask\Mask_oil\01024.tif,S1A_IW_GRDH_1SDV_20180724T042302_20180724T042327_022931_027CEC_08F4_O,subset_246_of_S1A_IW_GRDH_1SDV_20180724T042302_20180724T042327_022931_027CEC_08F4_Orb_NR_Cal_Spk_TC_dB,GRD,2018-07-24T04:23:22.273399,2018-07-24T04:23:24.686941,EPSG:4326,2048,2048,25.632862417805878,38.69102002705442,25.816837387993555,38.8749949972421,38.78300751214826,25.724849902899717,68072,1.6229629516601562,-148629018.9807099,1473.8725320249148,1338.7910007051357,20.0,,,
01028,D:\SIH_Dataset\Part_I\01_Train_Val_Oil_Spill_images\Oil\01028.tif,D:\SIH_Dataset\Part_I\01_Train_Val_Oil_Spill_mask\Mask_oil\01028.tif,S1A_IW_GRDH_1SDV_20180724T042302_20180724T042327_022931_027CEC_08F4_O,subset_250_of_S1A_IW_GRDH_1SDV_20180724T042302_20180724T042327_022931_027CEC_08F4_Orb_NR_Cal_Spk_TC_dB,GRD,2018-07-24T04:23:21.320717,2018-07-24T04:23:23.734258,EPSG:4326,2048,2048,25.327794547318888,38.763603902011276,25.511769517506565,38.94757887219895,38.855591387105115,25.419782032412726,51014,1.216268539428711,-63561102.55194175,1027.166758144823,1116.0732740032147,20.0,,,
01031,D:\SIH_Dataset\Part_I\01_Train_Val_Oil_Spill_images\Oil\01031.tif,D:\SIH_Dataset\Part_I\01_Train_Val_Oil_Spill_mask\Mask_oil\01031.tif,S1A_IW_GRDH_1SDV_20180724T042302_20180724T042327_022931_027CEC_08F4_O,subset_253_of_S1A_IW_GRDH_1SDV_20180724T042302_20180724T042327_022931_027CEC_08F4_Orb_NR_Cal_Spk_TC_dB,GRD,2018-07-24T04:23:20.974072,2018-07-24T04:23:23.387614,EPSG:4326,2048,2048,25.145706039227864,38.790014371364386,25.32968100941554,38.97398934155206,38.882001856458224,25.237693524321703,70262,1.6751766204833984,-67847649.95791708,1034.2267370698244,1106.6614528479122,20.0,,,
01032,D:\SIH_Dataset\Part_I\01_Train_Val_Oil_Spill_images\Oil\01032.tif,D:\SIH_Dataset\Part_I\01_Train_Val_Oil_Spill_mask\Mask_oil\01032.tif,S1A_IW_GRDH_1SDV_20180724T042302_20180724T042327_022931_027CEC_08F4_O,subset_254_of_S1A_IW_GRDH_1SDV_20180724T042302_20180724T042327_022931_027CEC_08F4_Orb_NR_Cal_Spk_TC_dB,GRD,2018-07-24T04:23:21.963306,2018-07-24T04:23:24.376848,EPSG:4326,2048,2048,25.11974472751681,38.71464571902676,25.303719697704487,38.89862068921444,38.8066332041206,25.21173221261065,93617,2.2320032119750977,-94893303.58241384,1142.8956973626584,1049.4282181655042,20.0,,,
01033,D:\SIH_Dataset\Part_I\01_Train_Val_Oil_Spill_images\Oil\01033.tif,D:\SIH_Dataset\Part_I\01_Train_Val_Oil_Spill_mask\Mask_oil\01033.tif,S1A_IW_GRDH_1SDV_20180724T042302_20180724T042327_022931_027CEC_08F4_O,subset_255_of_S1A_IW_GRDH_1SDV_20180724T042302_20180724T042327_022931_027CEC_08F4_Orb_NR_Cal_Spk_TC_dB,GRD,2018-07-24T04:23:22.768606,2018-07-24T04:23:25.182147,EPSG:4326,2048,2048,25.099352970567296,38.6532907851214,25.283327940754972,38.837265755309076,38.74527827021524,25.191340455661134,68956,1.6440391540527344,-96849079.49331906,794.9669209350891,1146.6400748303265,20.0,,,
01038,D:\SIH_Dataset\Part_I\01_Train_Val_Oil_Spill_images\Oil\01038.tif,D:\SIH_Dataset\Part_I\01_Train_Val_Oil_Spill_mask\Mask_oil\01038.tif,S1A_IW_GRDH_1SDV_20180719T002444_20180719T002509_022856_027A78_4DB1_O,subset_260_of_S1A_IW_GRDH_1SDV_20180719T002444_20180719T002509_022856_027A78_4DB1_Orb_NR_Cal_Spk_TC_dB,GRD,2018-07-19T00:25:03.206082,2018-07-19T00:25:05.584150,EPSG:4326,2048,2048,-93.44795067571327,22.321228497993026,-93.2639757055256,22.505203468180703,22.413215983086864,-93.35596319061943,76823,1.8316030502319336,-896744.5652504688,848.2397133670905,858.0440688335525,20.0,,,
01039,D:\SIH_Dataset\Part_I\01_Train_Val_Oil_Spill_images\Oil\01039.tif,D:\SIH_Dataset\Part_I\01_Train_Val_Oil_Spill_mask\Mask_oil\01039.tif,S1A_IW_GRDH_1SDV_20180719T002444_20180719T002509_022856_027A78_4DB1_O,subset_261_of_S1A_IW_GRDH_1SDV_20180719T002444_20180719T002509_022856_027A78_4DB1_Orb_NR_Cal_Spk_TC_dB,GRD,2018-07-19T00:24:49.431407,2018-07-19T00:24:51.809476,EPSG:4326,2048,2048,-95.2294895471791,23.38636093037354,-95.04551457699142,23.57033590056122,23.47834841546738,-95.13750206208526,146398,3.4904003143310547,-93850763.0552429,555.330550963811,907.4125807729614,20.0,,,
01040,D:\SIH_Dataset\Part_I\01_Train_Val_Oil_Spill_images\Oil\01040.tif,D:\SIH_Dataset\Part_I\01_Train_Val_Oil_Spill_mask\Mask_oil\01040.tif,S1A_IW_GRDH_1SDV_20180719T002444_20180719T002509_022856_027A78_4DB1_O,subset_262_of_S1A_IW_GRDH_1SDV_20180719T002444_20180719T002509_022856_027A78_4DB1_Orb_NR_Cal_Spk_TC_dB,GRD,2018-07-19T00:24:48.512476,2018-07-19T00:24:50.890544,EPSG:4326,2048,2048,-95.25185759775368,23.457417669347397,-95.06788262756601,23.641392639535074,23.549405154441235,-95.15987011265985,127084,3.029918670654297,-48036569.37954644,1320.685475748324,1149.7436026565106,20.0,,,
01043,D:\SIH_Dataset\Part_I\01_Train_Val_Oil_Spill_images\Oil\01043.tif,D:\SIH_Dataset\Part_I\01_Train_Val_Oil_Spill_mask\Mask_oil\01043.tif,S1A_IW_GRDH_1SDV_20190729T154128_20190729T154153_028334_033394_8B82_O,subset_265_of_S1A_IW_GRDH_1SDV_20190729T154128_20190729T154153_028334_033394_8B82_Orb_NR_Cal_Spk_TC_dB,GRD,2019-07-29T15:41:34.664641,2019-07-29T15:41:37.068369,EPSG:4326,2048,2048,35.18529088548289,35.042918185878165,35.36926585567057,35.22689315606584,35.134905670972,35.27727837057673,55925,1.3333559036254883,-434003786.0843325,922.4164953062137,1427.637773804202,20.0,,,
01045,D:\SIH_Dataset\Part_I\01_Train_Val_Oil_Spill_images\Oil\01045.tif,D:\SIH_Dataset\Part_I\01_Train_Val_Oil_Spill_mask\Mask_oil\01045.tif,S1A_IW_GRDH_1SDV_20191022T034356_20191022T034421_029566_035D93_FD78_O,subset_267_of_S1A_IW_GRDH_1SDV_20191022T034356_20191022T034421_029566_035D93_FD78_Orb_NR_Cal_Spk_TC_dB,GRD,2019-10-22T03:44:10.892149,2019-10-22T03:44:13.290424,EPSG:4326,2048,2048,33.518491909243636,32.307372106923566,33.70246687943131,32.49134707711124,32.399359592017404,33.610479394337474,54447,1.2981176376342773,-22913006.093935676,522.8557220783514,909.3976986794497,20.0,,,
01047,D:\SIH_Dataset\Part_I\01_Train_Val_Oil_Spill_images\Oil\01047.tif,D:\SIH_Dataset\Part_I\01_Train_Val_Oil_Spill_mask\Mask_oil\01047.tif,S1A_IW_GRDH_1SDV_20191022T034356_20191022T034421_029566_035D93_FD78_O,subset_269_of_S1A_IW_GRDH_1SDV_20191022T034356_20191022T034421_029566_035D93_FD78_Orb_NR_Cal_Spk_TC_dB,GRD,2019-10-22T03:44:09.995872,2019-10-22T03:44:12.394147,EPSG:4326,2048,2048,33.42192301620079,32.376093226158716,33.60589798638847,32.56006819634639,32.468080711252554,33.51391050129463,44197,1.0537385940551758,-153892963.69243744,1243.2551870036427,1961.6123831934294,20.0,,,
01048,D:\SIH_Dataset\Part_I\01_Train_Val_Oil_Spill_images\Oil\01048.tif,D:\SIH_Dataset\Part_I\01_Train_Val_Oil_Spill_mask\Mask_oil\01048.tif,S1A_IW_GRDH_1SDV_20191022T034356_20191022T034421_029566_035D93_FD78_O,subset_270_of_S1A_IW_GRDH_1SDV_20191022T034356_20191022T034421_029566_035D93_FD78_Orb_NR_Cal_Spk_TC_dB,GRD,2019-10-22T03:44:11.206139,2019-10-22T03:44:13.604414,EPSG:4326,2048,2048,33.50313071788519,32.283297257309165,33.68710568807287,32.46727222749684,32.375284742403004,33.59511820297903,44875,1.0699033737182617,-159106707.21124378,338.49948746518106,1069.9057493036212,20.0,,,
01057,D:\SIH_Dataset\Part_I\01_Train_Val_Oil_Spill_images\Oil\01057.tif,D:\SIH_Dataset\Part_I\01_Train_Val_Oil_Spill_mask\Mask_oil\01057.tif,S1A_IW_GRDH_1SDV_20191022T034356_20191022T034421_029566_035D93_FD78_O,subset_279_of_S1A_IW_GRDH_1SDV_20191022T034356_20191022T034421_029566_035D93_FD78_Orb_NR_Cal_Spk_TC_dB,GRD,2019-10-22T03:44:01.329511,2019-10-22T03:44:03.727786,EPSG:4326,2048,2048,33.35266290779518,33.040577041821926,33.536637877982855,33.2245520120096,33.132564526915765,33.44465039288902,351386,8.377695083618164,-156446780.71525133,1374.8268997626542,672.9580461372963,20.0,,,
01059,D:\SIH_Dataset\Part_I\01_Train_Val_Oil_Spill_images\Oil\01059.tif,D:\SIH_Dataset\Part_I\01_Train_Val_Oil_Spill_mask\Mask_oil\01059.tif,S1A_IW_GRDH_1SDV_20191022T034356_20191022T034421_029566_035D93_FD78_O,subset_281_of_S1A_IW_GRDH_1SDV_20191022T034356_20191022T034421_029566_035D93_FD78_Orb_NR_Cal_Spk_TC_dB,GRD,2019-10-22T03:44:03.833231,2019-10-22T03:44:06.231506,EPSG:4326,2048,2048,33.175874459880454,32.848607065605584,33.35984943006813,33.03258203579326,32.94059455069942,33.26786194497429,317845,7.578015327453613,-285555660.33357024,777.6620947317089,1331.1313989523196,20.0,,,
01064,D:\SIH_Dataset\Part_I\01_Train_Val_Oil_Spill_images\Oil\01064.tif,D:\SIH_Dataset\Part_I\01_Train_Val_Oil_Spill_mask\Mask_oil\01064.tif,S1A_IW_GRDH_1SDV_20190816T000100_20190816T000125_028587_033BC6_3ADE_O,subset_286_of_S1A_IW_GRDH_1SDV_20190816T000100_20190816T000125_028587_033BC6_3ADE_Orb_NR_Cal_Spk_TC_dB,GRD,2019-08-16T00:01:19.173067,2019-08-16T00:01:21.558934,EPSG:4326,2048,2048,-89.99083822731485,25.21268994681887,-89.80686325712718,25.396664917006547,25.304677431912708,-89.89885074222101,94029,2.241826057434082,-59011344.03341735,856.0033978878856,819.785550202597,20.0,,,
01068,D:\SIH_Dataset\Part_I\01_Train_Val_Oil_Spill_images\Oil\01068.tif,D:\SIH_Dataset\Part_I\01_Train_Val_Oil_Spill_mask\Mask_oil\01068.tif,S1A_IW_GRDH_1SDV_20190604T154953_20190604T155018_027532_031B5A_8B9B_O,subset_290_of_S1A_IW_GRDH_1SDV_20190604T154953_20190604T155018_027532_031B5A_8B9B_Orb_NR_Cal_Spk_TC_dB,GRD,2019-06-04T15:50:01.523684,2019-06-04T15:50:03.929665,EPSG:4326,2048,2048,31.74418244498605,35.790205305411725,31.928157415173725,35.9741802755994,35.88219279050556,31.836169930079887,58802,1.4019489288330078,-180335846.9747165,967.0917825924288,1555.3198190537737,20.0,,,
01069,D:\SIH_Dataset\Part_I\01_Train_Val_Oil_Spill_images\Oil\01069.tif,D:\SIH_Dataset\Part_I\01_Train_Val_Oil_Spill_mask\Mask_oil\01069.tif,S1A_IW_GRDH_1SDV_20190604T154953_20190604T155018_027532_031B5A_8B9B_O,subset_291_of_S1A_IW_GRDH_1SDV_20190604T154953_20190604T155018_027532_031B5A_8B9B_Orb_NR_Cal_Spk_TC_dB,GRD,2019-06-04T15:50:00.383576,2019-06-04T15:50:02.789557,EPSG:4326,2048,2048,31.81694598299973,35.87734188797132,32.00092095318741,36.061316858158996,35.96932937306516,31.908933468093572,84151,2.0063161849975586,-460494460.70699805,1926.8669237442216,1063.9429299711232,20.0,,,
01071,D:\SIH_Dataset\Part_I\01_Train_Val_Oil_Spill_images\Oil\01071.tif,D:\SIH_Dataset\Part_I\01_Train_Val_Oil_Spill_mask\Mask_oil\01071.tif,S1A_IW_GRDH_1SDV_20190604T154953_20190604T155018_027532_031B5A_8B9B_O,subset_293_of_S1A_IW_GRDH_1SDV_20190604T154953_20190604T155018_027532_031B5A_8B9B_Orb_NR_Cal_Spk_TC_dB,GRD,2019-06-04T15:50:03.954348,2019-06-04T15:50:06.360329,EPSG:4326,2048,2048,32.7689805211096,35.60443370465581,32.952955491297274,35.78840867484349,35.69642118974965,32.860968006203436,42384,1.0105133056640625,-380382310.1141022,941.7269488486221,888.8763212533031,20.0,,,
01072,D:\SIH_Dataset\Part_I\01_Train_Val_Oil_Spill_images\Oil\01072.tif,D:\SIH_Dataset\Part_I\01_Train_Val_Oil_Spill_mask\Mask_oil\01072.tif,S1A_IW_GRDH_1SDV_20190604T154953_20190604T155018_027532_031B5A_8B9B_O,subset_294_of_S1A_IW_GRDH_1SDV_20190604T154953_20190604T155018_027532_031B5A_8B9B_Orb_NR_Cal_Spk_TC_dB,GRD,2019-06-04T15:50:04.859383,2019-06-04T15:50:07.265364,EPSG:4326,2048,2048,32.772753445302904,35.53526342777861,32.95672841549058,35.719238397966286,35.62725091287245,32.86474093039674,42384,1.0105133056640625,-504245107.05120146,171.72694884862213,846.8763212533031,20.0,,,
01076,D:\SIH_Dataset\Part_I\01_Train_Val_Oil_Spill_images\Oil\01076.tif,D:\SIH_Dataset\Part_I\01_Train_Val_Oil_Spill_mask\Mask_oil\01076.tif,S1A_IW_GRDH_1SDV_20190604T154953_20190604T155018_027532_031B5A_8B9B_O,subset_298_of_S1A_IW_GRDH_1SDV_20190604T154953_20190604T155018_027532_031B5A_8B9B_Orb_NR_Cal_Spk_TC_dB,GRD,2019-06-04T15:50:04.208228,2019-06-04T15:50:06.614209,EPSG:4326,2048,2048,32.29673617624797,35.58503009451883,32.480711146435645,35.769005064706505,35.67701757961267,32.38872366134181,47312,1.1280059814453125,-434047979.5176905,872.3547725735543,1221.7893769022658,20.0,,,
01080,D:\SIH_Dataset\Part_I\01_Train_Val_Oil_Spill_images\Oil\01080.tif,D:\SIH_Dataset\Part_I\01_Train_Val_Oil_Spill_mask\Mask_oil\01080.tif,S1A_IW_GRDH_1SDV_20190908T154959_20190908T155024_028932_0347C3_7123_O,subset_302_of_S1A_IW_GRDH_1SDV_20190908T154959_20190908T155024_028932_0347C3_7123_Orb_NR_Cal_Spk_TC_dB,GRD,2019-09-08T15:50:19.377270,2019-09-08T15:50:21.783167,EPSG:4326,2048,2048,31.479787280893298,34.85838242021837,31.663762251080975,35.042357390406046,34.95036990531221,31.571774765987136,62727,1.495528221130371,-5819467.789500172,742.8457522279083,777.334760151131,20.0,,,
01086,D:\SIH_Dataset\Part_I\01_Train_Val_Oil_Spill_images\Oil\01086.tif,D:\SIH_Dataset\Part_I\01_Train_Val_Oil_Spill_mask\Mask_oil\01086.tif,S1A_IW_GRDH_1SDV_20181006T001537_20181006T001602_024008_029F7D_50DC_O,subset_308_of_S1A_IW_GRDH_1SDV_20181006T001537_20181006T001602_024008_029F7D_50DC_Orb_NR_Cal_Spk_TC_dB,GRD,2018-10-06T00:15:50.950469,2018-10-06T00:15:53.318693,EPSG:4326,2048,2048,-92.12762226324361,19.220534651123877,-91.94364729305593,19.404509621311554,19.312522136217716,-92.03563477814977,52946,1.2623310089111328,-225919230.64332023,258.18220451025576,771.0291051259774,20.0,,,
01087,D:\SIH_Dataset\Part_I\01_Train_Val_Oil_Spill_images\Oil\01087.tif,D:\SIH_Dataset\Part_I\01_Train_Val_Oil_Spill_mask\Mask_oil\01087.tif,S1A_IW_GRDH_1SDV_20181006T001537_20181006T001602_024008_029F7D_50DC_O,subset_309_of_S1A_IW_GRDH_1SDV_20181006T001537_20181006T001602_024008_029F7D_50DC_Orb_NR_Cal_Spk_TC_dB,GRD,2018-10-06T00:15:50.117484,2018-10-06T00:15:52.485708,EPSG:4326,2048,2048,-92.1816110118192,19.28521335158048,-91.99763604163152,19.469188321768158,19.37720083667432,-92.08962352672536,54272,1.2939453125,-240360935.27098632,987.9457915683962,1351.2348540683963,20.0,,,
01090,D:\SIH_Dataset\Part_I\01_Train_Val_Oil_Spill_images\Oil\01090.tif,D:\SIH_Dataset\Part_I\01_Train_Val_Oil_Spill_mask\Mask_oil\01090.tif,S1A_IW_GRDH_1SDV_20181006T001537_20181006T001602_024008_029F7D_50DC_O,subset_312_of_S1A_IW_GRDH_1SDV_20181006T001537_20181006T001602_024008_029F7D_50DC_Orb_NR_Cal_Spk_TC_dB,GRD,2018-10-06T00:15:50.989805,2018-10-06T00:15:53.358029,EPSG:4326,2048,2048,-92.10300842445874,19.21748037915787,-91.91903345427106,19.401455349345547,19.309467864251708,-92.0110209393649,42988,1.0249137878417969,-270484870.3811734,238.72252721689773,637.961756769331,20.0,,,
01096,D:\SIH_Dataset\Part_I\01_Train_Val_Oil_Spill_images\Oil\01096.tif,D:\SIH_Dataset\Part_I\01_Train_Val_Oil_Spill_mask\Mask_oil\01096.tif,S1A_IW_GRDH_1SDV_20180831T001536_20180831T001601_023483_028E75_4C10_O,subset_318_of_S1A_IW_GRDH_1SDV_20180831T001536_20180831T001601_023483_028E75_4C10_Orb_NR_Cal_Spk_TC_dB,GRD,2018-08-31T00:15:48.878733,2018-08-31T00:15:51.246987,EPSG:4326,2048,2048,-92.14402369193982,19.31309373653341,-91.96004872175214,19.497068706721087,19.40508122162725,-92.05203620684598,123572,2.946186065673828,-407957623.30855227,1033.6619217945813,817.7420532159389,20.0,,,
01097,D:\SIH_Dataset\Part_I\01_Train_Val_Oil_Spill_images\Oil\01097.tif,D:\SIH_Dataset\Part_I\01_Train_Val_Oil_Spill_mask\Mask_oil\01097.tif,S1A_IW_GRDH_1SDV_20180831T001536_20180831T001601_023483_028E75_4C10_O,subset_319_of_S1A_IW_GRDH_1SDV_20180831T001536_20180831T001601_023483_028E75_4C10_Orb_NR_Cal_Spk_TC_dB,GRD,2018-08-31T00:15:48.747999,2018-08-31T00:15:51.116253,EPSG:4326,2048,2048,-92.17330877020211,19.32324469924396,-91.98933380001444,19.507219669431638,19.4152321843378,-92.08132128510827,122953,2.9314279556274414,-105095869.50176032,1145.4820419184566,1134.76755752198,20.0,,,
01099,D:\SIH_Dataset\Part_I\01_Train_Val_Oil_Spill_images\Oil\01099.tif,D:\SIH_Dataset\Part_I\01_Train_Val_Oil_Spill_mask\Mask_oil\01099.tif,S1A_IW_GRDH_1SDV_20180831T001536_20180831T001601_023483_028E75_4C10_O,subset_321_of_S1A_IW_GRDH_1SDV_20180831T001536_20180831T001601_023483_028E75_4C10_Orb_NR_Cal_Spk_TC_dB,GRD,2018-08-31T00:15:47.681301,2018-08-31T00:15:50.049555,EPSG:4326,2048,2048,-92.25613343939793,19.406069368439784,-92.07215846921025,19.59004433862746,19.498056853533623,-92.16414595430409,67201,1.6021966934204102,-129528026.33847284,1770.709595095311,1336.7097587833514,20.0,,,
01100,D:\SIH_Dataset\Part_I\01_Train_Val_Oil_Spill_images\Oil\01100.tif,D:\SIH_Dataset\Part_I\01_Train_Val_Oil_Spill_mask\Mask_oil\01100.tif,S1A_IW_GRDH_1SDV_20180831T001536_20180831T001601_023483_028E75_4C10_O,subset_322_of_S1A_IW_GRDH_1SDV_20180831T001536_20180831T001601_023483_028E75_4C10_Orb_NR_Cal_Spk_TC_dB,GRD,2018-08-31T00:15:49.648097,2018-08-31T00:15:52.016351,EPSG:4326,2048,2048,-92.14644914320694,19.253355770139464,-91.96247417301926,19.43733074032714,19.345343255233303,-92.0544616581131,110760,2.6407241821289062,-481411990.13063323,422.70882990249186,910.1209552184904,20.0,,,
01101,D:\SIH_Dataset\Part_I\01_Train_Val_Oil_Spill_images\Oil\01101.tif,D:\SIH_Dataset\Part_I\01_Train_Val_Oil_Spill_mask\Mask_oil\01101.tif,S1A_IW_GRDH_1SDV_20180831T001536_20180831T001601_023483_028E75_4C10_O,subset_323_of_S1A_IW_GRDH_1SDV_20180831T001536_20180831T001601_023483_028E75_4C10_Orb_NR_Cal_Spk_TC_dB,GRD,2018-08-31T00:15:50.566707,2018-08-31T00:15:52.934961,EPSG:4326,2048,2048,-92.32647152614449,19.182029536580373,-92.14249655595681,19.36600450676805,19.27401702167421,-92.23448404105065,50638,1.2073040008544922,-113108813.93285565,803.9611359058415,1122.4129310004344,20.0,,,
01104,D:\SIH_Dataset\Part_I\01_Train_Val_Oil_Spill_images\Oil\01104.tif,D:\SIH_Dataset\Part_I\01_Train_Val_Oil_Spill_mask\Mask_oil\01104.tif,S1A_IW_GRDH_1SDV_20180831T001536_20180831T001601_023483_028E75_4C10_O,subset_326_of_S1A_IW_GRDH_1SDV_20180831T001536_20180831T001601_023483_028E75_4C10_Orb_NR_Cal_Spk_TC_dB,GRD,2018-08-31T00:15:50.992460,2018-08-31T00:15:53.360714,EPSG:4326,2048,2048,-92.33850895095169,19.148971534124776,-92.15453398076401,19.332946504312453,19.240959019218614,-92.24652146585785,49643,1.1835813522338867,-98842774.9667072,433.92471244687067,1253.635588099027,20.0,,,
01111,D:\SIH_Dataset\Part_I\01_Train_Val_Oil_Spill_images\Oil\01111.tif,D:\SIH_Dataset\Part_I\01_Train_Val_Oil_Spill_mask\Mask_oil\01111.tif,S1A_IW_GRDH_1SDV_20180912T001536_20180912T001601_023658_029410_FDB1_O,subset_333_of_S1A_IW_GRDH_1SDV_20180912T001536_20180912T001601_023658_029410_FDB1_Orb_NR_Cal_Spk_TC_dB,GRD,2018-09-12T00:15:49.409435,2018-09-12T00:15:51.777660,EPSG:4326,2048,2048,-92.20421376851127,19.302337028231662,-92.02023879832359,19.48631199841934,19.3943245133255,-92.11222628341743,150062,3.577756881713867,-332952957.47868025,1151.471111940398,1498.0760285748556,20.0,,,
01117,D:\SIH_Dataset\Part_I\01_Train_Val_Oil_Spill_images\Oil\01117.tif,D:\SIH_Dataset\Part_I\01_Train_Val_Oil_Spill_mask\Mask_oil\01117.tif,S1A_IW_GRDH_1SDV_20180819T001535_20180819T001600_023308_0288E8_81AC_O,subset_339_of_S1A_IW_GRDH_1SDV_20180819T001535_20180819T001600_023308_0288E8_81AC_Orb_NR_Cal_Spk_TC_dB,GRD,2018-08-19T00:15:48.134891,2018-08-19T00:15:50.503115,EPSG:4326,2048,2048,-92.19529016000305,19.312109589853865,-92.01131518981538,19.496084560041542,19.404097074947703,-92.10330267490922,55543,1.3242483139038086,-236487451.7452345,1143.7926921484254,1551.0527789280377,20.0,,,
01118,D:\SIH_Dataset\Part_I\01_Train_Val_Oil_Spill_images\Oil\01118.tif,D:\SIH_Dataset\Part_I\01_Train_Val_Oil_Spill_mask\Mask_oil\01118.tif,S1A_IW_GRDH_1SDV_20180819T001535_20180819T001600_023308_0288E8_81AC_O,subset_340_of_S1A_IW_GRDH_1SDV_20180819T001535_20180819T001600_023308_0288E8_81AC_Orb_NR_Cal_Spk_TC_dB,GRD,2018-08-19T00:15:47.282238,2018-08-19T00:15:49.650462,EPSG:4326,2048,2048,-92.22170062935616,19.378315426293472,-92.03772565916849,19.56229039648115,19.47030291138731,-92.12971314426233,42362,1.009988784790039,-143376330.91778758,1810.205703224588,1695.1007742788347,20.0,,,
01124,D:\SIH_Dataset\Part_I\01_Train_Val_Oil_Spill_images\Oil\01124.tif,D:\SIH_Dataset\Part_I\01_Train_Val_Oil_Spill_mask\Mask_oil\01124.tif,S1A_IW_GRDH_1SDV_20181229T001535_20181229T001600_025233_02CA25_DAF3_O,subset_346_of_S1A_IW_GRDH_1SDV_20181229T001535_20181229T001600_025233_02CA25_DAF3_Orb_NR_Cal_Spk_TC_dB,GRD,2018-12-29T00:15:45.452521,2018-12-29T00:15:47.820663,EPSG:4326,2048,2048,-92.34666257461879,19.528708663192983,-92.16268760443111,19.71268363338066,19.62069614828682,-92.25467508952495,57894,1.380300521850586,-79053334.04610641,1560.77985628908,1428.3847721698276,20.0,,,
01129,D:\SIH_Dataset\Part_I\01_Train_Val_Oil_Spill_images\Oil\01129.tif,D:\SIH_Dataset\Part_I\01_Train_Val_Oil_Spill_mask\Mask_oil\01129.tif,S1A_IW_GRDH_1SDV_20181229T001535_20181229T001600_025233_02CA25_DAF3_O,subset_351_of_S1A_IW_GRDH_1SDV_20181229T001535_20181229T001600_025233_02CA25_DAF3_Orb_NR_Cal_Spk_TC_dB,GRD,2018-12-29T00:15:45.665388,2018-12-29T00:15:48.033530,EPSG:4326,2048,2048,-92.25916666594554,19.51217966196518,-92.07519169575787,19.696154632152858,19.60416714705902,-92.1671791808517,72017,1.7170190811157227,-118912503.41437525,1544.4516503047892,525.9485329852673,20.0,,,
01134,D:\SIH_Dataset\Part_I\01_Train_Val_Oil_Spill_images\Oil\01134.tif,D:\SIH_Dataset\Part_I\01_Train_Val_Oil_Spill_mask\Mask_oil\01134.tif,S1A_IW_GRDH_1SDV_20180924T001536_20180924T001601_023833_0299C2_B436_O,subset_356_of_S1A_IW_GRDH_1SDV_20180924T001536_20180924T001601_023833_0299C2_B436_Orb_NR_Cal_Spk_TC_dB,GRD,2018-09-24T00:15:49.993327,2018-09-24T00:15:52.361685,EPSG:4326,2048,2048,-92.11259405554655,19.282034916742955,-91.92861908535887,19.46600988693063,19.374022401836793,-92.02060657045271,44804,1.0682106018066406,-280927434.2913059,891.3198151950719,706.1782653334524,20.0,,,
01135,D:\SIH_Dataset\Part_I\01_Train_Val_Oil_Spill_images\Oil\01135.tif,D:\SIH_Dataset\Part_I\01_Train_Val_Oil_Spill_mask\Mask_oil\01135.tif,S1A_IW_GRDH_1SDV_20180924T001536_20180924T001601_023833_0299C2_B436_O,subset_357_of_S1A_IW_GRDH_1SDV_20180924T001536_20180924T001601_023833_0299C2_B436_Orb_NR_Cal_Spk_TC_dB,GRD,2018-09-24T00:15:49.579125,2018-09-24T00:15:51.947483,EPSG:4326,2048,2048,-92.19434074640144,19.314194603914434,-92.01036577621376,19.49816957410211,19.406182089008272,-92.1023532613076,46800,1.1157989501953125,-274455074.62928355,1239.81,1562.5820726495726,20.0,,,
01140,D:\SIH_Dataset\Part_I\01_Train_Val_Oil_Spill_images\Oil\01140.tif,D:\SIH_Dataset\Part_I\01_Train_Val_Oil_Spill_mask\Mask_oil\01140.tif,S1A_IW_GRDH_1SDV_20181111T001537_20181111T001602_024533_02B121_8A1D_O,subset_362_of_S1A_IW_GRDH_1SDV_20181111T001537_20181111T001602_024533_02B121_8A1D_Orb_NR_Cal_Spk_TC_dB,GRD,2018-11-11T00:15:49.435957,2018-11-11T00:15:51.804201,EPSG:4326,2048,2048,-92.12807161291214,19.336893555822098,-91.94409664272446,19.520868526009775,19.428881040915936,-92.0360841278183,225434,5.374765396118164,-204816470.76781037,1445.0434938829103,688.0899509390775,20.0,,,
01141,D:\SIH_Dataset\Part_I\01_Train_Val_Oil_Spill_images\Oil\01141.tif,D:\SIH_Dataset\Part_I\01_Train_Val_Oil_Spill_mask\Mask_oil\01141.tif,S1A_IW_GRDH_1SDV_20181111T001537_20181111T001602_024533_02B121_8A1D_O,subset_363_of_S1A_IW_GRDH_1SDV_20181111T001537_20181111T001602_024533_02B121_8A1D_Orb_NR_Cal_Spk_TC_dB,GRD,2018-11-11T00:15:50.045661,2018-11-11T00:15:52.413905,EPSG:4326,2048,2048,-92.17307720864652,19.289552340348997,-91.98910223845884,19.473527310536674,19.381539825442836,-92.08108972355268,268249,6.395554542541504,-439302841.34493685,1113.6342744986935,870.0039385048966,20.0,,,
01143,D:\SIH_Dataset\Part_I\01_Train_Val_Oil_Spill_images\Oil\01143.tif,D:\SIH_Dataset\Part_I\01_Train_Val_Oil_Spill_mask\Mask_oil\01143.tif,S1A_IW_GRDH_1SDV_20181111T001537_20181111T001602_024533_02B121_8A1D_O,subset_365_of_S1A_IW_GRDH_1SDV_20181111T001537_20181111T001602_024533_02B121_8A1D_Orb_NR_Cal_Spk_TC_dB,GRD,2018-11-11T00:15:50.867084,2018-11-11T00:15:53.235328,EPSG:4326,2048,2048,-92.2015538031531,19.225771955176512,-92.01757883296543,19.40974692536419,19.31775944027035,-92.10956631805927,279441,6.662392616271973,-803910211.4158778,454.6499028417448,1063.6309399837533,20.0,,,
01145,D:\SIH_Dataset\Part_I\01_Train_Val_Oil_Spill_images\Oil\01145.tif,D:\SIH_Dataset\Part_I\01_Train_Val_Oil_Spill_mask\Mask_oil\01145.tif,S1A_IW_GRDH_1SDV_20181111T001537_20181111T001602_024533_02B121_8A1D_O,subset_367_of_S1A_IW_GRDH_1SDV_20181111T001537_20181111T001602_024533_02B121_8A1D_Orb_NR_Cal_Spk_TC_dB,GRD,2018-11-11T00:15:52.017077,2018-11-11T00:15:54.385321,EPSG:4326,2048,2048,-92.3261501330605,19.13647941593503,-92.14217516287282,19.32045438612271,19.22846690102887,-92.23416264796666,91436,2.180004119873047,-116048598.11105007,432.77816177435585,793.4497900170611,20.0,,,
01146,D:\SIH_Dataset\Part_I\01_Train_Val_Oil_Spill_images\Oil\01146.tif,D:\SIH_Dataset\Part_I\01_Train_Val_Oil_Spill_mask\Mask_oil\01146.tif,S1A_IW_GRDH_1SDV_20181111T001537_20181111T001602_024533_02B121_8A1D_O,subset_368_of_S1A_IW_GRDH_1SDV_20181111T001537_20181111T001602_024533_02B121_8A1D_Orb_NR_Cal_Spk_TC_dB,GRD,2018-11-11T00:15:51.165573,2018-11-11T00:15:53.533818,EPSG:4326,2048,2048,-92.34591306931112,19.20259542084623,-92.16193809912345,19.386570391033906,19.294582905940068,-92.25392558421728,181900,4.336833953857422,-253287917.72760525,807.4753216052776,1189.5519131390874,20.0,,,
01147,D:\SIH_Dataset\Part_I\01_Train_Val_Oil_Spill_images\Oil\01147.tif,D:\SIH_Dataset\Part_I\01_Train_Val_Oil_Spill_mask\Mask_oil\01147.tif,S1A_IW_GRDH_1SDV_20181111T001537_20181111T001602_024533_02B121_8A1D_O,subset_369_of_S1A_IW_GRDH_1SDV_20181111T001537_20181111T001602_024533_02B121_8A1D_Orb_NR_Cal_Spk_TC_dB,GRD,2018-11-11T00:15:51.575128,2018-11-11T00:15:53.943372,EPSG:4326,2048,2048,-92.43439712479689,19.170795059788396,-92.25042215460921,19.354770029976073,19.262782544882235,-92.34240963970305,151556,3.6133766174316406,-216982299.5242329,802.6889004724326,973.4551254981657,20.0,,,
01149,D:\SIH_Dataset\Part_I\01_Train_Val_Oil_Spill_images\Oil\01149.tif,D:\SIH_Dataset\Part_I\01_Train_Val_Oil_Spill_mask\Mask_oil\01149.tif,S1A_IW_GRDH_1SDV_20181111T001537_20181111T001602_024533_02B121_8A1D_O,subset_371_of_S1A_IW_GRDH_1SDV_20181111T001537_20181111T001602_024533_02B121_8A1D_Orb_NR_Cal_Spk_TC_dB,GRD,2018-11-11T00:15:50.517690,2018-11-11T00:15:52.885935,EPSG:4326,2048,2048,-92.4766179431505,19.25290107675692,-92.29264297296282,19.436876046944597,19.34488856185076,-92.38463045805666,139811,3.3333539962768555,-110559041.99092466,1636.990226090937,1015.5361702584203,20.0,,,
01152,D:\SIH_Dataset\Part_I\01_Train_Val_Oil_Spill_images\Oil\01152.tif,D:\SIH_Dataset\Part_I\01_Train_Val_Oil_Spill_mask\Mask_oil\01152.tif,S1A_IW_GRDH_1SDV_20181123T001536_20181123T001601_024708_02B792_4673_O,subset_374_of_S1A_IW_GRDH_1SDV_20181123T001536_20181123T001601_024708_02B792_4673_Orb_NR_Cal_Spk_TC_dB,GRD,2018-11-23T00:15:50.519744,2018-11-23T00:15:52.888018,EPSG:4326,2048,2048,-92.11747463317516,19.22991927837205,-91.93349966298749,19.41389424855973,19.32190676346589,-92.02548714808133,77230,1.8413066864013672,-196034090.06974497,178.30100997021881,497.4287712029004,20.0,,,
01153,D:\SIH_Dataset\Part_I\01_Train_Val_Oil_Spill_images\Oil\01153.tif,D:\SIH_Dataset\Part_I\01_Train_Val_Oil_Spill_mask\Mask_oil\01153.tif,S1A_IW_GRDH_1SDV_20181123T001536_20181123T001601_024708_02B792_4673_O,subset_375_of_S1A_IW_GRDH_1SDV_20181123T001536_20181123T001601_024708_02B792_4673_Orb_NR_Cal_Spk_TC_dB,GRD,2018-11-23T00:15:50.372811,2018-11-23T00:15:52.741086,EPSG:4326,2048,2048,-92.21341470551913,19.24132788248037,-92.02943973533145,19.425302852668047,19.333315367574208,-92.12142722042529,103605,2.4701356887817383,-79065070.96034415,242.94524878142946,1389.5011099850394,20.0,,,
01154,D:\SIH_Dataset\Part_I\01_Train_Val_Oil_Spill_images\Oil\01154.tif,D:\SIH_Dataset\Part_I\01_Train_Val_Oil_Spill_mask\Mask_oil\01154.tif,S1A_IW_GRDH_1SDV_20181123T001536_20181123T001601_024708_02B792_4673_O,subset_376_of_S1A_IW_GRDH_1SDV_20181123T001536_20181123T001601_024708_02B792_4673_Orb_NR_Cal_Spk_TC_dB,GRD,2018-11-23T00:15:49.302633,2018-11-23T00:15:51.670908,EPSG:4326,2048,2048,-92.19401109538214,19.324422046261425,-92.01003612519446,19.508397016449102,19.416409531355264,-92.1020236102883,132180,3.151416778564453,-23888330.06358244,1090.003714631563,1051.218663943108,20.0,,,
01155,D:\SIH_Dataset\Part_I\01_Train_Val_Oil_Spill_images\Oil\01155.tif,D:\SIH_Dataset\Part_I\01_Train_Val_Oil_Spill_mask\Mask_oil\01155.tif,S1A_IW_GRDH_1SDV_20181123T001536_20181123T001601_024708_02B792_4673_O,subset_377_of_S1A_IW_GRDH_1SDV_20181123T001536_20181123T001601_024708_02B792_4673_Orb_NR_Cal_Spk_TC_dB,GRD,2018-11-23T00:15:49.406758,2018-11-23T00:15:51.775033,EPSG:4326,2048,2048,-92.28051885724285,19.316337208704347,-92.09654388705518,19.500312178892024,19.408324693798185,-92.18853137214901,124627,2.971339225769043,-426263220.4795495,724.2464674588973,1052.073278663532,20.0,,,
01156,D:\SIH_Dataset\Part_I\01_Train_Val_Oil_Spill_images\Oil\01156.tif,D:\SIH_Dataset\Part_I\01_Train_Val_Oil_Spill_mask\Mask_oil\01156.tif,S1A_IW_GRDH_1SDV_20181123T001536_20181123T001601_024708_02B792_4673_O,subset_378_of_S1A_IW_GRDH_1SDV_20181123T001536_20181123T001601_024708_02B792_4673_Orb_NR_Cal_Spk_TC_dB,GRD,2018-11-23T00:15:48.570284,2018-11-23T00:15:50.938559,EPSG:4326,2048,2048,-92.33935850835269,19.38128540374619,-92.15538353816501,19.565260373933867,19.47327288884003,-92.24737102325885,113679,2.7103185653686523,-553525369.7671311,1197.0572445218554,1141.9300090606005,20.0,,,
01158,D:\SIH_Dataset\Part_I\01_Train_Val_Oil_Spill_images\Oil\01158.tif,D:\SIH_Dataset\Part_I\01_Train_Val_Oil_Spill_mask\Mask_oil\01158.tif,S1A_IW_GRDH_1SDV_20181123T001536_20181123T001601_024708_02B792_4673_O,subset_380_of_S1A_IW_GRDH_1SDV_20181123T001536_20181123T001601_024708_02B792_4673_Orb_NR_Cal_Spk_TC_dB,GRD,2018-11-23T00:15:50.535941,2018-11-23T00:15:52.904216,EPSG:4326,2048,2048,-92.48362794298228,19.228661636974284,-92.2996529727946,19.41263660716196,19.320649122068122,-92.39164045788844,221695,5.28562068939209,-11090141.556434656,1100.140203883714,995.4333363404678,20.0,,,
01163,D:\SIH_Dataset\Part_I\01_Train_Val_Oil_Spill_images\Oil\01163.tif,D:\SIH_Dataset\Part_I\01_Train_Val_Oil_Spill_mask\Mask_oil\01163.tif,S1B_IW_GRDH_1SDV_20170819T062633_20170819T062658_007005_00C576_3AC7_O,subset_385_of_S1B_IW_GRDH_1SDV_20170819T062633_20170819T062658_007005_00C576_3AC7_Orb_NR_Cal_Spk_TC_dB,GRD,2017-08-19T06:26:46.196034,2017-08-19T06:26:48.594385,EPSG:4326,2048,2048,-7.28033022399162,36.08575941416988,-7.096355253803942,36.269734384357555,36.17774689926372,-7.188342738897781,226685,5.4045915603637695,-71898557.6378995,910.5402496856872,930.5384718883032,20.0,,,
01167,D:\SIH_Dataset\Part_I\01_Train_Val_Oil_Spill_images\Oil\01167.tif,D:\SIH_Dataset\Part_I\01_Train_Val_Oil_Spill_mask\Mask_oil\01167.tif,S1B_IW_GRDH_1SDV_20170819T062633_20170819T062658_007005_00C576_3AC7_O,subset_389_of_S1B_IW_GRDH_1SDV_20170819T062633_20170819T062658_007005_00C576_3AC7_Orb_NR_Cal_Spk_TC_dB,GRD,2017-08-19T06:26:44.178467,2017-08-19T06:26:46.576818,EPSG:4326,2048,2048,-7.511197252010337,36.24044930609526,-7.327222281822659,36.424424276282934,36.332436791189096,-7.419209766916499,77949,1.8584489822387695,-126295185.46994115,1686.125293461109,970.0617647436144,20.0,,,
01168,D:\SIH_Dataset\Part_I\01_Train_Val_Oil_Spill_images\Oil\01168.tif,D:\SIH_Dataset\Part_I\01_Train_Val_Oil_Spill_mask\Mask_oil\01168.tif,S1B_IW_GRDH_1SDV_20170819T062633_20170819T062658_007005_00C576_3AC7_O,subset_390_of_S1B_IW_GRDH_1SDV_20170819T062633_20170819T062658_007005_00C576_3AC7_Orb_NR_Cal_Spk_TC_dB,GRD,2017-08-19T06:26:45.359482,2017-08-19T06:26:47.757833,EPSG:4326,2048,2048,-7.631032510911881,36.14989912545601,-7.447057540724203,36.33387409564369,36.24188661054985,-7.539045025818043,71386,1.701974868774414,-186511647.70463994,1113.3544112290926,1535.6037738492141,20.0,,,
01169,D:\SIH_Dataset\Part_I\01_Train_Val_Oil_Spill_images\Oil\01169.tif,D:\SIH_Dataset\Part_I\01_Train_Val_Oil_Spill_mask\Mask_oil\01169.tif,S1B_IW_GRDH_1SDV_20170819T062633_20170819T062658_007005_00C576_3AC7_O,subset_391_of_S1B_IW_GRDH_1SDV_20170819T062633_20170819T062658_007005_00C576_3AC7_Orb_NR_Cal_Spk_TC_dB,GRD,2017-08-19T06:26:42.578004,2017-08-19T06:26:44.976355,EPSG:4326,2048,2048,-7.155015241856947,36.363159173905984,-6.971040271669269,36.54713414409366,36.45514665899982,-7.063027756763107,185690,4.427194595336914,-23067070.26395714,1001.9318056976682,1116.1758253002315,20.0,,,
01178,D:\SIH_Dataset\Part_I\01_Train_Val_Oil_Spill_images\Oil\01178.tif,D:\SIH_Dataset\Part_I\01_Train_Val_Oil_Spill_mask\Mask_oil\01178.tif,S1A_IW_GRDH_1SDV_20180716T000142_20180716T000207_022812_027929_4B86_O,subset_400_of_S1A_IW_GRDH_1SDV_20180716T000142_20180716T000207_022812_027929_4B86_Orb_NR_Cal_Spk_TC_dB,GRD,2018-07-16T00:01:54.545889,2018-07-16T00:01:56.939853,EPSG:4326,2048,2048,-88.99206063410035,28.72747614133585,-88.80808566391268,28.911451111523526,28.819463626429688,-88.90007314900652,173402,4.134225845336914,-196935422.436066,818.8427065431771,866.8968581677259,20.0,,,
01180,D:\SIH_Dataset\Part_I\01_Train_Val_Oil_Spill_images\Oil\01180.tif,D:\SIH_Dataset\Part_I\01_Train_Val_Oil_Spill_mask\Mask_oil\01180.tif,S1A_IW_GRDH_1SDV_20180716T000142_20180716T000207_022812_027929_4B86_O,subset_402_of_S1A_IW_GRDH_1SDV_20180716T000142_20180716T000207_022812_027929_4B86_Orb_NR_Cal_Spk_TC_dB,GRD,2018-07-16T00:01:55.256944,2018-07-16T00:01:57.650908,EPSG:4326,2048,2048,-89.04012050180074,28.672858572061383,-88.85614553161307,28.85683354224906,28.76484605715522,-88.9481330167069,60819,1.450037956237793,-114360513.5536908,451.810708824545,1449.7480968118516,20.0,,,
01188,D:\SIH_Dataset\Part_I\01_Train_Val_Oil_Spill_images\Oil\01188.tif,D:\SIH_Dataset\Part_I\01_Train_Val_Oil_Spill_mask\Mask_oil\01188.tif,S1A_IW_GRDH_1SDV_20181125T000145_20181125T000210_024737_02B8A0_60CA_O,subset_410_of_S1A_IW_GRDH_1SDV_20181125T000145_20181125T000210_024737_02B8A0_60CA_Orb_NR_Cal_Spk_TC_dB,GRD,2018-11-25T00:01:57.951183,2018-11-25T00:02:00.345033,EPSG:4326,2048,2048,-89.23047618859188,28.709466153411157,-89.0465012184042,28.893441123598834,28.801453638504995,-89.13848870349804,238834,5.694246292114258,-291747264.93755025,729.9143128700268,1277.7436210924743,20.0,,,
01190,D:\SIH_Dataset\Part_I\01_Train_Val_Oil_Spill_images\Oil\01190.tif,D:\SIH_Dataset\Part_I\01_Train_Val_Oil_Spill_mask\Mask_oil\01190.tif,S1A_IW_GRDH_1SDV_20190430T000143_20190430T000208_027012_030AA6_F1DA_O,subset_412_of_S1A_IW_GRDH_1SDV_20190430T000143_20190430T000208_027012_030AA6_F1DA_Orb_NR_Cal_Spk_TC_dB,GRD,2019-04-30T00:01:50.931843,2019-04-30T00:01:53.325700,EPSG:4326,2048,2048,-89.82688662158397,29.156829070722093,-89.64291165139629,29.34080404090977,29.24881655581593,-89.73489913649013,59250,1.4126300811767578,-262835678.17044082,912.0014008438818,1175.4141434599155,20.0,,,
01191,D:\SIH_Dataset\Part_I\01_Train_Val_Oil_Spill_images\Oil\01191.tif,D:\SIH_Dataset\Part_I\01_Train_Val_Oil_Spill_mask\Mask_oil\01191.tif,S1A_IW_GRDH_1SDV_20180821T000144_20180821T000209_023337_0289D2_F4AD_O,subset_413_of_S1A_IW_GRDH_1SDV_20180821T000144_20180821T000209_023337_0289D2_F4AD_Orb_NR_Cal_Spk_TC_dB,GRD,2018-08-21T00:01:55.267962,2018-08-21T00:01:57.661792,EPSG:4326,2048,2048,-89.00581443574073,28.82888449169159,-88.82183946555305,29.012859461879266,28.920871976785428,-88.9138269506469,279594,6.666040420532227,-861041689.8015218,1051.4020186413156,1230.746432326874,20.0,,,
01192,D:\SIH_Dataset\Part_I\01_Train_Val_Oil_Spill_images\Oil\01192.tif,D:\SIH_Dataset\Part_I\01_Train_Val_Oil_Spill_mask\Mask_oil\01192.tif,S1A_IW_GRDH_1SDV_20180821T000144_20180821T000209_023337_0289D2_F4AD_O,subset_414_of_S1A_IW_GRDH_1SDV_20180821T000144_20180821T000209_023337_0289D2_F4AD_Orb_NR_Cal_Spk_TC_dB,GRD,2018-08-21T00:01:55.759124,2018-08-21T00:01:58.152954,EPSG:4326,2048,2048,-88.91957616846526,28.79115524975857,-88.73560119827758,28.975130219946248,28.88314273485241,-88.82758868337142,281770,6.717920303344727,-931162381.5155493,745.2030308407567,882.3820314440856,20.0,,,
01194,D:\SIH_Dataset\Part_I\01_Train_Val_Oil_Spill_images\Oil\01194.tif,D:\SIH_Dataset\Part_I\01_Train_Val_Oil_Spill_mask\Mask_oil\01194.tif,S1A_IW_GRDH_1SDV_20180821T000144_20180821T000209_023337_0289D2_F4AD_O,subset_416_of_S1A_IW_GRDH_1SDV_20180821T000144_20180821T000209_023337_0289D2_F4AD_Orb_NR_Cal_Spk_TC_dB,GRD,2018-08-21T00:01:54.132442,2018-08-21T00:01:56.526272,EPSG:4326,2048,2048,-88.71440095757235,28.916110905779593,-88.53042598738467,29.10008587596727,29.008098390873432,-88.62241347247851,183838,4.383039474487305,-284991947.2016309,1267.2565574038013,786.3017058497155,20.0,,,
01201,D:\SIH_Dataset\Part_I\01_Train_Val_Oil_Spill_images\Oil\01201.tif,D:\SIH_Dataset\Part_I\01_Train_Val_Oil_Spill_mask\Mask_oil\01201.tif,S1A_IW_GRDH_1SDV_20181207T000144_20181207T000209_024912_02BE7D_4097_O,subset_423_of_S1A_IW_GRDH_1SDV_20181207T000144_20181207T000209_024912_02BE7D_4097_Orb_NR_Cal_Spk_TC_dB,GRD,2018-12-07T00:01:56.471450,2018-12-07T00:01:58.865298,EPSG:4326,2048,2048,-89.09761807843832,28.80448292731316,-88.91364310825064,28.988457897500837,28.896470412406998,-89.00563059334448,155609,3.710007667541504,-313823332.7393788,750.1290381661729,886.3580673354369,20.0,,,
01205,D:\SIH_Dataset\Part_I\01_Train_Val_Oil_Spill_images\Oil\01205.tif,D:\SIH_Dataset\Part_I\01_Train_Val_Oil_Spill_mask\Mask_oil\01205.tif,S1A_IW_GRDH_1SDV_20190112T000143_20190112T000208_025437_02D177_1EFC_O,subset_427_of_S1A_IW_GRDH_1SDV_20190112T000143_20190112T000208_025437_02D177_1EFC_Orb_NR_Cal_Spk_TC_dB,GRD,2019-01-12T00:01:55.357431,2019-01-12T00:01:57.751170,EPSG:4326,2048,2048,-89.05348121302303,28.773829579947858,-88.86950624283536,28.957804550135535,28.865817065041696,-88.9614937279292,180210,4.296541213989258,-445919452.35130537,144.6344764441485,681.073802785639,20.0,,,
01208,D:\SIH_Dataset\Part_I\01_Train_Val_Oil_Spill_images\Oil\01208.tif,D:\SIH_Dataset\Part_I\01_Train_Val_Oil_Spill_mask\Mask_oil\01208.tif,S1A_IW_GRDH_1SDV_20181231T000144_20181231T000209_025262_02CB2C_196A_O,subset_430_of_S1A_IW_GRDH_1SDV_20181231T000144_20181231T000209_025262_02CB2C_196A_Orb_NR_Cal_Spk_TC_dB,GRD,2018-12-31T00:01:55.953595,2018-12-31T00:01:58.347370,EPSG:4326,2048,2048,-89.3097070706651,28.772006059693005,-89.12573210047742,28.955981029880682,28.863993544786844,-89.21771958557126,109556,2.612018585205078,-230681498.10764775,235.46693928219358,1222.4382598853554,20.0,,,
01213,D:\SIH_Dataset\Part_I\01_Train_Val_Oil_Spill_images\Oil\01213.tif,D:\SIH_Dataset\Part_I\01_Train_Val_Oil_Spill_mask\Mask_oil\01213.tif,S1A_IW_GRDH_1SDV_20181219T000144_20181219T000209_025087_02C4D5_EE7D_O,subset_435_of_S1A_IW_GRDH_1SDV_20181219T000144_20181219T000209_025087_02C4D5_EE7D_Orb_NR_Cal_Spk_TC_dB,GRD,2018-12-19T00:01:55.267464,2018-12-19T00:01:57.661212,EPSG:4326,2048,2048,-89.97405584252608,28.849696983190455,-89.79008087233841,29.033671953378132,28.941684468284294,-89.88206835743225,52864,1.2603759765625,-41317413.10336491,1335.3071844733656,946.8115730932203,20.0,,,
01216,D:\SIH_Dataset\Part_I\01_Train_Val_Oil_Spill_images\Oil\01216.tif,D:\SIH_Dataset\Part_I\01_Train_Val_Oil_Spill_mask\Mask_oil\01216.tif,S1A_IW_GRDH_1SDV_20190325T000142_20190325T000207_026487_02F77B_19BF_O,subset_438_of_S1A_IW_GRDH_1SDV_20190325T000142_20190325T000207_026487_02F77B_19BF_Orb_NR_Cal_Spk_TC_dB,GRD,2019-03-25T00:01:55.571632,2019-03-25T00:01:57.965371,EPSG:4326,2048,2048,-89.44801643439011,28.701486961632085,-89.26404146420244,28.885461931819762,28.793474446725924,-89.35602894929627,84554,2.0159244537353516,-525808847.14300764,255.4515457577406,940.448222437732,20.0,,,
01222,D:\SIH_Dataset\Part_I\01_Train_Val_Oil_Spill_images\Oil\01222.tif,D:\SIH_Dataset\Part_I\01_Train_Val_Oil_Spill_mask\Mask_oil\01222.tif,S1A_IW_GRDH_1SDV_20180704T000141_20180704T000206_022637_0273E0_CAEF_O,subset_444_of_S1A_IW_GRDH_1SDV_20180704T000141_20180704T000206_022637_0273E0_CAEF_Orb_NR_Cal_Spk_TC_dB,GRD,2018-07-04T00:01:52.065588,2018-07-04T00:01:54.459443,EPSG:4326,2048,2048,-89.05640948258367,28.84678766896035,-88.872434512396,29.030762639148026,28.938775154054188,-88.96442199748984,172509,4.1129350662231445,-616249609.8439395,856.891863612913,1749.2636760980586,20.0,,,
01223,D:\SIH_Dataset\Part_I\01_Train_Val_Oil_Spill_images\Oil\01223.tif,D:\SIH_Dataset\Part_I\01_Train_Val_Oil_Spill_mask\Mask_oil\01223.tif,S1A_IW_GRDH_1SDV_20180704T000141_20180704T000206_022637_0273E0_CAEF_O,subset_445_of_S1A_IW_GRDH_1SDV_20180704T000141_20180704T000206_022637_0273E0_CAEF_Orb_NR_Cal_Spk_TC_dB,GRD,2018-07-04T00:01:51.659790,2018-07-04T00:01:54.053646,EPSG:4326,2048,2048,-88.96855424779679,28.877959209319297,-88.78457927760911,29.061934179506974,28.969946694413135,-88.87656676270295,405134,9.659147262573242,-713288405.9697615,1023.6456678531054,1119.7230842141119,20.0,,,
01224,D:\SIH_Dataset\Part_I\01_Train_Val_Oil_Spill_images\Oil\01224.tif,D:\SIH_Dataset\Part_I\01_Train_Val_Oil_Spill_mask\Mask_oil\01224.tif,S1A_IW_GRDH_1SDV_20180704T000141_20180704T000206_022637_0273E0_CAEF_O,subset_446_of_S1A_IW_GRDH_1SDV_20180704T000141_20180704T000206_022637_0273E0_CAEF_Orb_NR_Cal_Spk_TC_dB,GRD,2018-07-04T00:01:49.339610,2018-07-04T00:01:51.733465,EPSG:4326,2048,2048,-88.83919684688358,29.056184961688608,-88.6552218766959,29.240159931876285,29.148172446782446,-88.74720936178974,216609,5.164361000061035,-314516964.59342706,1430.453856949619,685.2982447636064,20.0,,,
01225,D:\SIH_Dataset\Part_I\01_Train_Val_Oil_Spill_images\Oil\01225.tif,D:\SIH_Dataset\Part_I\01_Train_Val_Oil_Spill_mask\Mask_oil\01225.tif,S1A_IW_GRDH_1SDV_20180823T175408_20180823T175433_023377_028B16_C6CE_O,subset_447_of_S1A_IW_GRDH_1SDV_20180823T175408_20180823T175433_023377_028B16_C6CE_Orb_NR_Cal_Spk_TC_dB,GRD,2018-08-23T17:54:28.553442,2018-08-23T17:54:30.962842,EPSG:4326,2048,2048,-0.15082846542965656,37.91979919739413,0.033146504758021444,38.103774167581804,38.011786682487966,-0.058840980335817555,114410,2.7277469635009766,-568014496.6034689,1162.0152871252512,866.6126999388165,20.0,,,
01227,D:\SIH_Dataset\Part_I\01_Train_Val_Oil_Spill_images\Oil\01227.tif,D:\SIH_Dataset\Part_I\01_Train_Val_Oil_Spill_mask\Mask_oil\01227.tif,S1A_IW_GRDH_1SDV_20180823T175408_20180823T175433_023377_028B16_C6CE_O,subset_449_of_S1A_IW_GRDH_1SDV_20180823T175408_20180823T175433_023377_028B16_C6CE_Orb_NR_Cal_Spk_TC_dB,GRD,2018-08-23T17:54:27.844864,2018-08-23T17:54:30.254264,EPSG:4326,2048,2048,-0.22691576999457996,37.973877777498124,-0.042940799806901964,38.1578527476858,38.06586526259196,-0.13492828490074096,70220,1.6741752624511719,-426856422.31312746,1195.0250783252634,1067.001979493022,20.0,,,
01231,D:\SIH_Dataset\Part_I\01_Train_Val_Oil_Spill_images\Oil\01231.tif,D:\SIH_Dataset\Part_I\01_Train_Val_Oil_Spill_mask\Mask_oil\01231.tif,S1A_IW_GRDH_1SDV_20180823T175408_20180823T175433_023377_028B16_C6CE_O,subset_453_of_S1A_IW_GRDH_1SDV_20180823T175408_20180823T175433_023377_028B16_C6CE_Orb_NR_Cal_Spk_TC_dB,GRD,2018-08-23T17:54:28.750008,2018-08-23T17:54:31.159408,EPSG:4326,2048,2048,-0.28952834529771065,37.904797332149336,-0.10555337511003265,38.08877230233701,37.996784817243174,-0.19754086020387165,69311,1.6525030136108398,-262710073.53523883,475.1264373620349,1268.3883871246987,20.0,,,
01233,D:\SIH_Dataset\Part_I\01_Train_Val_Oil_Spill_images\Oil\01233.tif,D:\SIH_Dataset\Part_I\01_Train_Val_Oil_Spill_mask\Mask_oil\01233.tif,S1A_IW_GRDH_1SDV_20190718T111514_20190718T111539_028170_032E9E_8AD1_O,subset_455_of_S1A_IW_GRDH_1SDV_20190718T111514_20190718T111539_028170_032E9E_8AD1_Orb_NR_Cal_Spk_TC_dB,GRD,2019-07-18T11:15:30.736412,2019-07-18T11:15:33.022052,EPSG:4326,2048,2048,107.51560312919322,-6.160201222908836,107.6995780993809,-5.976226252721158,-6.068213737814997,107.60759061428706,140215,3.3429861068725586,-698127843.7830048,1161.3826445102166,502.9763042470492,20.0,,,
01236,D:\SIH_Dataset\Part_I\01_Train_Val_Oil_Spill_images\Oil\01236.tif,D:\SIH_Dataset\Part_I\01_Train_Val_Oil_Spill_mask\Mask_oil\01236.tif,S1A_IW_GRDH_1SDV_20190718T111514_20190718T111539_028170_032E9E_8AD1_O,subset_458_of_S1A_IW_GRDH_1SDV_20190718T111514_20190718T111539_028170_032E9E_8AD1_Orb_NR_Cal_Spk_TC_dB,GRD,2019-07-18T11:15:30.232835,2019-07-18T11:15:32.518475,EPSG:4326,2048,2048,107.36091323726784,-6.1196872035950465,107.54488820745551,-5.935712233407369,-6.027699718501207,107.45290072236168,79520,1.895904541015625,-222869949.47544113,1236.5622107645875,1710.3140342052313,20.0,,,
01237,D:\SIH_Dataset\Part_I\01_Train_Val_Oil_Spill_images\Oil\01237.tif,D:\SIH_Dataset\Part_I\01_Train_Val_Oil_Spill_mask\Mask_oil\01237.tif,S1A_IW_GRDH_1SDV_20190730T111514_20190730T111539_028345_0333FB_3615_O,subset_459_of_S1A_IW_GRDH_1SDV_20190730T111514_20190730T111539_028345_0333FB_3615_Orb_NR_Cal_Spk_TC_dB,GRD,2019-07-30T11:15:31.505597,2019-07-30T11:15:33.791245,EPSG:4326,2048,2048,107.46141409844036,-6.169648502463677,107.64538906862803,-5.9856735322759995,-6.077661017369838,107.5534015835342,165800,3.9529800415039062,-247383099.78798392,1059.3647285886611,699.5840048250905,20.0,,,
01238,D:\SIH_Dataset\Part_I\01_Train_Val_Oil_Spill_images\Oil\01238.tif,D:\SIH_Dataset\Part_I\01_Train_Val_Oil_Spill_mask\Mask_oil\01238.tif,S1A_IW_GRDH_1SDV_20190730T111514_20190730T111539_028345_0333FB_3615_O,subset_460_of_S1A_IW_GRDH_1SDV_20190730T111514_20190730T111539_028345_0333FB_3615_Orb_NR_Cal_Spk_TC_dB,GRD,2019-07-30T11:15:30.796565,2019-07-30T11:15:33.082214,EPSG:4326,2048,2048,107.37158257002841,-6.112605481922088,107.55555754021609,-5.9286305117344105,-6.02061799682825,107.46357005512225,227703,5.428862571716309,-328313817.87715787,1370.0476344185188,1149.4033214318652,20.0,,,
01239,D:\SIH_Dataset\Part_I\01_Train_Val_Oil_Spill_images\Oil\01239.tif,D:\SIH_Dataset\Part_I\01_Train_Val_Oil_Spill_mask\Mask_oil\01239.tif,S1A_IW_GRDH_1SDV_20190730T111514_20190730T111539_028345_0333FB_3615_O,subset_461_of_S1A_IW_GRDH_1SDV_20190730T111514_20190730T111539_028345_0333FB_3615_Orb_NR_Cal_Spk_TC_dB,GRD,2019-07-30T11:15:30.156762,2019-07-30T11:15:32.442411,EPSG:4326,2048,2048,107.30744285874226,-6.0611320161420394,107.49141782892994,-5.877157045954362,-5.969144531048201,107.3994303438361,107196,2.5557518005371094,-257777216.81577894,1414.8201518713386,1099.3604332251202,20.0,,,
01245,D:\SIH_Dataset\Part_I\01_Train_Val_Oil_Spill_images\Oil\01245.tif,D:\SIH_Dataset\Part_I\01_Train_Val_Oil_Spill_mask\Mask_oil\01245.tif,S1A_IW_GRDH_1SDV_20190612T111511_20190612T111536_027645_031ED2_9323_O,subset_467_of_S1A_IW_GRDH_1SDV_20190612T111511_20190612T111536_027645_031ED2_9323_Orb_NR_Cal_Spk_TC_dB,GRD,2019-06-12T11:15:15.579657,2019-06-12T11:15:17.865279,EPSG:4326,2048,2048,106.97273341478292,-5.1424278500535,107.1567083849706,-4.958452879865822,-5.050440364959661,107.06472089987676,58972,1.4060020446777344,-21854391.941797163,1031.2603438920166,856.9717323475547,20.0,,,
01249,D:\SIH_Dataset\Part_I\01_Train_Val_Oil_Spill_images\Oil\01249.tif,D:\SIH_Dataset\Part_I\01_Train_Val_Oil_Spill_mask\Mask_oil\01249.tif,S1A_IW_GRDH_1SDV_20190612T111511_20190612T111536_027645_031ED2_9323_O,subset_471_of_S1A_IW_GRDH_1SDV_20190612T111511_20190612T111536_027645_031ED2_9323_Orb_NR_Cal_Spk_TC_dB,GRD,2019-06-12T11:15:22.391861,2019-06-12T11:15:24.677483,EPSG:4326,2048,2048,106.76872601375938,-5.69049000489482,106.95270098394705,-5.506515034707142,-5.598502519800981,106.86071349885322,72937,1.7389535903930664,-209159100.10161445,1096.8231281791134,950.0750716371663,20.0,,,
01252,D:\SIH_Dataset\Part_I\01_Train_Val_Oil_Spill_images\Oil\01252.tif,D:\SIH_Dataset\Part_I\01_Train_Val_Oil_Spill_mask\Mask_oil\01252.tif,S1A_IW_GRDH_1SDV_20190702T223348_20190702T223415_027944_0327B6_7BF5_O,subset_482_of_S1A_IW_GRDH_1SDV_20190702T223348_20190702T223415_027944_0327B6_7BF5_Orb_NR_Cal_Spk_TC_dB,GRD,2019-07-02T22:33:58.974265,2019-07-02T22:34:01.310063,EPSG:4326,2048,2048,105.25502897646558,-6.715214174366504,105.43900394665326,-6.531239204178826,-6.623226689272665,105.34701646155942,95363,2.2736310958862305,-9016736.058288282,1005.9971005526253,738.8594580707402,20.0,,,
01255,D:\SIH_Dataset\Part_I\01_Train_Val_Oil_Spill_images\Oil\01255.tif,D:\SIH_Dataset\Part_I\01_Train_Val_Oil_Spill_mask\Mask_oil\01255.tif,S1A_IW_GRDH_1SDV_20190702T223348_20190702T223415_027944_0327B6_7BF5_O,subset_485_of_S1A_IW_GRDH_1SDV_20190702T223348_20190702T223415_027944_0327B6_7BF5_Orb_NR_Cal_Spk_TC_dB,GRD,2019-07-02T22:34:03.130091,2019-07-02T22:34:05.465889,EPSG:4326,2048,2048,105.17076700281517,-7.042380600842834,105.35474197300285,-6.858405630655156,-6.950393115748994,105.262754487909,64203,1.5307188034057617,-54321321.10612081,1266.8990156223228,880.1140834540442,20.0,,,
01256,D:\SIH_Dataset\Part_I\01_Train_Val_Oil_Spill_images\Oil\01256.tif,D:\SIH_Dataset\Part_I\01_Train_Val_Oil_Spill_mask\Mask_oil\01256.tif,S1A_IW_GRDH_1SDV_20190702T223348_20190702T223415_027944_0327B6_7BF5_O,subset_486_of_S1A_IW_GRDH_1SDV_20190702T223348_20190702T223415_027944_0327B6_7BF5_Orb_NR_Cal_Spk_TC_dB,GRD,2019-07-02T22:34:03.681235,2019-07-02T22:34:06.017033,EPSG:4326,2048,2048,105.29904642538743,-7.085769229065806,105.48302139557511,-6.9017942588781285,-6.993781743971967,105.39103391048127,114659,2.7336835861206055,-330407143.75186294,1217.6232611482744,1232.642082174099,20.0,,,
01261,D:\SIH_Dataset\Part_I\01_Train_Val_Oil_Spill_images\Oil\01261.tif,D:\SIH_Dataset\Part_I\01_Train_Val_Oil_Spill_mask\Mask_oil\01261.tif,S1B_IW_GRDH_1SDV_20171201T120016_20171201T120045_008525_00F1F5_E307_O,subset_491_of_S1B_IW_GRDH_1SDV_20171201T120016_20171201T120045_008525_00F1F5_E307_Orb_NR_Cal_Spk_TC_dB,GRD,2017-12-01T12:00:34.539704,2017-12-01T12:00:36.992056,EPSG:4326,2048,2048,-92.145533654152,19.242754229912126,-91.96155868396433,19.426729200099803,19.334741715005965,-92.05354616905817,185130,4.413843154907227,-233521013.95600304,927.4728623129693,825.9303084319127,20.0,,,
01264,D:\SIH_Dataset\Part_I\01_Train_Val_Oil_Spill_images\Oil\01264.tif,D:\SIH_Dataset\Part_I\01_Train_Val_Oil_Spill_mask\Mask_oil\01264.tif,S1A_IW_GRDH_1SDV_20170504T111842_20170504T111911_016431_01B371_89EF_O,subset_494_of_S1A_IW_GRDH_1SDV_20170504T111842_20170504T111911_016431_01B371_89EF_Orb_NR_Cal_Spk_TC_dB,GRD,2017-05-04T11:18:54.392394,2017-05-04T11:18:56.855357,EPSG:4326,2048,2048,-80.38118775142084,23.33648274746105,-80.19721278123316,23.52045771764873,23.42847023255489,-80.289200266327,152554,3.6371707916259766,-161619664.92367423,1185.3866434180684,1298.1619754316505,20.0,,,
01265,D:\SIH_Dataset\Part_I\01_Train_Val_Oil_Spill_images\Oil\01265.tif,D:\SIH_Dataset\Part_I\01_Train_Val_Oil_Spill_mask\Mask_oil\01265.tif,S1A_IW_GRDH_1SDV_20170504T111842_20170504T111911_016431_01B371_89EF_O,subset_495_of_S1A_IW_GRDH_1SDV_20170504T111842_20170504T111911_016431_01B371_89EF_Orb_NR_Cal_Spk_TC_dB,GRD,2017-05-04T11:18:54.762981,2017-05-04T11:18:57.225945,EPSG:4326,2048,2048,-80.49060255302659,23.308814636710167,-80.30662758283891,23.492789606897844,23.400802121804006,-80.39861506793275,66043,1.5745878219604492,-284792572.85836285,1192.1968490226066,1066.2657586723801,20.0,,,
01268,D:\SIH_Dataset\Part_I\01_Train_Val_Oil_Spill_images\Oil\01268.tif,D:\SIH_Dataset\Part_I\01_Train_Val_Oil_Spill_mask\Mask_oil\01268.tif,S1B_IW_GRDH_1SDV_20180331T120014_20180331T120043_010275_012AFA_82DC_O,subset_498_of_S1B_IW_GRDH_1SDV_20180331T120014_20180331T120043_010275_012AFA_82DC_Orb_NR_Cal_Spk_TC_dB,GRD,2018-03-31T12:00:31.563586,2018-03-31T12:00:34.016286,EPSG:4326,2048,2048,-92.16883263765429,19.3040266364251,-91.98485766746661,19.488001606612777,19.396014121518938,-92.07684515256045,147267,3.5111188888549805,-229801255.75694475,1317.4292102100267,1034.3991966971555,20.0,,,
01269,D:\SIH_Dataset\Part_I\01_Train_Val_Oil_Spill_images\Oil\01269.tif,D:\SIH_Dataset\Part_I\01_Train_Val_Oil_Spill_mask\Mask_oil\01269.tif,S1B_IW_GRDH_1SDV_20180717T120020_20180717T120049_011850_015CFB_926A_O,subset_499_of_S1B_IW_GRDH_1SDV_20180717T120020_20180717T120049_011850_015CFB_926A_Orb_NR_Cal_Spk_TC_dB,GRD,2018-07-17T12:00:37.518197,2018-07-17T12:00:39.970822,EPSG:4326,2048,2048,-92.17418737969638,19.283130221065353,-91.9902124095087,19.46710519125303,19.37511770615919,-92.08219989460254,64146,1.5293598175048828,-151751476.4694621,993.8905309762105,1159.4825086521373,20.0,,,
01270,D:\SIH_Dataset\Part_I\01_Train_Val_Oil_Spill_images\Oil\01270.tif,D:\SIH_Dataset\Part_I\01_Train_Val_Oil_Spill_mask\Mask_oil\01270.tif,S1B_IW_GRDH_1SDV_20180729T120021_20180729T120050_012025_01623E_7E83_O,subset_500_of_S1B_IW_GRDH_1SDV_20180729T120021_20180729T120050_012025_01623E_7E83_Orb_NR_Cal_Spk_TC_dB,GRD,2018-07-29T12:00:36.207428,2018-07-29T12:00:38.660096,EPSG:4326,2048,2048,-92.08134658315005,19.444979932151337,-91.89737161296237,19.628954902339014,19.536967417245176,-91.98935909805621,51144,1.2193679809570312,-34369336.160878405,1534.481913811982,552.2572344752073,20.0,,,
01272,D:\SIH_Dataset\Part_I\01_Train_Val_Oil_Spill_images\Oil\01272.tif,D:\SIH_Dataset\Part_I\01_Train_Val_Oil_Spill_mask\Mask_oil\01272.tif,S1B_IW_GRDH_1SDV_20180729T120021_20180729T120050_012025_01623E_7E83_O,subset_502_of_S1B_IW_GRDH_1SDV_20180729T120021_20180729T120050_012025_01623E_7E83_Orb_NR_Cal_Spk_TC_dB,GRD,2018-07-29T12:00:38.495945,2018-07-29T12:00:40.948613,EPSG:4326,2048,2048,-92.21950747384763,19.273401712884507,-92.03553250365995,19.457376683072184,19.365389197978345,-92.12751998875379,297312,7.088470458984375,-645220682.3802185,1029.5467623237541,1235.3801393821977,20.0,,,
01273,D:\SIH_Dataset\Part_I\01_Train_Val_Oil_Spill_images\Oil\01273.tif,D:\SIH_Dataset\Part_I\01_Train_Val_Oil_Spill_mask\Mask_oil\01273.tif,S1B_IW_GRDH_1SDV_20180729T120021_20180729T120050_012025_01623E_7E83_O,subset_503_of_S1B_IW_GRDH_1SDV_20180729T120021_20180729T120050_012025_01623E_7E83_Orb_NR_Cal_Spk_TC_dB,GRD,2018-07-29T12:00:38.778715,2018-07-29T12:00:41.231382,EPSG:4326,2048,2048,-92.3289222754534,19.252201472179287,-92.14494730526572,19.436176442366964,19.344188957273126,-92.23693479035956,135649,3.234124183654785,-850230751.054658,876.7334112304551,984.9490339036779,20.0,,,
01274,D:\SIH_Dataset\Part_I\01_Train_Val_Oil_Spill_images\Oil\01274.tif,D:\SIH_Dataset\Part_I\01_Train_Val_Oil_Spill_mask\Mask_oil\01274.tif,S1B_IW_GRDH_1SDV_20180729T120021_20180729T120050_012025_01623E_7E83_O,subset_504_of_S1B_IW_GRDH_1SDV_20180729T120021_20180729T120050_012025_01623E_7E83_Orb_NR_Cal_Spk_TC_dB,GRD,2018-07-29T12:00:38.772724,2018-07-29T12:00:41.225392,EPSG:4326,2048,2048,-92.42782678823495,19.252650629821346,-92.24385181804728,19.436625600009023,19.344638114915185,-92.33583930314111,85102,2.028989791870117,-369974048.75617474,845.6554605062161,1582.3247044722802,20.0,,,
01275,D:\SIH_Dataset\Part_I\01_Train_Val_Oil_Spill_images\Oil\01275.tif,D:\SIH_Dataset\Part_I\01_Train_Val_Oil_Spill_mask\Mask_oil\01275.tif,S1A_IW_GRDH_1SDV_20180901T211633_20180901T211702_023510_028F58_62DC_O,subset_505_of_S1A_IW_GRDH_1SDV_20180901T211633_20180901T211702_023510_028F58_62DC_Orb_NR_Cal_Spk_TC_dB,GRD,2018-09-01T21:16:54.902395,2018-09-01T21:16:57.389078,EPSG:4326,2048,2048,130.00880044012155,33.687261872753766,130.19277541030922,33.87123684294144,33.779249357847604,130.1007879252154,45378,1.0818958282470703,-129264403.36227146,677.395720393142,1111.1976508440214,20.0,,,
01276,D:\SIH_Dataset\Part_I\01_Train_Val_Oil_Spill_images\Oil\01276.tif,D:\SIH_Dataset\Part_I\01_Train_Val_Oil_Spill_mask\Mask_oil\01276.tif,S1A_IW_GRDH_1SDV_20180901T211633_20180901T211702_023510_028F58_62DC_O,subset_506_of_S1A_IW_GRDH_1SDV_20180901T211633_20180901T211702_023510_028F58_62DC_Orb_NR_Cal_Spk_TC_dB,GRD,2018-09-01T21:16:53.626861,2018-09-01T21:16:56.113544,EPSG:4326,2048,2048,130.11686776880111,33.78158497758632,130.3008427389888,33.965559947774,33.87357246268016,130.20885525389497,85036,2.027416229248047,-81157124.87537405,1046.0679006538408,1195.1715743920222,20.0,,,
01280,D:\SIH_Dataset\Part_I\01_Train_Val_Oil_Spill_images\Oil\01280.tif,D:\SIH_Dataset\Part_I\01_Train_Val_Oil_Spill_mask\Mask_oil\01280.tif,S1A_IW_GRDH_1SDV_20191026T221743_20191026T221812_029636_036008_C0F4_O,subset_510_of_S1A_IW_GRDH_1SDV_20191026T221743_20191026T221812_029636_036008_C0F4_Orb_NR_Cal_Spk_TC_dB,GRD,2019-10-26T22:17:48.523468,2019-10-26T22:17:50.946346,EPSG:4326,2048,2048,-60.81299255932832,10.050589920808273,-60.629017589140645,10.234564890995951,10.142577405902113,-60.72100507423448,100717,2.401280403137207,-138634580.92534038,1181.4357605965229,845.8628880923776,20.0,,,
01285,D:\SIH_Dataset\Part_I\01_Train_Val_Oil_Spill_images\Oil\01285.tif,D:\SIH_Dataset\Part_I\01_Train_Val_Oil_Spill_mask\Mask_oil\01285.tif,S1A_IW_GRDH_1SDV_20191014T031431_20191014T031500_029449_03598E_1B6C_O,subset_515_of_S1A_IW_GRDH_1SDV_20191014T031431_20191014T031500_029449_03598E_1B6C_Orb_NR_Cal_Spk_TC_dB,GRD,2019-10-14T03:14:45.855018,2019-10-14T03:14:48.304596,EPSG:4326,2048,2048,38.92500016190679,19.678815209025675,39.108975132094464,19.862790179213352,19.770802694119514,39.016987647000626,120644,2.8763771057128906,-99399896.72541146,1103.256597924472,985.6514621531117,20.0,,,
01286,D:\SIH_Dataset\Part_I\01_Train_Val_Oil_Spill_images\Oil\01286.tif,D:\SIH_Dataset\Part_I\01_Train_Val_Oil_Spill_mask\Mask_oil\01286.tif,S1A_IW_GRDH_1SDV_20191014T031431_20191014T031500_029449_03598E_1B6C_O,subset_516_of_S1A_IW_GRDH_1SDV_20191014T031431_20191014T031500_029449_03598E_1B6C_Orb_NR_Cal_Spk_TC_dB,GRD,2019-10-14T03:14:44.928798,2019-10-14T03:14:47.378376,EPSG:4326,2048,2048,39.05004564945622,19.748344812016526,39.2340206196439,19.932319782204203,19.840332297110365,39.14203313455006,141526,3.3742427825927734,-202988.73020475,958.1576600765937,1071.6330285601232,20.0,,,
01287,D:\SIH_Dataset\Part_I\01_Train_Val_Oil_Spill_images\Oil\01287.tif,D:\SIH_Dataset\Part_I\01_Train_Val_Oil_Spill_mask\Mask_oil\01287.tif,S1A_IW_GRDH_1SDV_20191014T031431_20191014T031500_029449_03598E_1B6C_O,subset_517_of_S1A_IW_GRDH_1SDV_20191014T031431_20191014T031500_029449_03598E_1B6C_Orb_NR_Cal_Spk_TC_dB,GRD,2019-10-14T03:14:43.638790,2019-10-14T03:14:46.088368,EPSG:4326,2048,2048,39.20617284583619,19.845183199644612,39.39014781602387,20.02915816983229,19.93717068473845,39.29816033093003,165201,3.9386987686157227,-184872462.98494425,918.2919564651546,1162.257120114285,20.0,,,
01288,D:\SIH_Dataset\Part_I\01_Train_Val_Oil_Spill_images\Oil\01288.tif,D:\SIH_Dataset\Part_I\01_Train_Val_Oil_Spill_mask\Mask_oil\01288.tif,S1A_IW_GRDH_1SDV_20191014T031431_20191014T031500_029449_03598E_1B6C_O,subset_518_of_S1A_IW_GRDH_1SDV_20191014T031431_20191014T031500_029449_03598E_1B6C_Orb_NR_Cal_Spk_TC_dB,GRD,2019-10-14T03:14:42.959083,2019-10-14T03:14:45.408661,EPSG:4326,2048,2048,39.33014035504469,19.8962075077826,39.51411532523237,20.080182477970276,19.988194992876437,39.42212784013853,233900,5.576610565185547,-22922660.976653874,1024.6543565626337,941.7368490808037,20.0,,,
01289,D:\SIH_Dataset\Part_I\01_Train_Val_Oil_Spill_images\Oil\01289.tif,D:\SIH_Dataset\Part_I\01_Train_Val_Oil_Spill_mask\Mask_oil\01289.tif,S1A_IW_GRDH_1SDV_20191014T031431_20191014T031500_029449_03598E_1B6C_O,subset_519_of_S1A_IW_GRDH_1SDV_20191014T031431_20191014T031500_029449_03598E_1B6C_Orb_NR_Cal_Spk_TC_dB,GRD,2019-10-14T03:14:43.344410,2019-10-14T03:14:45.793988,EPSG:4326,2048,2048,39.45338921202589,19.86728175563395,39.63736418221357,20.051256725821627,19.95926924072779,39.54537669711973,125483,2.9917478561401367,-258816055.9663689,757.4539379836312,1153.367248950057,20.0,,,
01298,D:\SIH_Dataset\Part_I\01_Train_Val_Oil_Spill_images\Oil\01298.tif,D:\SIH_Dataset\Part_I\01_Train_Val_Oil_Spill_mask\Mask_oil\01298.tif,S1A_IW_GRDH_1SDV_20191026T031431_20191026T031500_029624_035F8D_0944_O,subset_528_of_S1A_IW_GRDH_1SDV_20191026T031431_20191026T031500_029624_035F8D_0944_Orb_NR_Cal_Spk_TC_dB,GRD,2019-10-26T03:14:38.390713,2019-10-26T03:14:40.840288,EPSG:4326,2048,2048,39.405682203585144,20.23802410126988,39.58965717377282,20.421999071457556,20.330011586363717,39.49766968867898,155740,3.7131309509277344,-108108472.47429094,913.9868562989598,924.5087132400154,20.0,,,
01300,D:\SIH_Dataset\Part_I\01_Train_Val_Oil_Spill_images\Oil\01300.tif,D:\SIH_Dataset\Part_I\01_Train_Val_Oil_Spill_mask\Mask_oil\01300.tif,S1A_IW_GRDH_1SDV_20191026T031431_20191026T031500_029624_035F8D_0944_O,subset_530_of_S1A_IW_GRDH_1SDV_20191026T031431_20191026T031500_029624_035F8D_0944_Orb_NR_Cal_Spk_TC_dB,GRD,2019-10-26T03:14:37.952734,2019-10-26T03:14:40.402308,EPSG:4326,2048,2048,39.27542648738781,20.270902440668653,39.45940145757549,20.45487741085633,20.36288992576249,39.36741397248165,167183,3.9859533309936523,-106575815.44250235,1040.5582595120318,1180.5884300437244,20.0,,,
01301,D:\SIH_Dataset\Part_I\01_Train_Val_Oil_Spill_images\Oil\01301.tif,D:\SIH_Dataset\Part_I\01_Train_Val_Oil_Spill_mask\Mask_oil\01301.tif,S1A_IW_GRDH_1SDV_20191026T031431_20191026T031500_029624_035F8D_0944_O,subset_531_of_S1A_IW_GRDH_1SDV_20191026T031431_20191026T031500_029624_035F8D_0944_Orb_NR_Cal_Spk_TC_dB,GRD,2019-10-26T03:14:38.396697,2019-10-26T03:14:40.846271,EPSG:4326,2048,2048,39.21532919488022,20.237574943627816,39.399304165067896,20.421549913815493,20.329562428721655,39.30731667997406,124227,2.9618024826049805,-124972314.54053491,758.1601785441168,1680.8462854290935,20.0,,,
01307,D:\SIH_Dataset\Part_I\01_Train_Val_Oil_Spill_images\Oil\01307.tif,D:\SIH_Dataset\Part_I\01_Train_Val_Oil_Spill_mask\Mask_oil\01307.tif,S1A_IW_GRDH_1SDV_20191026T031431_20191026T031500_029624_035F8D_0944_O,subset_537_of_S1A_IW_GRDH_1SDV_20191026T031431_20191026T031500_029624_035F8D_0944_Orb_NR_Cal_Spk_TC_dB,GRD,2019-10-26T03:14:42.557503,2019-10-26T03:14:45.007078,EPSG:4326,2048,2048,38.85609291276082,19.92523071933946,39.0400678829485,20.109205689527137,20.0172182044333,38.94808039785466,228062,5.437421798706055,-756785842.9198452,1229.075317238295,371.3732318404644,20.0,,,
01308,D:\SIH_Dataset\Part_I\01_Train_Val_Oil_Spill_images\Oil\01308.tif,D:\SIH_Dataset\Part_I\01_Train_Val_Oil_Spill_mask\Mask_oil\01308.tif,S1A_IW_GRDH_1SDV_20191026T031431_20191026T031500_029624_035F8D_0944_O,subset_538_of_S1A_IW_GRDH_1SDV_20191026T031431_20191026T031500_029624_035F8D_0944_Orb_NR_Cal_Spk_TC_dB,GRD,2019-10-26T03:14:42.703496,2019-10-26T03:14:45.153071,EPSG:4326,2048,2048,38.65217534326569,19.9142712728732,38.836150313453366,20.098246243060878,20.00625875796704,38.74416282835953,214730,5.119562149047852,-375205557.7019759,1148.8480603548642,1500.9586317701298,20.0,,,
01309,D:\SIH_Dataset\Part_I\01_Train_Val_Oil_Spill_images\Oil\01309.tif,D:\SIH_Dataset\Part_I\01_Train_Val_Oil_Spill_mask\Mask_oil\01309.tif,S1A_IW_GRDH_1SDV_20190925T032240_20190925T032309_029172_034FF8_07DB_O,subset_539_of_S1A_IW_GRDH_1SDV_20190925T032240_20190925T032309_029172_034FF8_07DB_Orb_NR_Cal_Spk_TC_dB,GRD,2019-09-25T03:22:56.907167,2019-09-25T03:22:59.359503,EPSG:4326,2048,2048,38.432111449246136,19.810983724988688,38.61608641943381,19.994958695176365,19.902971210082526,38.524098934339975,134380,3.203868865966797,-115343663.5073762,1329.8993376990625,1005.3413528798928,20.0,,,
01310,D:\SIH_Dataset\Part_I\01_Train_Val_Oil_Spill_images\Oil\01310.tif,D:\SIH_Dataset\Part_I\01_Train_Val_Oil_Spill_mask\Mask_oil\01310.tif,S1A_IW_GRDH_1SDV_20190925T032240_20190925T032309_029172_034FF8_07DB_O,subset_540_of_S1A_IW_GRDH_1SDV_20190925T032240_20190925T032309_029172_034FF8_07DB_Orb_NR_Cal_Spk_TC_dB,GRD,2019-09-25T03:22:57.139581,2019-09-25T03:22:59.591918,EPSG:4326,2048,2048,38.43202161771772,19.793556408476768,38.6159965879054,19.977531378664445,19.885543893570606,38.52400910281156,105807,2.5226354598999023,-81844112.41155058,1267.8822147873013,1044.4105919268102,20.0,,,
01311,D:\SIH_Dataset\Part_I\01_Train_Val_Oil_Spill_images\Oil\01311.tif,D:\SIH_Dataset\Part_I\01_Train_Val_Oil_Spill_mask\Mask_oil\01311.tif,S1A_IW_GRDH_1SDV_20190925T032240_20190925T032309_029172_034FF8_07DB_O,subset_541_of_S1A_IW_GRDH_1SDV_20190925T032240_20190925T032309_029172_034FF8_07DB_Orb_NR_Cal_Spk_TC_dB,GRD,2019-09-25T03:22:58.502922,2019-09-25T03:23:00.955259,EPSG:4326,2048,2048,38.45124556479788,19.69132812914397,38.63522053498556,19.875303099331646,19.783315614237807,38.54323304989172,121788,2.9036521911621094,-20546708.45132062,982.4040627976484,1209.1026702138142,20.0,,,
01312,D:\SIH_Dataset\Part_I\01_Train_Val_Oil_Spill_images\Oil\01312.tif,D:\SIH_Dataset\Part_I\01_Train_Val_Oil_Spill_mask\Mask_oil\01312.tif,S1A_IW_GRDH_1SDV_20190925T032240_20190925T032309_029172_034FF8_07DB_O,subset_542_of_S1A_IW_GRDH_1SDV_20190925T032240_20190925T032309_029172_034FF8_07DB_Orb_NR_Cal_Spk_TC_dB,GRD,2019-09-25T03:22:59.674581,2019-09-25T03:23:02.126917,EPSG:4326,2048,2048,38.49328672009467,19.60347289435708,38.67726169028235,19.787447864544756,19.695460379450918,38.58527420518851,90117,2.148556709289551,-11638924.575118406,891.1605191029439,1296.4361940588346,20.0,,,
01313,D:\SIH_Dataset\Part_I\01_Train_Val_Oil_Spill_images\Oil\01313.tif,D:\SIH_Dataset\Part_I\01_Train_Val_Oil_Spill_mask\Mask_oil\01313.tif,S1A_IW_GRDH_1SDV_20190925T032240_20190925T032309_029172_034FF8_07DB_O,subset_543_of_S1A_IW_GRDH_1SDV_20190925T032240_20190925T032309_029172_034FF8_07DB_Orb_NR_Cal_Spk_TC_dB,GRD,2019-09-25T03:23:00.345469,2019-09-25T03:23:02.797805,EPSG:4326,2048,2048,38.58734033034199,19.553167238446385,38.771315300529665,19.73714220863406,19.645154723540223,38.679327815435826,69537,1.6578912734985352,-37934224.582862966,997.3554151027511,708.5770381235889,20.0,,,
01314,D:\SIH_Dataset\Part_I\01_Train_Val_Oil_Spill_images\Oil\01314.tif,D:\SIH_Dataset\Part_I\01_Train_Val_Oil_Spill_mask\Mask_oil\01314.tif,S1A_IW_GRDH_1SDV_20190925T032240_20190925T032309_029172_034FF8_07DB_O,subset_544_of_S1A_IW_GRDH_1SDV_20190925T032240_20190925T032309_029172_034FF8_07DB_Orb_NR_Cal_Spk_TC_dB,GRD,2019-09-25T03:23:02.098165,2019-09-25T03:23:04.550501,EPSG:4326,2048,2048,38.64698846520753,19.421743712379698,38.830963435395205,19.605718682567375,19.513731197473536,38.738975950301366,53098,1.2659549713134766,-39352059.72034353,986.5920373648725,1142.0959734829937,20.0,,,
01319,D:\SIH_Dataset\Part_I\01_Train_Val_Oil_Spill_images\Oil\01319.tif,D:\SIH_Dataset\Part_I\01_Train_Val_Oil_Spill_mask\Mask_oil\01319.tif,S1A_IW_GRDH_1SDV_20180628T235339_20180628T235408_022564_0271B9_CEDC_O,subset_549_of_S1A_IW_GRDH_1SDV_20180628T235339_20180628T235408_022564_0271B9_CEDC_Orb_NR_Cal_Spk_TC_dB,GRD,2018-06-28T23:54:03.995602,2018-06-28T23:54:06.469239,EPSG:4326,2048,2048,-88.80555696084572,28.8527459704301,-88.62158199065804,29.036720940617776,28.944733455523938,-88.71356947575188,61641,1.4696359634399414,-19494607.30678975,1104.2644911665936,377.7553333008874,20.0,,,
01321,D:\SIH_Dataset\Part_I\01_Train_Val_Oil_Spill_images\Oil\01321.tif,D:\SIH_Dataset\Part_I\01_Train_Val_Oil_Spill_mask\Mask_oil\01321.tif,S1A_IW_GRDH_1SDV_20180628T235339_20180628T235408_022564_0271B9_CEDC_O,subset_551_of_S1A_IW_GRDH_1SDV_20180628T235339_20180628T235408_022564_0271B9_CEDC_Orb_NR_Cal_Spk_TC_dB,GRD,2018-06-28T23:54:03.750292,2018-06-28T23:54:06.223930,EPSG:4326,2048,2048,-88.94165172638982,28.870981770697725,-88.75767675620214,29.0549567408854,28.962969255791563,-88.84966424129598,117423,2.7995824813842773,-483041890.7981455,1213.1329083739984,1263.912150941468,20.0,,,
01322,D:\SIH_Dataset\Part_I\01_Train_Val_Oil_Spill_images\Oil\01322.tif,D:\SIH_Dataset\Part_I\01_Train_Val_Oil_Spill_mask\Mask_oil\01322.tif,S1A_IW_GRDH_1SDV_20180628T235339_20180628T235408_022564_0271B9_CEDC_O,subset_552_of_S1A_IW_GRDH_1SDV_20180628T235339_20180628T235408_022564_0271B9_CEDC_Orb_NR_Cal_Spk_TC_dB,GRD,2018-06-28T23:54:03.804671,2018-06-28T23:54:06.278309,EPSG:4326,2048,2048,-89.02357808030152,28.866939351919186,-88.83960311011384,29.050914322106863,28.958926837013024,-88.93159059520768,46260,1.1029243469238281,-17960059.50432172,1170.521271076524,1665.4642671854733,20.0,,,
01334,D:\SIH_Dataset\Part_I\01_Train_Val_Oil_Spill_images\Oil\01334.tif,D:\SIH_Dataset\Part_I\01_Train_Val_Oil_Spill_mask\Mask_oil\01334.tif,S1A_IW_GRDH_1SDV_20160503T000133_20160503T000202_011087_010B3C_451A_O,subset_564_of_S1A_IW_GRDH_1SDV_20160503T000133_20160503T000202_011087_010B3C_451A_Orb_NR_Cal_Spk_TC_dB,GRD,2016-05-03T00:01:53.666150,2016-05-03T00:01:56.143070,EPSG:4326,2048,2048,-89.07819048321504,28.86375598191632,-88.89421551302736,29.047730952103997,28.95574346701016,-88.9862029981212,92927,2.21555233001709,-89587708.92011178,1646.493500274409,515.9350404080623,20.0,,,
01335,D:\SIH_Dataset\Part_I\01_Train_Val_Oil_Spill_images\Oil\01335.tif,D:\SIH_Dataset\Part_I\01_Train_Val_Oil_Spill_mask\Mask_oil\01335.tif,S1A_IW_GRDH_1SDV_20160503T000133_20160503T000202_011087_010B3C_451A_O,subset_565_of_S1A_IW_GRDH_1SDV_20160503T000133_20160503T000202_011087_010B3C_451A_Orb_NR_Cal_Spk_TC_dB,GRD,2016-05-03T00:01:54.694671,2016-05-03T00:01:57.171591,EPSG:4326,2048,2048,-89.1523014941549,28.787399182766162,-88.96832652396722,28.97137415295384,28.87938666786,-89.06031400906106,200457,4.779267311096191,-255552541.21847987,1174.0012795761684,980.1911656864065,20.0,,,
01336,D:\SIH_Dataset\Part_I\01_Train_Val_Oil_Spill_images\Oil\01336.tif,D:\SIH_Dataset\Part_I\01_Train_Val_Oil_Spill_mask\Mask_oil\01336.tif,S1A_IW_GRDH_1SDV_20160503T000133_20160503T000202_011087_010B3C_451A_O,subset_566_of_S1A_IW_GRDH_1SDV_20160503T000133_20160503T000202_011087_010B3C_451A_Orb_NR_Cal_Spk_TC_dB,GRD,2016-05-03T00:01:55.091559,2016-05-03T00:01:57.568479,EPSG:4326,2048,2048,-89.2192259828218,28.75793444144704,-89.03525101263412,28.941909411634718,28.84992192654088,-89.12723849772796,196076,4.674816131591797,-183992248.0186133,1067.5634753870947,1291.133422754442,20.0,,,
01337,D:\SIH_Dataset\Part_I\01_Train_Val_Oil_Spill_images\Oil\01337.tif,D:\SIH_Dataset\Part_I\01_Train_Val_Oil_Spill_mask\Mask_oil\01337.tif,S1A_IW_GRDH_1SDV_20160503T000133_20160503T000202_011087_010B3C_451A_O,subset_567_of_S1A_IW_GRDH_1SDV_20160503T000133_20160503T000202_011087_010B3C_451A_Orb_NR_Cal_Spk_TC_dB,GRD,2016-05-03T00:01:54.828984,2016-05-03T00:01:57.305904,EPSG:4326,2048,2048,-89.27123843777233,28.777427883112434,-89.08726346758465,28.96140285330011,28.869415368206273,-89.17925095267849,94084,2.2431373596191406,-398388853.97023165,1478.9454848858468,1072.5783023680965,20.0,,,
00043,D:\SIH_Dataset\Part_I\01_Train_Val_Oil_Spill_images\Oil\00043.tif,D:\SIH_Dataset\Part_I\01_Train_Val_Oil_Spill_mask\Mask_oil\00043.tif,S1A_IW_GRDH_1SDV_20170810T024714_20170810T024738_017855_01DEF7_F48C_O,subset_105_of_S1A_IW_GRDH_1SDV_20170810T024714_20170810T024738_017855_01DEF7_F48C_Orb_NR_Cal_Spk_TC_dB,GRD,2017-08-10T02:47:24.825998,2017-08-10T02:47:27.191978,EPSG:4326,2048,2048,48.48524495763645,28.442190811442668,48.66921992782413,28.626165781630345,28.534178296536506,48.57723244273029,1043064,24.86858367919922,-826948154.2098744,613.9967394138806,1002.1960013958875,18.0,,,
00055,D:\SIH_Dataset\Part_I\01_Train_Val_Oil_Spill_images\Oil\00055.tif,D:\SIH_Dataset\Part_I\01_Train_Val_Oil_Spill_mask\Mask_oil\00055.tif,S1A_IW_GRDH_1SDV_20170311T021505_20170311T021528_015638_019B8B_9D85_O,subset_134_of_S1A_IW_GRDH_1SDV_20170311T021505_20170311T021528_015638_019B8B_9D85_Orb_NR_Cal_Spk_TC_dB,GRD,2017-03-11T02:15:12.894382,2017-03-11T02:15:15.242036,EPSG:4326,2048,2048,54.718661653513045,25.445767436624234,54.90263662370072,25.62974240681191,25.537754921718072,54.810649138606884,1007739,24.02637004852295,-76541149.15094034,1243.4893841560165,556.7559333319441,18.0,,,
00059,D:\SIH_Dataset\Part_I\01_Train_Val_Oil_Spill_images\Oil\00059.tif,D:\SIH_Dataset\Part_I\01_Train_Val_Oil_Spill_mask\Mask_oil\00059.tif,S1A_IW_GRDH_1SDV_20170311T021505_20170311T021528_015638_019B8B_9D85_O,subset_138_of_S1A_IW_GRDH_1SDV_20170311T021505_20170311T021528_015638_019B8B_9D85_Orb_NR_Cal_Spk_TC_dB,GRD,2017-03-11T02:15:15.513845,2017-03-11T02:15:17.861499,EPSG:4326,2048,2048,54.470996129681296,25.240592225731337,54.65497109986897,25.424567195919014,25.332579710825176,54.562983614775135,572325,13.645291328430176,-883696378.7713041,1807.7328292491154,1322.4160599309832,18.0,,,
00090,D:\SIH_Dataset\Part_I\01_Train_Val_Oil_Spill_images\Oil\00090.tif,D:\SIH_Dataset\Part_I\01_Train_Val_Oil_Spill_mask\Mask_oil\00090.tif,S1A_IW_GRDH_1SDV_20170710T224717_20170710T224742_017415_01D18B_5031_O,subset_54_of_S1A_IW_GRDH_1SDV_20170710T224717_20170710T224742_017415_01D18B_5031_Orb_NR_Cal_Spk_TC_dB,GRD,2017-07-10T22:47:28.963722,2017-07-10T22:47:31.286723,EPSG:4326,2048,2048,104.12237391949581,3.2288808533297475,104.30634888968349,3.4128558235174253,3.3208683384235864,104.21436140458965,437075,10.420680046081543,-496141199.35038733,1293.523167648573,1036.7761814333924,18.0,,,
00134,D:\SIH_Dataset\Part_I\01_Train_Val_Oil_Spill_images\Oil\00134.tif,D:\SIH_Dataset\Part_I\01_Train_Val_Oil_Spill_mask\Mask_oil\00134.tif,S1A_IW_GRDH_1SDV_20151122T035915_20151122T035940_008712_00C66E_8BBF_O,subset_65_of_S1A_IW_GRDH_1SDV_20151122T035915_20151122T035940_008712_00C66E_8BBF_Orb_NR_Cal_Spk_TC_dB,GRD,2015-11-22T03:59:30.968272,2015-11-22T03:59:33.383061,EPSG:4326,2048,2048,30.80636678669749,34.78462718818627,30.99034175688517,34.96860215837395,34.87661467328011,30.89835427179133,655762,15.634584426879883,-454659960.2616696,1373.2251091097075,1096.1202478948155,18.0,,,
00269,D:\SIH_Dataset\Part_I\01_Train_Val_Oil_Spill_images\Oil\00269.tif,D:\SIH_Dataset\Part_I\01_Train_Val_Oil_Spill_mask\Mask_oil\00269.tif,S1A_IW_GRDH_1SDV_20170528T045216_20170528T045241_016777_01BE0F_5BB0_O,subset_324_of_S1A_IW_GRDH_1SDV_20170528T045216_20170528T045241_016777_01BE0F_5BB0_Orb_NR_Cal_Spk_TC_dB,GRD,2017-05-28T04:52:36.092610,2017-05-28T04:52:38.375188,EPSG:4326,2048,2048,11.81641358412902,-8.159100106819935,12.000388554316698,-7.975125136632257,-8.067112621726096,11.908401069222858,675473,16.104531288146973,-101776553.93484312,1176.4426801663426,879.7252406831954,18.0,,,
00339,D:\SIH_Dataset\Part_I\01_Train_Val_Oil_Spill_images\Oil\00339.tif,D:\SIH_Dataset\Part_I\01_Train_Val_Oil_Spill_mask\Mask_oil\00339.tif,S1A_IW_GRDH_1SDV_20180312T045130_20180312T045155_020977_02402E_BA7C_O,subset_424_of_S1A_IW_GRDH_1SDV_20180312T045130_20180312T045155_020977_02402E_BA7C_Orb_NR_Cal_Spk_TC_dB,GRD,2018-03-12T04:51:45.027994,2018-03-12T04:51:47.320978,EPSG:4326,2048,2048,11.186224556652126,-4.783611358529099,11.370199526839805,-4.5996363883414215,-4.69162387343526,11.278212041745967,902250,21.511316299438477,-92776008.13499919,926.6945314491549,1071.518897201441,18.0,,,
00341,D:\SIH_Dataset\Part_I\01_Train_Val_Oil_Spill_images\Oil\00341.tif,D:\SIH_Dataset\Part_I\01_Train_Val_Oil_Spill_mask\Mask_oil\00341.tif,S1A_IW_GRDH_1SDV_20180312T045130_20180312T045155_020977_02402E_BA7C_O,subset_426_of_S1A_IW_GRDH_1SDV_20180312T045130_20180312T045155_020977_02402E_BA7C_Orb_NR_Cal_Spk_TC_dB,GRD,2018-03-12T04:51:44.856609,2018-03-12T04:51:47.149593,EPSG:4326,2048,2048,11.258898263137395,-4.7698671346820705,11.442873233325074,-4.585892164494393,-4.677879649588231,11.350885748231235,564246,13.452672958374023,-161779729.1759901,854.6742094760087,493.782720657302,18.0,,,
00342,D:\SIH_Dataset\Part_I\01_Train_Val_Oil_Spill_images\Oil\00342.tif,D:\SIH_Dataset\Part_I\01_Train_Val_Oil_Spill_mask\Mask_oil\00342.tif,S1A_IW_GRDH_1SDV_20180312T045130_20180312T045155_020977_02402E_BA7C_O,subset_427_of_S1A_IW_GRDH_1SDV_20180312T045130_20180312T045155_020977_02402E_BA7C_Orb_NR_Cal_Spk_TC_dB,GRD,2018-03-12T04:51:43.314137,2018-03-12T04:51:45.607121,EPSG:4326,2048,2048,11.18640421970895,-4.646169120058812,11.370379189896628,-4.462194149871134,-4.554181634964973,11.27839170480279,434925,10.369420051574707,-144509999.8520655,1322.0301419785021,900.1041662355578,18.0,,,
00373,D:\SIH_Dataset\Part_I\01_Train_Val_Oil_Spill_images\Oil\00373.tif,D:\SIH_Dataset\Part_I\01_Train_Val_Oil_Spill_mask\Mask_oil\00373.tif,S1A_IW_GRDH_1SDV_20170917T001530_20170917T001555_018408_01EFE0_A779_O,subset_476_of_S1A_IW_GRDH_1SDV_20170917T001530_20170917T001555_018408_01EFE0_A779_Orb_NR_Cal_Spk_TC_dB,GRD,2017-09-17T00:15:40.128510,2017-09-17T00:15:42.496764,EPSG:4326,2048,2048,-92.10339860877762,19.52140523538353,-91.91942363858995,19.705380205571206,19.613392720477368,-92.01141112368379,620341,14.790081977844238,-672691156.8487413,755.9005313206768,1132.08699650676,18.0,,,
00422,D:\SIH_Dataset\Part_I\01_Train_Val_Oil_Spill_images\Oil\00422.tif,D:\SIH_Dataset\Part_I\01_Train_Val_Oil_Spill_mask\Mask_oil\00422.tif,S1A_IW_GRDH_1SDV_20170308T142434_20170308T142459_015602_019A78_F8CB_O,subset_551_of_S1A_IW_GRDH_1SDV_20170308T142434_20170308T142459_015602_019A78_F8CB_Orb_NR_Cal_Spk_TC_dB,GRD,2017-03-08T14:24:43.429912,2017-03-08T14:24:45.811946,EPSG:4326,2048,2048,54.39120145650806,25.653679698788288,54.575176426695734,25.837654668975965,25.745667183882126,54.483188941601895,891326,21.25086784362793,-859682822.5181873,1466.4850268027635,1037.7306406410225,18.0,,,
00423,D:\SIH_Dataset\Part_I\01_Train_Val_Oil_Spill_images\Oil\00423.tif,D:\SIH_Dataset\Part_I\01_Train_Val_Oil_Spill_mask\Mask_oil\00423.tif,S1A_IW_GRDH_1SDV_20170308T142434_20170308T142459_015602_019A78_F8CB_O,subset_552_of_S1A_IW_GRDH_1SDV_20170308T142434_20170308T142459_015602_019A78_F8CB_Orb_NR_Cal_Spk_TC_dB,GRD,2017-03-08T14:24:42.582759,2017-03-08T14:24:44.964794,EPSG:4326,2048,2048,54.28969182940256,25.71907705147219,54.473666799590234,25.903052021659867,25.81106453656603,54.381679314496395,619053,14.759373664855957,-369601868.4961813,1326.6395631714893,1208.2446422196483,18.0,,,
00425,D:\SIH_Dataset\Part_I\01_Train_Val_Oil_Spill_images\Oil\00425.tif,D:\SIH_Dataset\Part_I\01_Train_Val_Oil_Spill_mask\Mask_oil\00425.tif,S1A_IW_GRDH_1SDV_20170308T142434_20170308T142459_015602_019A78_F8CB_O,subset_554_of_S1A_IW_GRDH_1SDV_20170308T142434_20170308T142459_015602_019A78_F8CB_Orb_NR_Cal_Spk_TC_dB,GRD,2017-03-08T14:24:46.623025,2017-03-08T14:24:49.005059,EPSG:4326,2048,2048,54.280529013504534,25.407181984825893,54.46450398369221,25.59115695501357,25.49916946991973,54.37251649859837,817654,19.4943904876709,-134427393.6375852,677.5870025707695,1522.572871899361,18.0,,,
00496,D:\SIH_Dataset\Part_I\01_Train_Val_Oil_Spill_images\Oil\00496.tif,D:\SIH_Dataset\Part_I\01_Train_Val_Oil_Spill_mask\Mask_oil\00496.tif,S1A_IW_GRDH_1SDV_20170709T000135_20170709T000200_017387_01D0AA_B7B5_O,subset_736_of_S1A_IW_GRDH_1SDV_20170709T000135_20170709T000200_017387_01D0AA_B7B5_Orb_NR_Cal_Spk_TC_dB,GRD,2017-07-09T00:01:47.212611,2017-07-09T00:01:49.606551,EPSG:4326,2048,2048,-89.07306061938233,28.761348722233542,-88.88908564919466,28.94532369242122,28.85333620732738,-88.9810731342885,496669,11.841511726379395,-12410643.477190437,957.5393662580109,872.467018275753,18.0,,,
00524,D:\SIH_Dataset\Part_I\01_Train_Val_Oil_Spill_images\Oil\00524.tif,D:\SIH_Dataset\Part_I\01_Train_Val_Oil_Spill_mask\Mask_oil\00524.tif,S1A_IW_GRDH_1SDV_20171118T000138_20171118T000203_019312_020B93_770E_O,subset_823_of_S1A_IW_GRDH_1SDV_20171118T000138_20171118T000203_019312_020B93_770E_Orb_NR_Cal_Spk_TC_dB,GRD,2017-11-18T00:01:52.314078,2017-11-18T00:01:54.707928,EPSG:4326,2048,2048,-89.2377060254071,28.657308366782875,-89.05373105521943,28.84128333697055,28.749295851876713,-89.14571854031327,448454,10.691976547241211,-158548653.2939084,532.8625789936092,658.289831287044,18.0,,,
00551,D:\SIH_Dataset\Part_I\01_Train_Val_Oil_Spill_images\Oil\00551.tif,D:\SIH_Dataset\Part_I\01_Train_Val_Oil_Spill_mask\Mask_oil\00551.tif,S1A_IW_GRDH_1SDV_20170814T000137_20170814T000202_017912_01E0A9_DA58_O,subset_885_of_S1A_IW_GRDH_1SDV_20170814T000137_20170814T000202_017912_01E0A9_DA58_Orb_NR_Cal_Spk_TC_dB,GRD,2017-08-14T00:01:48.089254,2017-08-14T00:01:50.483082,EPSG:4326,2048,2048,-88.98942025835169,28.855918059698485,-88.80544528816401,29.039893029886162,28.947905544792324,-88.89743277325785,574682,13.701486587524414,-283352396.2453701,1045.725590848504,1311.6756832474307,18.0,,,
00569,D:\SIH_Dataset\Part_I\01_Train_Val_Oil_Spill_images\Oil\00569.tif,D:\SIH_Dataset\Part_I\01_Train_Val_Oil_Spill_mask\Mask_oil\00569.tif,S1A_IW_GRDH_1SDV_20180813T174303_20180813T174328_023231_028668_93C1_O,subset_903_of_S1A_IW_GRDH_1SDV_20180813T174303_20180813T174328_023231_028668_93C1_Orb_NR_Cal_Spk_TC_dB,GRD,2018-08-13T17:43:11.575104,2018-08-13T17:43:13.993874,EPSG:4326,2048,2048,0.9498485323667905,58.124690507776634,1.1338235025544685,58.30866547796431,58.21667799287047,1.0418360174606294,471975,11.252760887145996,-461666399.6987023,829.3829853276127,1186.8523788336247,18.0,,,
00593,D:\SIH_Dataset\Part_I\01_Train_Val_Oil_Spill_images\Oil\00593.tif,D:\SIH_Dataset\Part_I\01_Train_Val_Oil_Spill_mask\Mask_oil\00593.tif,S1A_IW_GRDH_1SDV_20170428T000130_20170428T000155_016337_01B092_EA60_O,subset_927_of_S1A_IW_GRDH_1SDV_20170428T000130_20170428T000155_016337_01B092_EA60_Orb_NR_Cal_Spk_TC_dB,GRD,2017-04-28T00:01:42.079085,2017-04-28T00:01:44.472914,EPSG:4326,2048,2048,-88.99619874027384,28.837699985480473,-88.81222377008616,29.02167495566815,28.92968747057431,-88.90421125518,614019,14.63935375213623,-53809015.9925625,888.5739846812558,1221.5092684428332,18.0,,,
00932,D:\SIH_Dataset\Part_I\01_Train_Val_Oil_Spill_images\Oil\00932.tif,D:\SIH_Dataset\Part_I\01_Train_Val_Oil_Spill_mask\Mask_oil\00932.tif,S1A_IW_GRDH_1SDV_20191008T040001_20191008T040026_029362_03568A_1887_O,subset_154_of_S1A_IW_GRDH_1SDV_20191008T040001_20191008T040026_029362_03568A_1887_Orb_NR_Cal_Spk_TC_dB,GRD,2019-10-08T04:00:09.489996,2019-10-08T04:00:11.893866,EPSG:4326,2048,2048,29.35485358192638,34.14395523091153,29.538828552114058,34.32793020109921,34.23594271600537,29.44684106702022,434152,10.350990295410156,-314751941.00206,1252.8697898431885,1087.4417991855387,18.0,,,
01058,D:\SIH_Dataset\Part_I\01_Train_Val_Oil_Spill_images\Oil\01058.tif,D:\SIH_Dataset\Part_I\01_Train_Val_Oil_Spill_mask\Mask_oil\01058.tif,S1A_IW_GRDH_1SDV_20191022T034356_20191022T034421_029566_035D93_FD78_O,subset_280_of_S1A_IW_GRDH_1SDV_20191022T034356_20191022T034421_029566_035D93_FD78_Orb_NR_Cal_Spk_TC_dB,GRD,2019-10-22T03:44:02.564383,2019-10-22T03:44:04.962658,EPSG:4326,2048,2048,33.27055689082665,32.945894610875726,33.454531861014324,33.1298695810634,33.037882095969564,33.362544375920486,713265,17.005562782287598,-270681472.4585568,1150.7091284445473,899.1953362354805,18.0,,,
01209,D:\SIH_Dataset\Part_I\01_Train_Val_Oil_Spill_images\Oil\01209.tif,D:\SIH_Dataset\Part_I\01_Train_Val_Oil_Spill_mask\Mask_oil\01209.tif,S1A_IW_GRDH_1SDV_20181219T000144_20181219T000209_025087_02C4D5_EE7D_O,subset_431_of_S1A_IW_GRDH_1SDV_20181219T000144_20181219T000209_025087_02C4D5_EE7D_Orb_NR_Cal_Spk_TC_dB,GRD,2018-12-19T00:01:55.201978,2018-12-19T00:01:57.595726,EPSG:4326,2048,2048,-88.97485975199994,28.854727548781526,-88.79088478181227,29.038702518969203,28.946715033875364,-88.8828722669061,718541,17.131352424621582,-69917545.61102276,780.1015815381446,799.7401769697206,18.0,,,
01210,D:\SIH_Dataset\Part_I\01_Train_Val_Oil_Spill_images\Oil\01210.tif,D:\SIH_Dataset\Part_I\01_Train_Val_Oil_Spill_mask\Mask_oil\01210.tif,S1A_IW_GRDH_1SDV_20181219T000144_20181219T000209_025087_02C4D5_EE7D_O,subset_432_of_S1A_IW_GRDH_1SDV_20181219T000144_20181219T000209_025087_02C4D5_EE7D_Orb_NR_Cal_Spk_TC_dB,GRD,2018-12-19T00:01:55.955067,2018-12-19T00:01:58.348815,EPSG:4326,2048,2048,-89.01788905410926,28.79687604448423,-88.83391408392158,28.980851014671906,28.888863529578067,-88.92590156901542,526635,12.555956840515137,-285782474.73074454,273.63585310509177,1217.4176298574914,18.0,,,
01220,D:\SIH_Dataset\Part_I\01_Train_Val_Oil_Spill_images\Oil\01220.tif,D:\SIH_Dataset\Part_I\01_Train_Val_Oil_Spill_mask\Mask_oil\01220.tif,S1A_IW_GRDH_1SDV_20190325T000142_20190325T000207_026487_02F77B_19BF_O,subset_442_of_S1A_IW_GRDH_1SDV_20190325T000142_20190325T000207_026487_02F77B_19BF_Orb_NR_Cal_Spk_TC_dB,GRD,2019-03-25T00:01:53.802346,2019-03-25T00:01:56.196085,EPSG:4326,2048,2048,-89.11563977926589,28.837402064119367,-88.93166480907821,29.021377034307044,28.929389549213205,-89.02365229417205,482435,11.50214672088623,-615311429.1339741,784.7280783939806,1008.888995408708,18.0,,,
01306,D:\SIH_Dataset\Part_I\01_Train_Val_Oil_Spill_images\Oil\01306.tif,D:\SIH_Dataset\Part_I\01_Train_Val_Oil_Spill_mask\Mask_oil\01306.tif,S1A_IW_GRDH_1SDV_20191026T031431_20191026T031500_029624_035F8D_0944_O,subset_536_of_S1A_IW_GRDH_1SDV_20191026T031431_20191026T031500_029624_035F8D_0944_Orb_NR_Cal_Spk_TC_dB,GRD,2019-10-26T03:14:42.623320,2019-10-26T03:14:45.072894,EPSG:4326,2048,2048,38.733113550364855,19.920289985276803,38.91708852055253,20.10426495546448,20.01227747037064,38.825101035458694,471770,11.247873306274414,-1159399225.1277063,1112.5311020200522,1088.3715284990567,18.0,,,
00249,D:\SIH_Dataset\Part_I\01_Train_Val_Oil_Spill_images\Oil\00249.tif,D:\SIH_Dataset\Part_I\01_Train_Val_Oil_Spill_mask\Mask_oil\00249.tif,S1A_IW_GRDH_1SDV_20180227T000822_20180227T000847_020785_023A21_C502_O,subset_298_of_S1A_IW_GRDH_1SDV_20180227T000822_20180227T000847_020785_023A21_C502_Orb_NR_Cal_Spk_TC_dB,GRD,2018-02-27T00:08:38.383802,2018-02-27T00:08:40.763924,EPSG:4326,2048,2048,-90.32433131436754,23.210671922703565,-90.14035634417986,23.39464689289124,23.302659407797403,-90.2323438292737,7008,0.167083740234375,20878412.572519835,1362.5189783105022,169.9099600456621,16.0,,,
00437,D:\SIH_Dataset\Part_I\01_Train_Val_Oil_Spill_images\Oil\00437.tif,D:\SIH_Dataset\Part_I\01_Train_Val_Oil_Spill_mask\Mask_oil\00437.tif,S1A_IW_GRDH_1SDV_20190204T095156_20190204T095221_025778_02DDE3_29ED_O,subset_592_of_S1A_IW_GRDH_1SDV_20190204T095156_20190204T095221_025778_02DDE3_29ED_Orb_NR_Cal_Spk_TC_dB,GRD,2019-02-04T09:52:10.013718,2019-02-04T09:52:12.364153,EPSG:4326,2048,2048,-60.79781218915727,10.268457811349604,-60.61383721896959,10.452432781537283,10.360445296443444,-60.70582470406343,9188,0.21905899047851562,80123021.36815134,1073.9440574662603,1182.6942751414888,16.0,,,
00566,D:\SIH_Dataset\Part_I\01_Train_Val_Oil_Spill_images\Oil\00566.tif,D:\SIH_Dataset\Part_I\01_Train_Val_Oil_Spill_mask\Mask_oil\00566.tif,S1A_IW_GRDH_1SDV_20171212T000138_20171212T000203_019662_021690_47E2_O,subset_900_of_S1A_IW_GRDH_1SDV_20171212T000138_20171212T000203_019662_021690_47E2_Orb_NR_Cal_Spk_TC_dB,GRD,2017-12-12T00:01:48.739195,2017-12-12T00:01:51.132968,EPSG:4326,2048,2048,-88.9357569196908,28.872424172357352,-88.75178194950313,29.05639914254503,28.96441165745119,-88.84376943459696,10310,0.24580955505371094,82594578.33393706,1063.5932104752667,116.66547041707081,16.0,,,
00567,D:\SIH_Dataset\Part_I\01_Train_Val_Oil_Spill_images\Oil\00567.tif,D:\SIH_Dataset\Part_I\01_Train_Val_Oil_Spill_mask\Mask_oil\00567.tif,S1A_IW_GRDH_1SDV_20171212T000138_20171212T000203_019662_021690_47E2_O,subset_901_of_S1A_IW_GRDH_1SDV_20171212T000138_20171212T000203_019662_021690_47E2_Orb_NR_Cal_Spk_TC_dB,GRD,2017-12-12T00:01:49.320389,2017-12-12T00:01:51.714162,EPSG:4326,2048,2048,-89.13221847232774,28.82777790273661,-88.94824350214006,29.011752872924287,28.91976538783045,-89.0402309872339,5152,0.122833251953125,54795773.72207956,739.754852484472,1982.0652173913043,16.0,,,
00605,D:\SIH_Dataset\Part_I\01_Train_Val_Oil_Spill_images\Oil\00605.tif,D:\SIH_Dataset\Part_I\01_Train_Val_Oil_Spill_mask\Mask_oil\00605.tif,S1A_IW_GRDH_1SDV_20180529T000114_20180529T000139_022112_026401_D19B_O,subset_939_of_S1A_IW_GRDH_1SDV_20180529T000114_20180529T000139_022112_026401_D19B_Orb_NR_Cal_Spk_TC_dB,GRD,2018-05-29T00:01:24.215212,2018-05-29T00:01:26.605149,EPSG:4326,2048,2048,-90.62270406061148,27.404454488207783,-90.4387290904238,27.58842945839546,27.49644197330162,-90.53071657551764,9972,0.23775100708007812,8811370.12975532,437.18812675491375,1450.6746891295627,16.0,,,
00619,D:\SIH_Dataset\Part_I\01_Train_Val_Oil_Spill_images\Oil\00619.tif,D:\SIH_Dataset\Part_I\01_Train_Val_Oil_Spill_mask\Mask_oil\00619.tif,S1A_IW_GRDH_1SDV_20170215T000134_20170215T000159_015287_0190E3_D910_O,subset_953_of_S1A_IW_GRDH_1SDV_20170215T000134_20170215T000159_015287_0190E3_D910_Orb_NR_Cal_Spk_TC_dB,GRD,2017-02-15T00:01:50.527040,2017-02-15T00:01:52.921637,EPSG:4326,2048,2048,-90.58505110967636,28.816551663137506,-90.40107613948868,29.000526633325183,28.908539148231345,-90.49306362458252,10148,0.24194717407226562,27789556.241502147,978.3834253054789,871.5175404020497,16.0,,,
00620,D:\SIH_Dataset\Part_I\01_Train_Val_Oil_Spill_images\Oil\00620.tif,D:\SIH_Dataset\Part_I\01_Train_Val_Oil_Spill_mask\Mask_oil\00620.tif,S1A_IW_GRDH_1SDV_20170215T000134_20170215T000159_015287_0190E3_D910_O,subset_954_of_S1A_IW_GRDH_1SDV_20170215T000134_20170215T000159_015287_0190E3_D910_Orb_NR_Cal_Spk_TC_dB,GRD,2017-02-15T00:01:52.509864,2017-02-15T00:01:54.904461,EPSG:4326,2048,2048,-90.42775610342703,28.664287222479246,-90.24378113323935,28.848262192666922,28.756274707573084,-90.33576861833319,6718,0.1601696014404297,1011109.6720278438,756.0456981244417,967.8571003274784,16.0,,,
00815,D:\SIH_Dataset\Part_I\01_Train_Val_Oil_Spill_images\Oil\00815.tif,D:\SIH_Dataset\Part_I\01_Train_Val_Oil_Spill_mask\Mask_oil\00815.tif,S1A_IW_GRDH_1SDV_20171011T023057_20171011T023122_018759_01FA92_6AD4_O,subset_37_of_S1A_IW_GRDH_1SDV_20171011T023057_20171011T023122_018759_01FA92_6AD4_Orb_NR_Cal_Spk_TC_dB,GRD,2017-10-11T02:31:15.503008,2017-10-11T02:31:17.891250,EPSG:4326,2048,2048,51.43989577654333,27.36469932036649,51.62387074673101,27.548674290554167,27.45668680546033,51.53188326163717,10148,0.24194717407226562,14978682.973506548,1139.806562869531,1534.908947575877,16.0,,,
00852,D:\SIH_Dataset\Part_I\01_Train_Val_Oil_Spill_images\Oil\00852.tif,D:\SIH_Dataset\Part_I\01_Train_Val_Oil_Spill_mask\Mask_oil\00852.tif,S1A_IW_GRDH_1SDV_20180402T165805_20180402T165830_021291_024A10_C573_O,subset_74_of_S1A_IW_GRDH_1SDV_20180402T165805_20180402T165830_021291_024A10_C573_Orb_NR_Cal_Spk_TC_dB,GRD,2018-04-02T16:58:20.276647,2018-04-02T16:58:22.689346,EPSG:4326,2048,2048,12.754258785465643,44.322317437566014,12.938233755653322,44.50629240775369,44.41430492265985,12.846246270559483,7471,0.17812252044677734,10383958.348663226,1452.7891179226342,1665.4046981662427,16.0,,,
00914,D:\SIH_Dataset\Part_I\01_Train_Val_Oil_Spill_images\Oil\00914.tif,D:\SIH_Dataset\Part_I\01_Train_Val_Oil_Spill_mask\Mask_oil\00914.tif,S1A_IW_GRDH_1SDV_20160727T171401_20160727T171426_012337_013359_C786_O,subset_136_of_S1A_IW_GRDH_1SDV_20160727T171401_20160727T171426_012337_013359_C786_Orb_NR_Cal_Spk_TC_dB,GRD,2016-07-27T17:14:13.600820,2016-07-27T17:14:16.016405,EPSG:4326,2048,2048,9.485045183355421,43.013660385267606,9.6690201535431,43.19763535545528,43.105647870361445,9.57703266844926,10170,0.24247169494628906,25547604.93161706,835.8335299901671,755.6895771878072,16.0,,,
01108,D:\SIH_Dataset\Part_I\01_Train_Val_Oil_Spill_images\Oil\01108.tif,D:\SIH_Dataset\Part_I\01_Train_Val_Oil_Spill_mask\Mask_oil\01108.tif,S1A_IW_GRDH_1SDV_20180912T001536_20180912T001601_023658_029410_FDB1_O,subset_330_of_S1A_IW_GRDH_1SDV_20180912T001536_20180912T001601_023658_029410_FDB1_Orb_NR_Cal_Spk_TC_dB,GRD,2018-09-12T00:15:46.785530,2018-09-12T00:15:49.153755,EPSG:4326,2048,2048,-92.26556870241663,19.506074934669968,-92.08159373222895,19.690049904857645,19.598062419763806,-92.17358121732279,8541,0.20363330841064453,56925515.52510803,1854.8074581430747,617.6412012644889,16.0,,,
00040,D:\SIH_Dataset\Part_I\01_Train_Val_Oil_Spill_images\Oil\00040.tif,D:\SIH_Dataset\Part_I\01_Train_Val_Oil_Spill_mask\Mask_oil\00040.tif,S1A_IW_GRDH_1SDV_20170810T024714_20170810T024738_017855_01DEF7_F48C_O,subset_102_of_S1A_IW_GRDH_1SDV_20170810T024714_20170810T024738_017855_01DEF7_F48C_Orb_NR_Cal_Spk_TC_dB,GRD,2017-08-10T02:47:23.219398,2017-08-10T02:47:25.585377,EPSG:4326,2048,2048,48.41364922949213,28.56705663593528,48.59762419967981,28.751031606122957,28.65904412102912,48.50563671458597,1100749,26.243901252746582,-1524401599.736382,1322.2752330458625,1243.2706007454924,14.0,,,
00042,D:\SIH_Dataset\Part_I\01_Train_Val_Oil_Spill_images\Oil\00042.tif,D:\SIH_Dataset\Part_I\01_Train_Val_Oil_Spill_mask\Mask_oil\00042.tif,S1A_IW_GRDH_1SDV_20170810T024714_20170810T024738_017855_01DEF7_F48C_O,subset_104_of_S1A_IW_GRDH_1SDV_20170810T024714_20170810T024738_017855_01DEF7_F48C_Orb_NR_Cal_Spk_TC_dB,GRD,2017-08-10T02:47:24.296629,2017-08-10T02:47:26.662608,EPSG:4326,2048,2048,48.484077147767096,28.483333651455343,48.66805211795477,28.66730862164302,28.57532113654918,48.576064632860934,1335813,31.84826374053955,-248974167.47550324,888.1638713652285,926.3561520212784,14.0,,,
00051,D:\SIH_Dataset\Part_I\01_Train_Val_Oil_Spill_images\Oil\00051.tif,D:\SIH_Dataset\Part_I\01_Train_Val_Oil_Spill_mask\Mask_oil\00051.tif,S1A_IW_GRDH_1SDV_20170311T021505_20170311T021528_015638_019B8B_9D85_O,subset_130_of_S1A_IW_GRDH_1SDV_20170311T021505_20170311T021528_015638_019B8B_9D85_Orb_NR_Cal_Spk_TC_dB,GRD,2017-03-11T02:15:11.062822,2017-03-11T02:15:13.410476,EPSG:4326,2048,2048,54.51420509484745,25.58922838749812,54.698180065035125,25.773203357685798,25.68121587259196,54.606192579941286,1335221,31.83414936065674,-665070957.4440819,1532.3792424624837,1120.324945832937,14.0,,,
00052,D:\SIH_Dataset\Part_I\01_Train_Val_Oil_Spill_images\Oil\00052.tif,D:\SIH_Dataset\Part_I\01_Train_Val_Oil_Spill_mask\Mask_oil\00052.tif,S1A_IW_GRDH_1SDV_20170311T021505_20170311T021528_015638_019B8B_9D85_O,subset_131_of_S1A_IW_GRDH_1SDV_20170311T021505_20170311T021528_015638_019B8B_9D85_Orb_NR_Cal_Spk_TC_dB,GRD,2017-03-11T02:15:11.795675,2017-03-11T02:15:14.143329,EPSG:4326,2048,2048,54.51878650279645,25.531826040842887,54.70276147298413,25.715801011030564,25.623813525936725,54.61077398789029,2072810,49.41964149475098,-1454729655.978565,1246.5197490363323,1100.5727944191701,14.0,,,
00053,D:\SIH_Dataset\Part_I\01_Train_Val_Oil_Spill_images\Oil\00053.tif,D:\SIH_Dataset\Part_I\01_Train_Val_Oil_Spill_mask\Mask_oil\00053.tif,S1A_IW_GRDH_1SDV_20170311T021505_20170311T021528_015638_019B8B_9D85_O,subset_132_of_S1A_IW_GRDH_1SDV_20170311T021505_20170311T021528_015638_019B8B_9D85_Orb_NR_Cal_Spk_TC_dB,GRD,2017-03-11T02:15:12.182172,2017-03-11T02:15:14.529826,EPSG:4326,2048,2048,54.59810774238421,25.501552815768058,54.782082712571885,25.685527785955735,25.593540300861896,54.69009522747805,2406440,57.374000549316406,-1045879913.3398395,1112.992430311996,855.6579814996426,14.0,,,
00054,D:\SIH_Dataset\Part_I\01_Train_Val_Oil_Spill_images\Oil\00054.tif,D:\SIH_Dataset\Part_I\01_Train_Val_Oil_Spill_mask\Mask_oil\00054.tif,S1A_IW_GRDH_1SDV_20170311T021505_20170311T021528_015638_019B8B_9D85_O,subset_133_of_S1A_IW_GRDH_1SDV_20170311T021505_20170311T021528_015638_019B8B_9D85_Orb_NR_Cal_Spk_TC_dB,GRD,2017-03-11T02:15:11.956238,2017-03-11T02:15:14.303892,EPSG:4326,2048,2048,54.675273025290075,25.51924962686521,54.85924799547775,25.703224597052888,25.61123711195905,54.76726051038391,1097578,26.168298721313477,-154906446.68767726,1247.4956449564404,879.0632301303415,14.0,,,
00056,D:\SIH_Dataset\Part_I\01_Train_Val_Oil_Spill_images\Oil\00056.tif,D:\SIH_Dataset\Part_I\01_Train_Val_Oil_Spill_mask\Mask_oil\00056.tif,S1A_IW_GRDH_1SDV_20170311T021505_20170311T021528_015638_019B8B_9D85_O,subset_135_of_S1A_IW_GRDH_1SDV_20170311T021505_20170311T021528_015638_019B8B_9D85_Orb_NR_Cal_Spk_TC_dB,GRD,2017-03-11T02:15:14.161679,2017-03-11T02:15:16.509333,EPSG:4326,2048,2048,54.61724185793595,25.34650359772903,54.80121682812363,25.530478567916706,25.438491082822868,54.70922934302979,1550583,36.96877956390381,-198267963.55945814,782.1045842112289,728.8783557539325,14.0,,,
00057,D:\SIH_Dataset\Part_I\01_Train_Val_Oil_Spill_images\Oil\00057.tif,D:\SIH_Dataset\Part_I\01_Train_Val_Oil_Spill_mask\Mask_oil\00057.tif,S1A_IW_GRDH_1SDV_20170311T021505_20170311T021528_015638_019B8B_9D85_O,subset_136_of_S1A_IW_GRDH_1SDV_20170311T021505_20170311T021528_015638_019B8B_9D85_Orb_NR_Cal_Spk_TC_dB,GRD,2017-03-11T02:15:14.041258,2017-03-11T02:15:16.388911,EPSG:4326,2048,2048,54.49489131623888,25.35593590821228,54.678866286426555,25.539910878399958,25.44792339330612,54.586878801332716,2085247,49.71616268157959,-927852531.7935983,843.7267088742964,1170.0436391947812,14.0,,,
00058,D:\SIH_Dataset\Part_I\01_Train_Val_Oil_Spill_images\Oil\00058.tif,D:\SIH_Dataset\Part_I\01_Train_Val_Oil_Spill_mask\Mask_oil\00058.tif,S1A_IW_GRDH_1SDV_20170311T021505_20170311T021528_015638_019B8B_9D85_O,subset_137_of_S1A_IW_GRDH_1SDV_20170311T021505_20170311T021528_015638_019B8B_9D85_Orb_NR_Cal_Spk_TC_dB,GRD,2017-03-11T02:15:13.113435,2017-03-11T02:15:15.461089,EPSG:4326,2048,2048,54.39356135219019,25.428609614697553,54.57753632237787,25.61258458488523,25.52059709979139,54.48554883728403,1325918,31.612348556518555,-191552202.57401726,928.6106471139241,1138.112685701529,14.0,,,
00424,D:\SIH_Dataset\Part_I\01_Train_Val_Oil_Spill_images\Oil\00424.tif,D:\SIH_Dataset\Part_I\01_Train_Val_Oil_Spill_mask\Mask_oil\00424.tif,S1A_IW_GRDH_1SDV_20170308T142434_20170308T142459_015602_019A78_F8CB_O,subset_553_of_S1A_IW_GRDH_1SDV_20170308T142434_20170308T142459_015602_019A78_F8CB_Orb_NR_Cal_Spk_TC_dB,GRD,2017-03-08T14:24:46.124974,2017-03-08T14:24:48.507008,EPSG:4326,2048,2048,54.36452149256971,25.445629878986207,54.548496462757385,25.629604849173884,25.537617364080045,54.456508977663546,1234975,29.444098472595215,-275140841.52553636,1002.6284479442903,934.1552764225996,14.0,,,
00002,D:\SIH_Dataset\Part_I\01_Train_Val_Oil_Spill_images\Oil\00002.tif,D:\SIH_Dataset\Part_I\01_Train_Val_Oil_Spill_mask\Mask_oil\00002.tif,S1A_IW_GRDH_1SDV_20180803T172551_20180803T172608_023085_0281B1_DB30_O,subset_4_of_S1A_IW_GRDH_1SDV_20180803T172551_20180803T172608_023085_0281B1_DB30_Orb_NR_Cal_Spk_TC_dB,GRD,2018-08-03T17:25:55.066745,2018-08-03T17:25:57.273202,EPSG:4326,2048,2048,5.90018590944241,55.35956706831382,6.084160879630088,55.5435420385015,55.45155455340766,5.992173394536248,16314,0.38895606994628906,-9185049.00722769,1003.0247027093294,1089.8036655633198,10.0,,,
00022,D:\SIH_Dataset\Part_I\01_Train_Val_Oil_Spill_images\Oil\00022.tif,D:\SIH_Dataset\Part_I\01_Train_Val_Oil_Spill_mask\Mask_oil\00022.tif,S1A_IW_GRDH_1SDV_20150312T051245_20150312T051310_004994_006422_CE50_O,subset_29_of_S1A_IW_GRDH_1SDV_20150312T051245_20150312T051310_004994_006422_CE50_Orb_NR_Cal_Spk_TC_dB,GRD,2015-03-12T05:12:51.445548,2015-03-12T05:12:53.854814,EPSG:4326,2048,2048,12.049142136594256,37.011366257824726,12.233117106781934,37.1953412280124,37.103353742918564,12.141129621688094,33396,0.7962226867675781,-44248721.254903235,1860.8356090549767,999.9641573841178,10.0,,,
00029,D:\SIH_Dataset\Part_I\01_Train_Val_Oil_Spill_images\Oil\00029.tif,D:\SIH_Dataset\Part_I\01_Train_Val_Oil_Spill_mask\Mask_oil\00029.tif,S1A_IW_GRDH_1SDV_20171016T023924_20171016T023947_018832_01FCC7_E86E_O,subset_58_of_S1A_IW_GRDH_1SDV_20171016T023924_20171016T023947_018832_01FCC7_E86E_Orb_NR_Cal_Spk_TC_dB,GRD,2017-10-16T02:39:28.928237,2017-10-16T02:39:31.290583,EPSG:4326,2048,2048,49.066334795775845,27.60508035248439,49.25030976596352,27.789055322672066,27.697067837578228,49.15832228086968,16235,0.3870725631713867,-156517651.27463862,186.98333846627656,1402.56880197105,10.0,,,
00036,D:\SIH_Dataset\Part_I\01_Train_Val_Oil_Spill_images\Oil\00036.tif,D:\SIH_Dataset\Part_I\01_Train_Val_Oil_Spill_mask\Mask_oil\00036.tif,S1A_IW_GRDH_1SDV_20161014T170939_20161014T171002_013489_015911_1D3A_O,subset_89_of_S1A_IW_GRDH_1SDV_20161014T170939_20161014T171002_013489_015911_1D3A_Orb_NR_Cal_Spk_TC_dB,GRD,2016-10-14T17:09:45.354405,2016-10-14T17:09:47.717098,EPSG:4326,2048,2048,8.535285429364334,57.026534167376305,8.719260399552013,57.21050913756398,57.11852165247014,8.627272914458175,12746,0.30388832092285156,-39014404.18829469,483.76918248862387,369.52534128353994,10.0,,,
00037,D:\SIH_Dataset\Part_I\01_Train_Val_Oil_Spill_images\Oil\00037.tif,D:\SIH_Dataset\Part_I\01_Train_Val_Oil_Spill_mask\Mask_oil\00037.tif,S1A_IW_GRDH_1SDV_20161014T170939_20161014T171002_013489_015911_1D3A_O,subset_90_of_S1A_IW_GRDH_1SDV_20161014T170939_20161014T171002_013489_015911_1D3A_Orb_NR_Cal_Spk_TC_dB,GRD,2016-10-14T17:09:45.432893,2016-10-14T17:09:47.795585,EPSG:4326,2048,2048,8.416707811860558,57.02042562344429,8.600682782048237,57.204400593631966,57.11241310853813,8.508695296954397,12746,0.30388832092285156,-32055055.15151357,415.76918248862387,1689.52534128354,10.0,,,
00045,D:\SIH_Dataset\Part_I\01_Train_Val_Oil_Spill_images\Oil\00045.tif,D:\SIH_Dataset\Part_I\01_Train_Val_Oil_Spill_mask\Mask_oil\00045.tif,S1A_IW_GRDH_1SDV_20170311T021505_20170311T021528_015638_019B8B_9D85_O,subset_124_of_S1A_IW_GRDH_1SDV_20170311T021505_20170311T021528_015638_019B8B_9D85_Orb_NR_Cal_Spk_TC_dB,GRD,2017-03-11T02:15:08.266740,2017-03-11T02:15:10.614394,EPSG:4326,2048,2048,54.26195816306668,25.80823765376646,54.44593313325436,25.99221262395414,25.9002251388603,54.35394564816052,29911,0.7131338119506836,-12263901.196456634,564.6569656648056,966.1635685868075,10.0,,,
00047,D:\SIH_Dataset\Part_I\01_Train_Val_Oil_Spill_images\Oil\00047.tif,D:\SIH_Dataset\Part_I\01_Train_Val_Oil_Spill_mask\Mask_oil\00047.tif,S1A_IW_GRDH_1SDV_20170311T021505_20170311T021528_015638_019B8B_9D85_O,subset_126_of_S1A_IW_GRDH_1SDV_20170311T021505_20170311T021528_015638_019B8B_9D85_Orb_NR_Cal_Spk_TC_dB,GRD,2017-03-11T02:15:06.071620,2017-03-11T02:15:08.419274,EPSG:4326,2048,2048,54.14203307263673,25.980175199146938,54.326008042824405,26.164150169334615,26.072162684240777,54.23402055773057,34935,0.8329153060913086,-15093372.280658586,1181.814269357378,1194.465249749535,10.0,,,
00061,D:\SIH_Dataset\Part_I\01_Train_Val_Oil_Spill_images\Oil\00061.tif,D:\SIH_Dataset\Part_I\01_Train_Val_Oil_Spill_mask\Mask_oil\00061.tif,S1A_IW_GRDH_1SDV_20170311T021505_20170311T021528_015638_019B8B_9D85_O,subset_140_of_S1A_IW_GRDH_1SDV_20170311T021505_20170311T021528_015638_019B8B_9D85_Orb_NR_Cal_Spk_TC_dB,GRD,2017-03-11T02:15:12.302594,2017-03-11T02:15:14.650248,EPSG:4326,2048,2048,55.29996147386679,25.492120505284802,55.483936444054464,25.67609547547248,25.58410799037864,55.391948958960626,22912,0.5462646484375,-97802468.29900563,1217.3654416899442,1085.7714298184358,10.0,,,
00062,D:\SIH_Dataset\Part_I\01_Train_Val_Oil_Spill_images\Oil\00062.tif,D:\SIH_Dataset\Part_I\01_Train_Val_Oil_Spill_mask\Mask_oil\00062.tif,S1A_IW_GRDH_1SDV_20170510T021513_20170510T021536_016513_01B5F0_7A15_O,subset_173_of_S1A_IW_GRDH_1SDV_20170510T021513_20170510T021536_016513_01B5F0_7A15_Orb_NR_Cal_Spk_TC_dB,GRD,2017-05-10T02:15:21.143296,2017-05-10T02:15:23.491845,EPSG:4326,2048,2048,54.80325442856311,25.087628529674976,54.987229398750785,25.271603499862653,25.179616014768815,54.895241913656946,24162,0.5760669708251953,-58330600.81207813,753.421115801672,1024.900711861601,10.0,,,
00082,D:\SIH_Dataset\Part_I\01_Train_Val_Oil_Spill_images\Oil\00082.tif,D:\SIH_Dataset\Part_I\01_Train_Val_Oil_Spill_mask\Mask_oil\00082.tif,S1B_IW_GRDH_1SDV_20171204T001458_20171204T001523_008562_00F323_2A9C_O,subset_30_of_S1B_IW_GRDH_1SDV_20171204T001458_20171204T001523_008562_00F323_2A9C_Orb_NR_Cal_Spk_TC_dB,GRD,2017-12-04T00:15:17.573782,2017-12-04T00:15:19.952593,EPSG:4326,2048,2048,-92.35500351828583,19.49281949421709,-92.17102854809815,19.676794464404768,19.58480697931093,-92.26301603319199,30873,0.7360696792602539,-134937250.03385037,1551.6580669193147,1280.3218508081495,10.0,,,
00096,D:\SIH_Dataset\Part_I\01_Train_Val_Oil_Spill_images\Oil\00096.tif,D:\SIH_Dataset\Part_I\01_Train_Val_Oil_Spill_mask\Mask_oil\00096.tif,S1A_IW_GRDH_1SDV_20151012T035110_20151012T035133_008114_00B614_7471_O,subset_76_of_S1A_IW_GRDH_1SDV_20151012T035110_20151012T035133_008114_00B614_7471_Orb_NR_Cal_Spk_TC_dB,GRD,2015-10-12T03:51:20.086586,2015-10-12T03:51:22.459578,EPSG:4326,2048,2048,31.854960652625717,34.72700329899297,32.0389356228134,34.910978269180646,34.81899078408681,31.94694813771956,21230,0.5061626434326172,-78117008.6293164,1086.8786622703722,1095.8786622703722,10.0,,,
00111,D:\SIH_Dataset\Part_I\01_Train_Val_Oil_Spill_images\Oil\00111.tif,D:\SIH_Dataset\Part_I\01_Train_Val_Oil_Spill_mask\Mask_oil\00111.tif,S1A_IW_GRDH_1SDV_20171031T172702_20171031T172727_019060_0203C9_C184_O,subset_0_of_S1A_IW_GRDH_1SDV_20171031T172702_20171031T172727_019060_0203C9_C184_Orb_NR_Cal_Spk_TC_dB,GRD,2017-10-31T17:27:21.504028,2017-10-31T17:27:23.917159,EPSG:4326,2048,2048,2.407612460082933,59.10004146815891,2.591587430270611,59.28401643834659,59.19202895325275,2.499599945176772,34687,0.8270025253295898,-95508725.81414631,1159.4421685357627,1066.7961339983278,10.0,,,
00113,D:\SIH_Dataset\Part_I\01_Train_Val_Oil_Spill_images\Oil\00113.tif,D:\SIH_Dataset\Part_I\01_Train_Val_Oil_Spill_mask\Mask_oil\00113.tif,S1A_IW_GRDH_1SDV_20170708T050011_20170708T050036_017375_01D04A_16F7_O,subset_12_of_S1A_IW_GRDH_1SDV_20170708T050011_20170708T050036_017375_01D04A_16F7_Orb_NR_Cal_Spk_TC_dB,GRD,2017-07-08T05:00:23.946499,2017-07-08T05:00:26.236011,EPSG:4326,2048,2048,10.568519529468542,-6.31967803994656,10.75249449965622,-6.135703069758883,-6.227690554852721,10.66050701456238,23627,0.5633115768432617,-94151836.52960403,1198.094277733102,1244.0993143437593,10.0,,,
00115,D:\SIH_Dataset\Part_I\01_Train_Val_Oil_Spill_images\Oil\00115.tif,D:\SIH_Dataset\Part_I\01_Train_Val_Oil_Spill_mask\Mask_oil\00115.tif,S1A_IW_GRDH_1SDV_20170616T171859_20170616T171924_017062_01C6D4_2EE1_O,subset_18_of_S1A_IW_GRDH_1SDV_20170616T171859_20170616T171924_017062_01C6D4_2EE1_Orb_NR_Cal_Spk_TC_dB,GRD,2017-06-16T17:19:12.172180,2017-06-16T17:19:14.579417,EPSG:4326,2048,2048,2.721367672467362,60.50314119318953,2.90534264265504,60.687116163377205,60.595128678283366,2.813355157561201,18291,0.43609142303466797,-25755404.001576632,1128.0477557268603,1038.0562845115085,10.0,,,
00121,D:\SIH_Dataset\Part_I\01_Train_Val_Oil_Spill_images\Oil\00121.tif,D:\SIH_Dataset\Part_I\01_Train_Val_Oil_Spill_mask\Mask_oil\00121.tif,S1A_IW_GRDH_1SDV_20170813T173452_20170813T173517_017908_01E086_910C_O,subset_30_of_S1A_IW_GRDH_1SDV_20170813T173452_20170813T173517_017908_01E086_910C_Orb_NR_Cal_Spk_TC_dB,GRD,2017-08-13T17:35:13.778706,2017-08-13T17:35:16.196184,EPSG:4326,2048,2048,0.8020371425912192,57.67903380815732,0.9860121127788972,57.863008778345,57.77102129325116,0.8940246276850582,34303,0.8178472518920898,-80833340.13413714,1684.098693991779,1010.0764510392677,10.0,,,
00123,D:\SIH_Dataset\Part_I\01_Train_Val_Oil_Spill_images\Oil\00123.tif,D:\SIH_Dataset\Part_I\01_Train_Val_Oil_Spill_mask\Mask_oil\00123.tif,S1A_IW_GRDH_1SDV_20170813T173452_20170813T173517_017908_01E086_910C_O,subset_32_of_S1A_IW_GRDH_1SDV_20170813T173452_20170813T173517_017908_01E086_910C_Orb_NR_Cal_Spk_TC_dB,GRD,2017-08-13T17:35:04.848090,2017-08-13T17:35:07.265569,EPSG:4326,2048,2048,-0.305405939671327,58.3583398260085,-0.12143096948364901,58.54231479619618,58.45032731110234,-0.213418454577488,26234,0.6254673004150391,-72011044.77761409,883.4236868186323,1252.2410993367387,10.0,,,
00132,D:\SIH_Dataset\Part_I\01_Train_Val_Oil_Spill_images\Oil\00132.tif,D:\SIH_Dataset\Part_I\01_Train_Val_Oil_Spill_mask\Mask_oil\00132.tif,S1A_IW_GRDH_1SDV_20170825T173453_20170825T173518_018083_01E5D6_631F_O,subset_57_of_S1A_IW_GRDH_1SDV_20170825T173453_20170825T173518_018083_01E5D6_631F_Orb_NR_Cal_Spk_TC_dB,GRD,2017-08-25T17:35:08.400712,2017-08-25T17:35:10.818297,EPSG:4326,2048,2048,0.942813635889896,58.13524790502428,1.126788606077574,58.319222875211956,58.22723539011812,1.034801120983735,18402,0.4387378692626953,-28218450.117797125,1196.8030648842516,1610.4656015650473,10.0,,,
00145,D:\SIH_Dataset\Part_I\01_Train_Val_Oil_Spill_images\Oil\00145.tif,D:\SIH_Dataset\Part_I\01_Train_Val_Oil_Spill_mask\Mask_oil\00145.tif,S1A_IW_GRDH_1SDV_20170116T045149_20170116T045214_014852_01836A_F815_O,subset_93_of_S1A_IW_GRDH_1SDV_20170116T045149_20170116T045214_014852_01836A_F815_Orb_NR_Cal_Spk_TC_dB,GRD,2017-01-16T04:52:04.860006,2017-01-16T04:52:07.149649,EPSG:4326,2048,2048,10.93503469542176,-6.362856445367809,11.119009665609438,-6.178881475180131,-6.270868960273971,11.027022180515598,39891,0.951075553894043,-30438947.478032704,1105.4010804442105,1144.2435010403349,10.0,,,
00148,D:\SIH_Dataset\Part_I\01_Train_Val_Oil_Spill_images\Oil\00148.tif,D:\SIH_Dataset\Part_I\01_Train_Val_Oil_Spill_mask\Mask_oil\00148.tif,S1A_IW_GRDH_1SDV_20170516T045224_20170516T045249_016602_01B8AB_8B63_O,subset_98_of_S1A_IW_GRDH_1SDV_20170516T045224_20170516T045249_016602_01B8AB_8B63_Orb_NR_Cal_Spk_TC_dB,GRD,2017-05-16T04:52:28.729051,2017-05-16T04:52:31.009154,EPSG:4326,2048,2048,11.21445363792186,-7.431051471287562,11.398428608109539,-7.247076501099884,-7.3390639861937235,11.306441123015698,39697,0.9464502334594727,-34468392.5474663,955.3570169030405,688.2819482580547,10.0,,,
00149,D:\SIH_Dataset\Part_I\01_Train_Val_Oil_Spill_images\Oil\00149.tif,D:\SIH_Dataset\Part_I\01_Train_Val_Oil_Spill_mask\Mask_oil\00149.tif,S1A_IW_GRDH_1SDV_20170516T045224_20170516T045249_016602_01B8AB_8B63_O,subset_99_of_S1A_IW_GRDH_1SDV_20170516T045224_20170516T045249_016602_01B8AB_8B63_Orb_NR_Cal_Spk_TC_dB,GRD,2017-05-16T04:52:28.583134,2017-05-16T04:52:30.863236,EPSG:4326,2048,2048,11.146091844800365,-7.419283541065596,11.330066814988044,-7.235308570877918,-7.3272960559717575,11.238079329894205,30382,0.7243633270263672,-16230853.10095823,911.3338489895333,1107.703673227569,10.0,,,
00154,D:\SIH_Dataset\Part_I\01_Train_Val_Oil_Spill_images\Oil\00154.tif,D:\SIH_Dataset\Part_I\01_Train_Val_Oil_Spill_mask\Mask_oil\00154.tif,S1A_IW_GRDH_1SDV_20170913T045157_20170913T045222_018352_01EE2E_DD64_O,subset_123_of_S1A_IW_GRDH_1SDV_20170913T045157_20170913T045222_018352_01EE2E_DD64_Orb_NR_Cal_Spk_TC_dB,GRD,2017-09-13T04:52:04.178274,2017-09-13T04:52:06.465813,EPSG:4326,2048,2048,11.807152980803695,-5.625643147914518,11.991127950991373,-5.44166817772684,-5.53365566282068,11.899140465897535,40639,0.9689092636108398,-51270868.93595406,1311.6417357710573,949.3835847338763,10.0,,,
00176,D:\SIH_Dataset\Part_I\01_Train_Val_Oil_Spill_images\Oil\00176.tif,D:\SIH_Dataset\Part_I\01_Train_Val_Oil_Spill_mask\Mask_oil\00176.tif,S1A_IW_GRDH_1SDV_20150828T165530_20150828T165555_007466_00A4B1_23DB_O,subset_184_of_S1A_IW_GRDH_1SDV_20150828T165530_20150828T165555_007466_00A4B1_23DB_Orb_NR_Cal_Spk_TC_dB,GRD,2015-08-28T16:55:36.200778,2015-08-28T16:55:38.613460,EPSG:4326,2048,2048,14.592477144862658,36.30169762846511,14.776452115050336,36.48567259865278,36.393685113558945,14.684464629956498,17791,0.42417049407958984,-20825782.82137582,1375.6979652633354,1164.456101399584,10.0,,,
00184,D:\SIH_Dataset\Part_I\01_Train_Val_Oil_Spill_images\Oil\00184.tif,D:\SIH_Dataset\Part_I\01_Train_Val_Oil_Spill_mask\Mask_oil\00184.tif,S1A_IW_GRDH_1SDV_20170925T045157_20170925T045222_018527_01F38E_8063_O,subset_202_of_S1A_IW_GRDH_1SDV_20170925T045157_20170925T045222_018527_01F38E_8063_Orb_NR_Cal_Spk_TC_dB,GRD,2017-09-25T04:52:09.989025,2017-09-25T04:52:12.276592,EPSG:4326,2048,2048,12.070646598172312,-6.067726510225735,12.25462156835999,-5.883751540038057,-5.975739025131896,12.162634083266152,14569,0.3473520278930664,-21095593.739859983,373.85369620426934,463.86550209348616,10.0,,,
00194,D:\SIH_Dataset\Part_I\01_Train_Val_Oil_Spill_images\Oil\00194.tif,D:\SIH_Dataset\Part_I\01_Train_Val_Oil_Spill_mask\Mask_oil\00194.tif,S1A_IW_GRDH_1SDV_20170817T023857_20170817T023922_017957_01E207_7BFA_O,subset_224_of_S1A_IW_GRDH_1SDV_20170817T023857_20170817T023922_017957_01E207_7BFA_Orb_NR_Cal_Spk_TC_dB,GRD,2017-08-17T02:39:03.602191,2017-08-17T02:39:05.996538,EPSG:4326,2048,2048,49.97342879593215,28.996433256601136,50.15740376611983,29.180408226788813,29.088420741694975,50.06541628102599,28993,0.6912469863891602,-43226016.82140961,726.6106129065637,554.0886938226469,10.0,,,
00198,D:\SIH_Dataset\Part_I\01_Train_Val_Oil_Spill_images\Oil\00198.tif,D:\SIH_Dataset\Part_I\01_Train_Val_Oil_Spill_mask\Mask_oil\00198.tif,S1A_IW_GRDH_1SDV_20170817T023857_20170817T023922_017957_01E207_7BFA_O,subset_228_of_S1A_IW_GRDH_1SDV_20170817T023857_20170817T023922_017957_01E207_7BFA_Orb_NR_Cal_Spk_TC_dB,GRD,2017-08-17T02:39:09.214343,2017-08-17T02:39:11.608689,EPSG:4326,2048,2048,49.52247452330415,28.56542158328059,49.706449493491824,28.749396553468266,28.657409068374427,49.614462008397986,19295,0.46002864837646484,-133693598.14406651,1248.1106245141227,1094.7684115055713,10.0,,,
00204,D:\SIH_Dataset\Part_I\01_Train_Val_Oil_Spill_images\Oil\00204.tif,D:\SIH_Dataset\Part_I\01_Train_Val_Oil_Spill_mask\Mask_oil\00204.tif,S1B_IW_GRDH_1SDV_20170801T035908_20170801T035933_006741_00BDC7_5356_O,subset_250_of_S1B_IW_GRDH_1SDV_20170801T035908_20170801T035933_006741_00BDC7_5356_Orb_NR_Cal_Spk_TC_dB,GRD,2017-08-01T03:59:27.035753,2017-08-01T03:59:29.443218,EPSG:4326,2048,2048,30.21699368241261,33.06837132293759,30.400968652600287,33.252346293125264,33.160358808031425,30.30898116750645,16048,0.3826141357421875,-74018108.91064282,982.1752866400798,985.0279785643071,10.0,,,
00273,D:\SIH_Dataset\Part_I\01_Train_Val_Oil_Spill_images\Oil\00273.tif,D:\SIH_Dataset\Part_I\01_Train_Val_Oil_Spill_mask\Mask_oil\00273.tif,S1A_IW_GRDH_1SDV_20170528T045216_20170528T045241_016777_01BE0F_5BB0_O,subset_328_of_S1A_IW_GRDH_1SDV_20170528T045216_20170528T045241_016777_01BE0F_5BB0_Orb_NR_Cal_Spk_TC_dB,GRD,2017-05-28T04:52:26.221879,2017-05-28T04:52:28.504457,EPSG:4326,2048,2048,11.333119961272718,-7.363911417317334,11.517094931460397,-7.1799364471296565,-7.271923932223496,11.425107446366557,22179,0.5287885665893555,-60154174.07072267,594.2860588845305,702.4819198340773,10.0,,,
00274,D:\SIH_Dataset\Part_I\01_Train_Val_Oil_Spill_images\Oil\00274.tif,D:\SIH_Dataset\Part_I\01_Train_Val_Oil_Spill_mask\Mask_oil\00274.tif,S1A_IW_GRDH_1SDV_20170528T045216_20170528T045241_016777_01BE0F_5BB0_O,subset_329_of_S1A_IW_GRDH_1SDV_20170528T045216_20170528T045241_016777_01BE0F_5BB0_Orb_NR_Cal_Spk_TC_dB,GRD,2017-05-28T04:52:23.705132,2017-05-28T04:52:25.987711,EPSG:4326,2048,2048,11.138365207675605,-7.161161657691558,11.322340177863284,-6.97718668750388,-7.0691741725977195,11.230352692769443,22446,0.5351543426513672,-16255274.495560305,1070.7808072707833,1343.3382339837833,10.0,,,
00284,D:\SIH_Dataset\Part_I\01_Train_Val_Oil_Spill_images\Oil\00284.tif,D:\SIH_Dataset\Part_I\01_Train_Val_Oil_Spill_mask\Mask_oil\00284.tif,S1A_IW_GRDH_1SDV_20171001T000113_20171001T000138_018612_01F616_AD54_O,subset_339_of_S1A_IW_GRDH_1SDV_20171001T000113_20171001T000138_018612_01F616_AD54_Orb_NR_Cal_Spk_TC_dB,GRD,2017-10-01T00:01:16.320752,2017-10-01T00:01:18.710562,EPSG:4326,2048,2048,-89.64107972584098,28.005939509931792,-89.4571047556533,28.18991448011947,28.09792699502563,-89.54909224074714,34147,0.8141279220581055,-20922843.75045931,926.5680001171406,1447.2872433888774,10.0,,,
00294,D:\SIH_Dataset\Part_I\01_Train_Val_Oil_Spill_images\Oil\00294.tif,D:\SIH_Dataset\Part_I\01_Train_Val_Oil_Spill_mask\Mask_oil\00294.tif,S1A_IW_GRDH_1SDV_20170924T000940_20170924T001005_018510_01F303_4E14_O,subset_349_of_S1A_IW_GRDH_1SDV_20170924T000940_20170924T001005_018510_01F303_4E14_Orb_NR_Cal_Spk_TC_dB,GRD,2017-09-24T00:09:52.540124,2017-09-24T00:09:54.932721,EPSG:4326,2048,2048,-92.58220616165687,28.011449940226406,-92.3982311914692,28.195424910414083,28.103437425320244,-92.49021867656303,30257,0.7213830947875977,-291840840.386179,928.8500677529166,976.0540536074296,10.0,,,
00296,D:\SIH_Dataset\Part_I\01_Train_Val_Oil_Spill_images\Oil\00296.tif,D:\SIH_Dataset\Part_I\01_Train_Val_Oil_Spill_mask\Mask_oil\00296.tif,S1A_IW_GRDH_1SDV_20151027T165531_20151027T165556_008341_00BC50_3935_O,subset_357_of_S1A_IW_GRDH_1SDV_20151027T165531_20151027T165556_008341_00BC50_3935_Orb_NR_Cal_Spk_TC_dB,GRD,2015-10-27T16:55:49.641890,2015-10-27T16:55:52.053665,EPSG:4326,2048,2048,14.77675354004494,35.34955059455123,14.960728510232618,35.53352556473891,35.44153807964507,14.868741025138778,18629,0.4441499710083008,-44677335.15042098,1139.671345751248,963.4043963712492,10.0,,,
00297,D:\SIH_Dataset\Part_I\01_Train_Val_Oil_Spill_images\Oil\00297.tif,D:\SIH_Dataset\Part_I\01_Train_Val_Oil_Spill_mask\Mask_oil\00297.tif,S1A_IW_GRDH_1SDV_20151027T165531_20151027T165556_008341_00BC50_3935_O,subset_358_of_S1A_IW_GRDH_1SDV_20151027T165531_20151027T165556_008341_00BC50_3935_Orb_NR_Cal_Spk_TC_dB,GRD,2015-10-27T16:55:44.219813,2015-10-27T16:55:46.631588,EPSG:4326,2048,2048,14.787443491925961,35.76295528830304,14.97141846211364,35.94693025849072,35.85494277339688,14.879430977019801,18236,0.4347801208496094,-38757252.51865542,1699.5553301162536,818.9800394823426,10.0,,,
00300,D:\SIH_Dataset\Part_I\01_Train_Val_Oil_Spill_images\Oil\00300.tif,D:\SIH_Dataset\Part_I\01_Train_Val_Oil_Spill_mask\Mask_oil\00300.tif,S1A_IW_GRDH_1SDV_20151027T165531_20151027T165556_008341_00BC50_3935_O,subset_361_of_S1A_IW_GRDH_1SDV_20151027T165531_20151027T165556_008341_00BC50_3935_Orb_NR_Cal_Spk_TC_dB,GRD,2015-10-27T16:55:41.348539,2015-10-27T16:55:43.760315,EPSG:4326,2048,2048,14.436831036534112,35.981874723042964,14.620806006721791,36.16584969323064,36.0738622081368,14.52881852162795,24796,0.5911827087402344,-122039866.67441799,1646.955154057106,1154.9664058719147,10.0,,,
00303,D:\SIH_Dataset\Part_I\01_Train_Val_Oil_Spill_images\Oil\00303.tif,D:\SIH_Dataset\Part_I\01_Train_Val_Oil_Spill_mask\Mask_oil\00303.tif,S1A_IW_GRDH_1SDV_20160602T154042_20160602T154107_011534_0119A0_AC28_O,subset_388_of_S1A_IW_GRDH_1SDV_20160602T154042_20160602T154107_011534_0119A0_AC28_Orb_NR_Cal_Spk_TC_dB,GRD,2016-06-02T15:40:54.904206,2016-06-02T15:40:57.308962,EPSG:4326,2048,2048,33.76687483570124,33.00639879302777,33.950849805888915,33.19037376321545,33.09838627812161,33.858862320795076,37460,0.8931159973144531,-61759084.2746804,1077.2264281900693,1367.195969033636,10.0,,,
00305,D:\SIH_Dataset\Part_I\01_Train_Val_Oil_Spill_images\Oil\00305.tif,D:\SIH_Dataset\Part_I\01_Train_Val_Oil_Spill_mask\Mask_oil\00305.tif,S1A_IW_GRDH_1SDV_20160602T154042_20160602T154107_011534_0119A0_AC28_O,subset_390_of_S1A_IW_GRDH_1SDV_20160602T154042_20160602T154107_011534_0119A0_AC28_Orb_NR_Cal_Spk_TC_dB,GRD,2016-06-02T15:40:53.912700,2016-06-02T15:40:56.317455,EPSG:4326,2048,2048,33.808107507242326,33.08221660300745,33.99208247743,33.26619157319513,33.17420408810129,33.900094992336165,28027,0.6682157516479492,-57122920.32836591,1857.8541941699075,740.7847968030827,10.0,,,
00307,D:\SIH_Dataset\Part_I\01_Train_Val_Oil_Spill_images\Oil\00307.tif,D:\SIH_Dataset\Part_I\01_Train_Val_Oil_Spill_mask\Mask_oil\00307.tif,S1A_IW_GRDH_1SDV_20160602T154042_20160602T154107_011534_0119A0_AC28_O,subset_392_of_S1A_IW_GRDH_1SDV_20160602T154042_20160602T154107_011534_0119A0_AC28_Orb_NR_Cal_Spk_TC_dB,GRD,2016-06-02T15:40:55.979121,2016-06-02T15:40:58.383877,EPSG:4326,2048,2048,33.99145365673112,32.92420294453083,34.175428626918794,33.10817791471851,33.01619042962467,34.083441141824956,40915,0.975489616394043,-99538608.44708434,941.4505315898815,925.7010265183918,10.0,,,
00309,D:\SIH_Dataset\Part_I\01_Train_Val_Oil_Spill_images\Oil\00309.tif,D:\SIH_Dataset\Part_I\01_Train_Val_Oil_Spill_mask\Mask_oil\00309.tif,S1A_IW_GRDH_1SDV_20160602T154042_20160602T154107_011534_0119A0_AC28_O,subset_394_of_S1A_IW_GRDH_1SDV_20160602T154042_20160602T154107_011534_0119A0_AC28_Orb_NR_Cal_Spk_TC_dB,GRD,2016-06-02T15:40:56.681634,2016-06-02T15:40:59.086389,EPSG:4326,2048,2048,34.24855149104612,32.87048369054048,34.4325264612338,33.05445866072816,32.96247117563432,34.34053897613996,15713,0.37462711334228516,-50700030.13175225,1110.5918984280531,1028.0806020492587,10.0,,,
00328,D:\SIH_Dataset\Part_I\01_Train_Val_Oil_Spill_images\Oil\00328.tif,D:\SIH_Dataset\Part_I\01_Train_Val_Oil_Spill_mask\Mask_oil\00328.tif,S1A_IW_GRDH_1SDV_20190920T095205_20190920T095230_029103_034DAB_3201_O,subset_413_of_S1A_IW_GRDH_1SDV_20190920T095205_20190920T095230_029103_034DAB_3201_Orb_NR_Cal_Spk_TC_dB,GRD,2019-09-20T09:52:21.140491,2019-09-20T09:52:23.490762,EPSG:4326,2048,2048,-60.99428129292801,10.10950710695061,-60.81030632274033,10.29348207713829,10.201494592044451,-60.90229380783417,31938,0.7614612579345703,-5463671.83088468,1086.2003569415742,912.8848080656271,10.0,,,
00346,D:\SIH_Dataset\Part_I\01_Train_Val_Oil_Spill_images\Oil\00346.tif,D:\SIH_Dataset\Part_I\01_Train_Val_Oil_Spill_mask\Mask_oil\00346.tif,S1A_IW_GRDH_1SDV_20191002T095206_20191002T095231_029278_0353AF_58BB_O,subset_431_of_S1A_IW_GRDH_1SDV_20191002T095206_20191002T095231_029278_0353AF_58BB_Orb_NR_Cal_Spk_TC_dB,GRD,2019-10-02T09:52:19.642079,2019-10-02T09:52:21.992455,EPSG:4326,2048,2048,-60.77897710455968,10.271213395594161,-60.595002134372,10.45518836578184,10.363200880688002,-60.68698961946584,28287,0.6744146347045898,-57700129.33207444,958.2145331777848,1021.5850213879168,10.0,,,
00347,D:\SIH_Dataset\Part_I\01_Train_Val_Oil_Spill_images\Oil\00347.tif,D:\SIH_Dataset\Part_I\01_Train_Val_Oil_Spill_mask\Mask_oil\00347.tif,S1A_IW_GRDH_1SDV_20191002T095206_20191002T095231_029278_0353AF_58BB_O,subset_432_of_S1A_IW_GRDH_1SDV_20191002T095206_20191002T095231_029278_0353AF_58BB_Orb_NR_Cal_Spk_TC_dB,GRD,2019-10-02T09:52:21.731813,2019-10-02T09:52:24.082188,EPSG:4326,2048,2048,-60.76208877721823,10.107720013884409,-60.578113807030554,10.291694984072087,10.199707498978249,-60.67010129212439,17468,0.4164695739746094,-122325863.91733713,929.9870620563315,931.8774902679185,10.0,,,
00351,D:\SIH_Dataset\Part_I\01_Train_Val_Oil_Spill_images\Oil\00351.tif,D:\SIH_Dataset\Part_I\01_Train_Val_Oil_Spill_mask\Mask_oil\00351.tif,S1A_IW_GRDH_1SDV_20171010T142441_20171010T142506_018752_01FA61_AEEA_O,subset_436_of_S1A_IW_GRDH_1SDV_20171010T142441_20171010T142506_018752_01FA61_AEEA_Orb_NR_Cal_Spk_TC_dB,GRD,2017-10-10T14:24:51.959485,2017-10-10T14:24:54.341577,EPSG:4326,2048,2048,54.21597443830045,25.373293630235782,54.399949408488126,25.55726860042346,25.46528111532962,54.30796192339429,41486,0.9891033172607422,-46393065.634163514,758.8474666152437,875.8009207925566,10.0,,,
00352,D:\SIH_Dataset\Part_I\01_Train_Val_Oil_Spill_images\Oil\00352.tif,D:\SIH_Dataset\Part_I\01_Train_Val_Oil_Spill_mask\Mask_oil\00352.tif,S1A_IW_GRDH_1SDV_20171010T142441_20171010T142506_018752_01FA61_AEEA_O,subset_437_of_S1A_IW_GRDH_1SDV_20171010T142441_20171010T142506_018752_01FA61_AEEA_Orb_NR_Cal_Spk_TC_dB,GRD,2017-10-10T14:24:53.229081,2017-10-10T14:24:55.611173,EPSG:4326,2048,2048,54.13395825286033,25.27528743273834,54.31793322304801,25.45926240292602,25.36727491783218,54.22594573795417,20196,0.4815101623535156,-193955459.91851145,1236.6704793028323,1165.7935234699942,10.0,,,
00353,D:\SIH_Dataset\Part_I\01_Train_Val_Oil_Spill_images\Oil\00353.tif,D:\SIH_Dataset\Part_I\01_Train_Val_Oil_Spill_mask\Mask_oil\00353.tif,S1A_IW_GRDH_1SDV_20171010T142441_20171010T142506_018752_01FA61_AEEA_O,subset_438_of_S1A_IW_GRDH_1SDV_20171010T142441_20171010T142506_018752_01FA61_AEEA_Orb_NR_Cal_Spk_TC_dB,GRD,2017-10-10T14:24:53.975012,2017-10-10T14:24:56.357104,EPSG:4326,2048,2048,54.21884904720963,25.21770542302628,54.40282401739731,25.401680393213958,25.30969290812012,54.31083653230347,21187,0.5051374435424805,-9343763.499989918,987.9923302024827,1193.233468636428,10.0,,,
00376,D:\SIH_Dataset\Part_I\01_Train_Val_Oil_Spill_images\Oil\00376.tif,D:\SIH_Dataset\Part_I\01_Train_Val_Oil_Spill_mask\Mask_oil\00376.tif,S1A_IW_GRDH_1SDV_20171013T035203_20171013T035228_018789_01FB76_DE86_O,subset_479_of_S1A_IW_GRDH_1SDV_20171013T035203_20171013T035228_018789_01FB76_DE86_Orb_NR_Cal_Spk_TC_dB,GRD,2017-10-13T03:52:16.966654,2017-10-13T03:52:19.367622,EPSG:4326,2048,2048,31.44683682416138,32.00392952112703,31.630811794349057,32.187904491314704,32.095917006220866,31.53882430925522,41028,0.9781837463378906,-35775347.25114739,1132.821170907673,1102.9412596275715,10.0,,,
00392,D:\SIH_Dataset\Part_I\01_Train_Val_Oil_Spill_images\Oil\00392.tif,D:\SIH_Dataset\Part_I\01_Train_Val_Oil_Spill_mask\Mask_oil\00392.tif,S1A_IW_GRDH_1SDV_20150731T154918_20150731T154943_007057_00998A_E86C_O,subset_503_of_S1A_IW_GRDH_1SDV_20150731T154918_20150731T154943_007057_00998A_E86C_Orb_NR_Cal_Spk_TC_dB,GRD,2015-07-31T15:49:32.542693,2015-07-31T15:49:34.950368,EPSG:4326,2048,2048,32.823672107841126,34.431339830544125,33.0076470780288,34.6153148007318,34.523327315637964,32.915659592934965,25133,0.599217414855957,-211380261.60974583,1222.368658735527,1383.230473878964,10.0,,,
00398,D:\SIH_Dataset\Part_I\01_Train_Val_Oil_Spill_images\Oil\00398.tif,D:\SIH_Dataset\Part_I\01_Train_Val_Oil_Spill_mask\Mask_oil\00398.tif,S1A_IW_GRDH_1SDV_20170905T182623_20170905T182648_018244_01EABD_EAFE_O,subset_509_of_S1A_IW_GRDH_1SDV_20170905T182623_20170905T182648_018244_01EABD_EAFE_Orb_NR_Cal_Spk_TC_dB,GRD,2017-09-05T18:26:31.941935,2017-09-05T18:26:34.353070,EPSG:4326,2048,2048,-7.07106262594906,36.681483588193565,-6.887087655761382,36.86545855838124,36.7734710732874,-6.979075140855221,28181,0.6718873977661133,-51500974.657906495,776.8846563287321,1119.8101735211667,10.0,,,
00403,D:\SIH_Dataset\Part_I\01_Train_Val_Oil_Spill_images\Oil\00403.tif,D:\SIH_Dataset\Part_I\01_Train_Val_Oil_Spill_mask\Mask_oil\00403.tif,S1A_IW_GRDH_1SDV_20170905T001529_20170905T001554_018233_01EA6C_00E8_O,subset_515_of_S1A_IW_GRDH_1SDV_20170905T001529_20170905T001554_018233_01EA6C_00E8_Orb_NR_Cal_Spk_TC_dB,GRD,2017-09-05T00:15:43.491461,2017-09-05T00:15:45.859818,EPSG:4326,2048,2048,-92.13136138592228,19.220838666083807,-91.9473864157346,19.404813636271484,19.312826151177646,-92.03937390082844,17807,0.42455196380615234,-49405010.18208339,132.7116021789184,1136.1850676700174,10.0,,,
00415,D:\SIH_Dataset\Part_I\01_Train_Val_Oil_Spill_images\Oil\00415.tif,D:\SIH_Dataset\Part_I\01_Train_Val_Oil_Spill_mask\Mask_oil\00415.tif,S1A_IW_GRDH_1SDV_20150402T154912_20150402T154937_005307_006B79_76F4_O,subset_527_of_S1A_IW_GRDH_1SDV_20150402T154912_20150402T154937_005307_006B79_76F4_Orb_NR_Cal_Spk_TC_dB,GRD,2015-04-02T15:49:25.993553,2015-04-02T15:49:28.401138,EPSG:4326,2048,2048,32.237718036405695,34.46849231087173,32.42169300659337,34.65246728105941,34.56047979596557,32.329705521499534,22800,0.5435943603515625,-25262409.36968833,1679.941842105263,1778.6710087719298,10.0,,,
00450,D:\SIH_Dataset\Part_I\01_Train_Val_Oil_Spill_images\Oil\00450.tif,D:\SIH_Dataset\Part_I\01_Train_Val_Oil_Spill_mask\Mask_oil\00450.tif,S1A_IW_GRDH_1SDV_20170503T035916_20170503T035941_016412_01B2E4_C093_O,subset_613_of_S1A_IW_GRDH_1SDV_20170503T035916_20170503T035941_016412_01B2E4_C093_Orb_NR_Cal_Spk_TC_dB,GRD,2017-05-03T03:59:23.772198,2017-05-03T03:59:26.181591,EPSG:4326,2048,2048,29.800546784061535,35.660460459222044,29.98452175424921,35.84443542940972,35.75244794431588,29.892534269155373,35426,0.8446216583251953,-14955616.30981811,831.7202054987862,720.8776322475019,10.0,,,
00459,D:\SIH_Dataset\Part_I\01_Train_Val_Oil_Spill_images\Oil\00459.tif,D:\SIH_Dataset\Part_I\01_Train_Val_Oil_Spill_mask\Mask_oil\00459.tif,S1A_IW_GRDH_1SDV_20170704T111705_20170704T111730_017320_01CEB7_D612_O,subset_633_of_S1A_IW_GRDH_1SDV_20170704T111705_20170704T111730_017320_01CEB7_D612_Orb_NR_Cal_Spk_TC_dB,GRD,2017-07-04T11:17:09.866370,2017-07-04T11:17:12.177897,EPSG:4326,2048,2048,104.65335313635515,2.381704967267716,104.83732810654283,2.565679937455394,2.473692452361555,104.74534062144899,21728,0.518035888671875,-14344602.7677131,1086.629326215022,1196.5756167157585,10.0,,,
00472,D:\SIH_Dataset\Part_I\01_Train_Val_Oil_Spill_images\Oil\00472.tif,D:\SIH_Dataset\Part_I\01_Train_Val_Oil_Spill_mask\Mask_oil\00472.tif,S1A_IW_GRDH_1SDV_20190429T050020_20190429T050045_027000_030A2C_FE8D_O,subset_651_of_S1A_IW_GRDH_1SDV_20190429T050020_20190429T050045_027000_030A2C_FE8D_Orb_NR_Cal_Spk_TC_dB,GRD,2019-04-29T05:00:31.480200,2019-04-29T05:00:33.769715,EPSG:4326,2048,2048,10.552138528612026,-6.208004182156391,10.736113498799705,-6.024029211968713,-6.116016697062552,10.644126013705865,28190,0.6721019744873047,-11212679.194568852,1212.3061724015608,1145.364455480667,10.0,,,
00490,D:\SIH_Dataset\Part_I\01_Train_Val_Oil_Spill_images\Oil\00490.tif,D:\SIH_Dataset\Part_I\01_Train_Val_Oil_Spill_mask\Mask_oil\00490.tif,S1A_IW_GRDH_1SDV_20170901T154118_20170901T154143_018184_01E8E5_F41E_O,subset_719_of_S1A_IW_GRDH_1SDV_20170901T154118_20170901T154143_018184_01E8E5_F41E_Orb_NR_Cal_Spk_TC_dB,GRD,2017-09-01T15:41:25.113446,2017-09-01T15:41:27.519875,EPSG:4326,2048,2048,35.1794025646515,34.94771829406042,35.363377534839174,35.1316932642481,35.03970577915426,35.271390049745335,26866,0.6405353546142578,-63640095.74917149,1783.060932033053,209.27655773096106,10.0,,,
00493,D:\SIH_Dataset\Part_I\01_Train_Val_Oil_Spill_images\Oil\00493.tif,D:\SIH_Dataset\Part_I\01_Train_Val_Oil_Spill_mask\Mask_oil\00493.tif,S1A_IW_GRDH_1SDV_20170901T154118_20170901T154143_018184_01E8E5_F41E_O,subset_722_of_S1A_IW_GRDH_1SDV_20170901T154118_20170901T154143_018184_01E8E5_F41E_Orb_NR_Cal_Spk_TC_dB,GRD,2017-09-01T15:41:29.119851,2017-09-01T15:41:31.526280,EPSG:4326,2048,2048,35.1103221193027,34.64157244523249,35.29429708949038,34.82554741542017,34.73355993032633,35.20230960439654,36789,0.8771181106567383,-78133948.36632328,193.53669575144744,941.7353149039114,10.0,,,
00494,D:\SIH_Dataset\Part_I\01_Train_Val_Oil_Spill_images\Oil\00494.tif,D:\SIH_Dataset\Part_I\01_Train_Val_Oil_Spill_mask\Mask_oil\00494.tif,S1A_IW_GRDH_1SDV_20170901T154118_20170901T154143_018184_01E8E5_F41E_O,subset_723_of_S1A_IW_GRDH_1SDV_20170901T154118_20170901T154143_018184_01E8E5_F41E_Orb_NR_Cal_Spk_TC_dB,GRD,2017-09-01T15:41:29.892213,2017-09-01T15:41:32.298642,EPSG:4326,2048,2048,34.744707798666056,34.582553131065836,34.92868276885373,34.76652810125351,34.674540616159675,34.836695283759894,17115,0.4080533981323242,-137748695.8565314,853.6319894829097,264.67464212678937,10.0,,,
00521,D:\SIH_Dataset\Part_I\01_Train_Val_Oil_Spill_images\Oil\00521.tif,D:\SIH_Dataset\Part_I\01_Train_Val_Oil_Spill_mask\Mask_oil\00521.tif,S1A_IW_GRDH_1SDV_20171013T000139_20171013T000204_018787_01FB66_8385_O,subset_794_of_S1A_IW_GRDH_1SDV_20171013T000139_20171013T000204_018787_01FB66_8385_Orb_NR_Cal_Spk_TC_dB,GRD,2017-10-13T00:01:50.920180,2017-10-13T00:01:53.313905,EPSG:4326,2048,2048,-90.95815549287677,28.78862833493671,-90.7741805226891,28.972603305124387,28.88061582003055,-90.86616800778293,35159,0.8382558822631836,-95403460.2645035,1243.4352370659005,408.1239938564806,10.0,,,
00530,D:\SIH_Dataset\Part_I\01_Train_Val_Oil_Spill_images\Oil\00530.tif,D:\SIH_Dataset\Part_I\01_Train_Val_Oil_Spill_mask\Mask_oil\00530.tif,S1A_IW_GRDH_1SDV_20151225T051051_20151225T051116_009194_00D3ED_5016_O,subset_850_of_S1A_IW_GRDH_1SDV_20151225T051051_20151225T051116_009194_00D3ED_5016_Orb_NR_Cal_Spk_TC_dB,GRD,2015-12-25T05:11:10.165551,2015-12-25T05:11:12.589129,EPSG:4326,2048,2048,14.428271794482882,43.328633661921614,14.61224676467056,43.51260863210929,43.42062114701545,14.52025927957672,40903,0.9752035140991211,-71026908.79954357,847.9915287387233,924.8682126005427,10.0,,,
00536,D:\SIH_Dataset\Part_I\01_Train_Val_Oil_Spill_images\Oil\00536.tif,D:\SIH_Dataset\Part_I\01_Train_Val_Oil_Spill_mask\Mask_oil\00536.tif,S1A_IW_GRDH_1SDV_20151225T051051_20151225T051116_009194_00D3ED_5016_O,subset_856_of_S1A_IW_GRDH_1SDV_20151225T051051_20151225T051116_009194_00D3ED_5016_Orb_NR_Cal_Spk_TC_dB,GRD,2015-12-25T05:11:02.006843,2015-12-25T05:11:04.430421,EPSG:4326,2048,2048,13.404192370586626,43.94766272420838,13.588167340774305,44.131637694396055,44.039650209302216,13.496179855680467,17557,0.4185914993286133,-101974081.89684616,207.53673748362476,217.41587401036622,10.0,,,
00556,D:\SIH_Dataset\Part_I\01_Train_Val_Oil_Spill_images\Oil\00556.tif,D:\SIH_Dataset\Part_I\01_Train_Val_Oil_Spill_mask\Mask_oil\00556.tif,S1A_IW_GRDH_1SDV_20180105T000136_20180105T000201_020012_022178_8DA2_O,subset_890_of_S1A_IW_GRDH_1SDV_20180105T000136_20180105T000201_020012_022178_8DA2_Orb_NR_Cal_Spk_TC_dB,GRD,2018-01-05T00:01:48.502116,2018-01-05T00:01:50.895888,EPSG:4326,2048,2048,-89.0363020211759,28.80448502072795,-88.85232705098822,28.988459990915626,28.896472505821787,-88.94431453608206,31537,0.7519006729125977,-3009358.6231519533,749.9404984621239,1022.7925769730792,10.0,,,
00557,D:\SIH_Dataset\Part_I\01_Train_Val_Oil_Spill_images\Oil\00557.tif,D:\SIH_Dataset\Part_I\01_Train_Val_Oil_Spill_mask\Mask_oil\00557.tif,S1A_IW_GRDH_1SDV_20180105T000136_20180105T000201_020012_022178_8DA2_O,subset_891_of_S1A_IW_GRDH_1SDV_20180105T000136_20180105T000201_020012_022178_8DA2_Orb_NR_Cal_Spk_TC_dB,GRD,2018-01-05T00:01:48.296300,2018-01-05T00:01:50.690073,EPSG:4326,2048,2048,-88.94943493320154,28.820295369728452,-88.76545996301387,29.00427033991613,28.91228285482229,-88.8574474481077,21620,0.5154609680175781,-61390201.51975604,997.8575393154487,117.33172987974098,10.0,,,
00558,D:\SIH_Dataset\Part_I\01_Train_Val_Oil_Spill_images\Oil\00558.tif,D:\SIH_Dataset\Part_I\01_Train_Val_Oil_Spill_mask\Mask_oil\00558.tif,S1A_IW_GRDH_1SDV_20180105T000136_20180105T000201_020012_022178_8DA2_O,subset_892_of_S1A_IW_GRDH_1SDV_20180105T000136_20180105T000201_020012_022178_8DA2_Orb_NR_Cal_Spk_TC_dB,GRD,2018-01-05T00:01:48.610870,2018-01-05T00:01:51.004643,EPSG:4326,2048,2048,-89.10574179263834,28.796130688585638,-88.92176682245066,28.980105658773315,28.888118173679477,-89.0137543075445,31536,0.7518768310546875,-98629575.4084648,656.9621385083714,1795.760083713851,10.0,,,
00568,D:\SIH_Dataset\Part_I\01_Train_Val_Oil_Spill_images\Oil\00568.tif,D:\SIH_Dataset\Part_I\01_Train_Val_Oil_Spill_mask\Mask_oil\00568.tif,S1A_IW_GRDH_1SDV_20171212T000138_20171212T000203_019662_021690_47E2_O,subset_902_of_S1A_IW_GRDH_1SDV_20171212T000138_20171212T000203_019662_021690_47E2_Orb_NR_Cal_Spk_TC_dB,GRD,2017-12-12T00:01:49.562456,2017-12-12T00:01:51.956229,EPSG:4326,2048,2048,-88.98678122782879,28.80918277635534,-88.80280625764111,28.993157746543016,28.901170261449177,-88.89479374273495,17751,0.4232168197631836,-63553119.88121562,453.5679961692299,518.149259196665,10.0,,,
00570,D:\SIH_Dataset\Part_I\01_Train_Val_Oil_Spill_images\Oil\00570.tif,D:\SIH_Dataset\Part_I\01_Train_Val_Oil_Spill_mask\Mask_oil\00570.tif,S1A_IW_GRDH_1SDV_20180813T174303_20180813T174328_023231_028668_93C1_O,subset_904_of_S1A_IW_GRDH_1SDV_20180813T174303_20180813T174328_023231_028668_93C1_Orb_NR_Cal_Spk_TC_dB,GRD,2018-08-13T17:43:12.247444,2018-08-13T17:43:14.666214,EPSG:4326,2048,2048,0.8151012397488624,58.07357636811023,0.9990762099365404,58.25755133829791,58.16556385320407,0.9070887248427014,35860,0.8549690246582031,-67011533.05329181,491.81993865030677,1810.9671500278862,10.0,,,
00575,D:\SIH_Dataset\Part_I\01_Train_Val_Oil_Spill_images\Oil\00575.tif,D:\SIH_Dataset\Part_I\01_Train_Val_Oil_Spill_mask\Mask_oil\00575.tif,S1A_IW_GRDH_1SDV_20180813T174303_20180813T174328_023231_028668_93C1_O,subset_909_of_S1A_IW_GRDH_1SDV_20180813T174303_20180813T174328_023231_028668_93C1_Orb_NR_Cal_Spk_TC_dB,GRD,2018-08-13T17:43:09.493095,2018-08-13T17:43:11.911865,EPSG:4326,2048,2048,-0.4255619991486088,58.28297366083849,-0.24158702896093082,58.46694863102617,58.37496114593233,-0.3335745140547698,41552,0.9906768798828125,-159094608.38977024,413.07397959183675,1442.1573690797075,10.0,,,
00577,D:\SIH_Dataset\Part_I\01_Train_Val_Oil_Spill_images\Oil\00577.tif,D:\SIH_Dataset\Part_I\01_Train_Val_Oil_Spill_mask\Mask_oil\00577.tif,S1A_IW_GRDH_1SDV_20180426T002529_20180426T002554_021631_0254A6_6015_O,subset_911_of_S1A_IW_GRDH_1SDV_20180426T002529_20180426T002554_021631_0254A6_6015_Orb_NR_Cal_Spk_TC_dB,GRD,2018-04-26T00:25:38.880645,2018-04-26T00:25:41.267257,EPSG:4326,2048,2048,-94.96173413408187,26.069953734826406,-94.77775916389419,26.253928705014083,26.161941219920244,-94.86974664898803,24875,0.5930662155151367,-93319520.39941756,1359.6677587939698,1062.993025125628,10.0,,,
00580,D:\SIH_Dataset\Part_I\01_Train_Val_Oil_Spill_images\Oil\00580.tif,D:\SIH_Dataset\Part_I\01_Train_Val_Oil_Spill_mask\Mask_oil\00580.tif,S1A_IW_GRDH_1SDV_20190215T114238_20190215T114303_025940_02E3A1_F94A_O,subset_915_of_S1A_IW_GRDH_1SDV_20190215T114238_20190215T114303_025940_02E3A1_F94A_Orb_NR_Cal_Spk_TC_dB,GRD,2019-02-15T11:42:46.942489,2019-02-15T11:42:49.272897,EPSG:4326,2048,2048,98.03707978777045,4.759514057598328,98.22105475795813,4.943489027786006,4.8515015426921675,98.12906727286429,21639,0.5159139633178711,-22907376.562451996,1688.7915106982762,339.01763020472293,10.0,,,
00583,D:\SIH_Dataset\Part_I\01_Train_Val_Oil_Spill_images\Oil\00583.tif,D:\SIH_Dataset\Part_I\01_Train_Val_Oil_Spill_mask\Mask_oil\00583.tif,S1A_IW_GRDH_1SDV_20190215T114238_20190215T114303_025940_02E3A1_F94A_O,subset_918_of_S1A_IW_GRDH_1SDV_20190215T114238_20190215T114303_025940_02E3A1_F94A_Orb_NR_Cal_Spk_TC_dB,GRD,2019-02-15T11:42:51.772933,2019-02-15T11:42:54.103340,EPSG:4326,2048,2048,98.24737539578283,4.378358882546415,98.4313503659705,4.562333852734093,4.4703463676402535,98.33936288087666,21115,0.5034208297729492,-155524491.11764455,170.39798721288184,282.2234667298129,10.0,,,
00601,D:\SIH_Dataset\Part_I\01_Train_Val_Oil_Spill_images\Oil\00601.tif,D:\SIH_Dataset\Part_I\01_Train_Val_Oil_Spill_mask\Mask_oil\00601.tif,S1A_IW_GRDH_1SDV_20171224T000137_20171224T000202_019837_021BF1_C719_O,subset_935_of_S1A_IW_GRDH_1SDV_20171224T000137_20171224T000202_019837_021BF1_C719_Orb_NR_Cal_Spk_TC_dB,GRD,2017-12-24T00:01:50.844987,2017-12-24T00:01:53.238734,EPSG:4326,2048,2048,-89.10955112644739,28.660716426580215,-88.92557615625971,28.844691396767892,28.752703911674054,-89.01756364135355,12682,0.30236244201660156,-103152042.41115446,136.45749881722125,1593.1179624664878,10.0,,,
00610,D:\SIH_Dataset\Part_I\01_Train_Val_Oil_Spill_images\Oil\00610.tif,D:\SIH_Dataset\Part_I\01_Train_Val_Oil_Spill_mask\Mask_oil\00610.tif,S1A_IW_GRDH_1SDV_20180505T000112_20180505T000137_021762_0258D5_08D3_O,subset_944_of_S1A_IW_GRDH_1SDV_20180505T000112_20180505T000137_021762_0258D5_08D3_Orb_NR_Cal_Spk_TC_dB,GRD,2018-05-05T00:01:24.028453,2018-05-05T00:01:26.418399,EPSG:4326,2048,2048,-90.63704241056573,27.316901544327838,-90.45306744037805,27.500876514515515,27.408889029421676,-90.54505492547189,28904,0.6891250610351562,-26724535.462272603,1081.5911984500415,1284.9112925546638,10.0,,,
00622,D:\SIH_Dataset\Part_I\01_Train_Val_Oil_Spill_images\Oil\00622.tif,D:\SIH_Dataset\Part_I\01_Train_Val_Oil_Spill_mask\Mask_oil\00622.tif,S1A_IW_GRDH_1SDV_20170215T000134_20170215T000159_015287_0190E3_D910_O,subset_956_of_S1A_IW_GRDH_1SDV_20170215T000134_20170215T000159_015287_0190E3_D910_Orb_NR_Cal_Spk_TC_dB,GRD,2017-02-15T00:01:43.227440,2017-02-15T00:01:45.622036,EPSG:4326,2048,2048,-88.8191429241542,29.377100400428088,-88.63516795396653,29.561075370615765,29.469087885521926,-88.72715543906037,29099,0.6937742233276367,-193381503.88180387,1249.4795525619438,681.2240111344032,10.0,,,
00624,D:\SIH_Dataset\Part_I\01_Train_Val_Oil_Spill_images\Oil\00624.tif,D:\SIH_Dataset\Part_I\01_Train_Val_Oil_Spill_mask\Mask_oil\00624.tif,S1A_IW_GRDH_1SDV_20160725T173027_20160725T173052_012308_013267_4A7C_O,subset_958_of_S1A_IW_GRDH_1SDV_20160725T173027_20160725T173052_012308_013267_4A7C_Orb_NR_Cal_Spk_TC_dB,GRD,2016-07-25T17:30:42.261607,2016-07-25T17:30:44.674811,EPSG:4326,2048,2048,5.181022610336471,42.75790879563022,5.3649975805241485,42.9418837658179,42.84989628072406,5.27301009543031,18775,0.4476308822631836,-55727234.76601687,1692.6210652463383,652.9004260985353,10.0,,,
00625,D:\SIH_Dataset\Part_I\01_Train_Val_Oil_Spill_images\Oil\00625.tif,D:\SIH_Dataset\Part_I\01_Train_Val_Oil_Spill_mask\Mask_oil\00625.tif,S1A_IW_GRDH_1SDV_20160725T173027_20160725T173052_012308_013267_4A7C_O,subset_959_of_S1A_IW_GRDH_1SDV_20160725T173027_20160725T173052_012308_013267_4A7C_Orb_NR_Cal_Spk_TC_dB,GRD,2016-07-25T17:30:44.367119,2016-07-25T17:30:46.780323,EPSG:4326,2048,2048,5.239233440747416,42.59746968588647,5.423208410935094,42.78144465607415,42.68945717098031,5.331220925841254,19109,0.4555940628051758,-51824056.36891942,1152.8600921031975,1209.8488931916897,10.0,,,
00627,D:\SIH_Dataset\Part_I\01_Train_Val_Oil_Spill_images\Oil\00627.tif,D:\SIH_Dataset\Part_I\01_Train_Val_Oil_Spill_mask\Mask_oil\00627.tif,S1A_IW_GRDH_1SDV_20160725T173027_20160725T173052_012308_013267_4A7C_O,subset_961_of_S1A_IW_GRDH_1SDV_20160725T173027_20160725T173052_012308_013267_4A7C_Orb_NR_Cal_Spk_TC_dB,GRD,2016-07-25T17:30:46.852236,2016-07-25T17:30:49.265440,EPSG:4326,2048,2048,5.455008771992925,42.40810482399408,5.638983742180603,42.59207979418176,42.50009230908792,5.546996257086764,21938,0.5230426788330078,-45024158.917842865,948.2102744097001,1144.1499680918953,10.0,,,
00628,D:\SIH_Dataset\Part_I\01_Train_Val_Oil_Spill_images\Oil\00628.tif,D:\SIH_Dataset\Part_I\01_Train_Val_Oil_Spill_mask\Mask_oil\00628.tif,S1A_IW_GRDH_1SDV_20160725T173027_20160725T173052_012308_013267_4A7C_O,subset_962_of_S1A_IW_GRDH_1SDV_20160725T173027_20160725T173052_012308_013267_4A7C_Orb_NR_Cal_Spk_TC_dB,GRD,2016-07-25T17:30:47.123383,2016-07-25T17:30:49.536587,EPSG:4326,2048,2048,5.518250167994939,42.38744357245933,5.702225138182617,42.57141854264701,42.47943105755317,5.610237653088777,26036,0.6207466125488281,-79254961.11567922,1473.536334306345,1395.1192195421725,10.0,,,
00630,D:\SIH_Dataset\Part_I\01_Train_Val_Oil_Spill_images\Oil\00630.tif,D:\SIH_Dataset\Part_I\01_Train_Val_Oil_Spill_mask\Mask_oil\00630.tif,S1A_IW_GRDH_1SDV_20151031T180410_20151031T180435_008400_00BDD5_B96D_O,subset_964_of_S1A_IW_GRDH_1SDV_20151031T180410_20151031T180435_008400_00BDD5_B96D_Orb_NR_Cal_Spk_TC_dB,GRD,2015-10-31T18:04:25.581608,2015-10-31T18:04:27.999139,EPSG:4326,2048,2048,-2.4108095116574604,45.81967289950535,-2.2268345414697825,46.003647869693026,45.91166038459919,-2.3188220265636215,23243,0.5541563034057617,-129389452.70983274,960.0707955083251,147.77651335886074,10.0,,,
00635,D:\SIH_Dataset\Part_I\01_Train_Val_Oil_Spill_images\Oil\00635.tif,D:\SIH_Dataset\Part_I\01_Train_Val_Oil_Spill_mask\Mask_oil\00635.tif,S1A_IW_GRDH_1SDV_20150715T180547_20150715T180612_006825_009309_6B88_O,subset_969_of_S1A_IW_GRDH_1SDV_20150715T180547_20150715T180612_006825_009309_6B88_Orb_NR_Cal_Spk_TC_dB,GRD,2015-07-15T18:05:57.825230,2015-07-15T18:06:00.240365,EPSG:4326,2048,2048,-5.875957851105499,52.13098318371946,-5.691982880917821,52.314958153907135,52.222970668813296,-5.78397036601166,30827,0.7349729537963867,-29001564.226197407,1420.3315437765596,1158.5393486229605,10.0,,,
00636,D:\SIH_Dataset\Part_I\01_Train_Val_Oil_Spill_images\Oil\00636.tif,D:\SIH_Dataset\Part_I\01_Train_Val_Oil_Spill_mask\Mask_oil\00636.tif,S1A_IW_GRDH_1SDV_20150715T180547_20150715T180612_006825_009309_6B88_O,subset_970_of_S1A_IW_GRDH_1SDV_20150715T180547_20150715T180612_006825_009309_6B88_Orb_NR_Cal_Spk_TC_dB,GRD,2015-07-15T18:05:59.159631,2015-07-15T18:06:01.574766,EPSG:4326,2048,2048,-5.8515236753774476,52.02938372508554,-5.66754870518977,52.213358695273214,52.121371210179376,-5.759536190283608,27695,0.6603002548217773,-14706875.715132961,335.6862068965517,890.1163928506951,10.0,,,
00640,D:\SIH_Dataset\Part_I\01_Train_Val_Oil_Spill_images\Oil\00640.tif,D:\SIH_Dataset\Part_I\01_Train_Val_Oil_Spill_mask\Mask_oil\00640.tif,S1A_IW_GRDH_1SDV_20191014T031500_20191014T031525_029449_03598E_ED4C_O,subset_974_of_S1A_IW_GRDH_1SDV_20191014T031500_20191014T031525_029449_03598E_ED4C_Orb_NR_Cal_Spk_TC_dB,GRD,2019-10-14T03:15:01.707727,2019-10-14T03:15:04.081214,EPSG:4326,2048,2048,39.62680641271764,18.911065623817446,39.81078138290532,19.095040594005123,19.003053108911285,39.71879389781148,38069,0.9076356887817383,-1994783.2645722579,1700.3179883895032,1009.7461582915233,10.0,,,
00665,D:\SIH_Dataset\Part_I\01_Train_Val_Oil_Spill_images\Oil\00665.tif,D:\SIH_Dataset\Part_I\01_Train_Val_Oil_Spill_mask\Mask_oil\00665.tif,S1A_IW_GRDH_1SDV_20180216T154115_20180216T154140_020634_023548_2B58_O,subset_999_of_S1A_IW_GRDH_1SDV_20180216T154115_20180216T154140_020634_023548_2B58_Orb_NR_Cal_Spk_TC_dB,GRD,2018-02-16T15:41:30.239920,2018-02-16T15:41:32.646385,EPSG:4326,2048,2048,34.943386462548496,34.39599668361208,35.12736143273617,34.57997165379976,34.48798416870592,35.035373947642334,24884,0.5932807922363281,-37651300.70420037,505.5894550715319,833.1735251567272,10.0,,,
00670,D:\SIH_Dataset\Part_I\01_Train_Val_Oil_Spill_images\Oil\00670.tif,D:\SIH_Dataset\Part_I\01_Train_Val_Oil_Spill_mask\Mask_oil\00670.tif,S1A_IW_GRDH_1SDV_20180827T045138_20180827T045203_023427_028CAE_388B_O,subset_1004_of_S1A_IW_GRDH_1SDV_20180827T045138_20180827T045203_023427_028CAE_388B_Orb_NR_Cal_Spk_TC_dB,GRD,2018-08-27T04:51:54.468885,2018-08-27T04:51:56.761780,EPSG:4326,2048,2048,11.333867416372133,-4.8625860642401335,11.517842386559812,-4.678611094052456,-4.770598579146295,11.425854901465971,12931,0.30829906463623047,-10609635.795863194,271.6218776583404,89.89509705359214,10.0,,,
00684,D:\SIH_Dataset\Part_I\01_Train_Val_Oil_Spill_images\Oil\00684.tif,D:\SIH_Dataset\Part_I\01_Train_Val_Oil_Spill_mask\Mask_oil\00684.tif,S1A_IW_GRDH_1SDV_20181107T045139_20181107T045204_024477_02AF04_4293_O,subset_1018_of_S1A_IW_GRDH_1SDV_20181107T045139_20181107T045204_024477_02AF04_4293_Orb_NR_Cal_Spk_TC_dB,GRD,2018-11-07T04:51:49.808036,2018-11-07T04:51:52.100995,EPSG:4326,2048,2048,11.261538227765861,-4.3904165817049305,11.44551319795354,-4.206441611517253,-4.298429096611091,11.3535257128597,20841,0.4968881607055664,-8267692.425561176,1259.9376949282664,841.3472242214865,10.0,,,
00696,D:\SIH_Dataset\Part_I\01_Train_Val_Oil_Spill_images\Oil\00696.tif,D:\SIH_Dataset\Part_I\01_Train_Val_Oil_Spill_mask\Mask_oil\00696.tif,S1A_IW_GRDH_1SDV_20160511T042246_20160511T042311_011206_010EF7_64CA_O,subset_1030_of_S1A_IW_GRDH_1SDV_20160511T042246_20160511T042311_011206_010EF7_64CA_Orb_NR_Cal_Spk_TC_dB,GRD,2016-05-11T04:22:57.544023,2016-05-11T04:22:59.959208,EPSG:4326,2048,2048,25.466621489704465,39.345433358178404,25.650596459892142,39.52940832836608,39.43742084327224,25.558608974798304,22196,0.5291938781738281,-11736079.099253774,687.3063615065778,1357.1840421697602,10.0,,,
00699,D:\SIH_Dataset\Part_I\01_Train_Val_Oil_Spill_images\Oil\00699.tif,D:\SIH_Dataset\Part_I\01_Train_Val_Oil_Spill_mask\Mask_oil\00699.tif,S1A_IW_GRDH_1SDV_20160511T042246_20160511T042311_011206_010EF7_64CA_O,subset_1033_of_S1A_IW_GRDH_1SDV_20160511T042246_20160511T042311_011206_010EF7_64CA_Orb_NR_Cal_Spk_TC_dB,GRD,2016-05-11T04:23:05.928150,2016-05-11T04:23:08.343336,EPSG:4326,2048,2048,25.046209936736528,38.70709051728307,25.230184906924205,38.89106548747075,38.79907800237691,25.138197421830366,21199,0.5054235458374023,-1997023.6296736954,749.0612057172508,1326.020260389641,10.0,,,
00704,D:\SIH_Dataset\Part_I\01_Train_Val_Oil_Spill_images\Oil\00704.tif,D:\SIH_Dataset\Part_I\01_Train_Val_Oil_Spill_mask\Mask_oil\00704.tif,S1A_IW_GRDH_1SDV_20180313T034405_20180313T034430_020991_02409D_B2C6_O,subset_1038_of_S1A_IW_GRDH_1SDV_20180313T034405_20180313T034430_020991_02409D_B2C6_Orb_NR_Cal_Spk_TC_dB,GRD,2018-03-13T03:44:14.693433,2018-03-13T03:44:17.088793,EPSG:4326,2048,2048,34.07843634953201,31.204536403113195,34.26241131971969,31.388511373300872,31.296523888207034,34.17042383462585,19929,0.4751443862915039,-67415302.89964044,589.1018365196447,1537.5062220884138,10.0,,,
00705,D:\SIH_Dataset\Part_I\01_Train_Val_Oil_Spill_images\Oil\00705.tif,D:\SIH_Dataset\Part_I\01_Train_Val_Oil_Spill_mask\Mask_oil\00705.tif,S1A_IW_GRDH_1SDV_20180313T034405_20180313T034430_020991_02409D_B2C6_O,subset_1040_of_S1A_IW_GRDH_1SDV_20180313T034405_20180313T034430_020991_02409D_B2C6_Orb_NR_Cal_Spk_TC_dB,GRD,2018-03-13T03:44:12.624554,2018-03-13T03:44:15.019913,EPSG:4326,2048,2048,34.248936590457895,31.363358545345527,34.43291156064557,31.547333515533204,31.455346030439365,34.34092407555173,31450,0.7498264312744141,-100108441.12943965,1288.377106518283,840.1792686804451,10.0,,,
00707,D:\SIH_Dataset\Part_I\01_Train_Val_Oil_Spill_images\Oil\00707.tif,D:\SIH_Dataset\Part_I\01_Train_Val_Oil_Spill_mask\Mask_oil\00707.tif,S1A_IW_GRDH_1SDV_20180313T034405_20180313T034430_020991_02409D_B2C6_O,subset_1042_of_S1A_IW_GRDH_1SDV_20180313T034405_20180313T034430_020991_02409D_B2C6_Orb_NR_Cal_Spk_TC_dB,GRD,2018-03-13T03:44:14.317805,2018-03-13T03:44:16.713165,EPSG:4326,2048,2048,34.20357166860986,31.233372323733434,34.38754663879754,31.41734729392111,31.325359808827272,34.2955591537037,36966,0.8813381195068359,-103660371.2439794,657.4669155440134,442.71836281988857,10.0,,,
00714,D:\SIH_Dataset\Part_I\01_Train_Val_Oil_Spill_images\Oil\00714.tif,D:\SIH_Dataset\Part_I\01_Train_Val_Oil_Spill_mask\Mask_oil\00714.tif,S1A_IW_GRDH_1SDV_20190412T045202_20190412T045227_026752_03012F_7DB1_O,subset_1048_of_S1A_IW_GRDH_1SDV_20190412T045202_20190412T045227_026752_03012F_7DB1_Orb_NR_Cal_Spk_TC_dB,GRD,2019-04-12T04:52:08.438096,2019-04-12T04:52:10.725635,EPSG:4326,2048,2048,11.461799713701867,-5.6050673314483,11.645774683889545,-5.421092361260622,-5.5130798463544615,11.553787198795707,15363,0.36628246307373047,-4095376.538909117,988.1710277940506,220.7680466054807,10.0,,,
00718,D:\SIH_Dataset\Part_I\01_Train_Val_Oil_Spill_images\Oil\00718.tif,D:\SIH_Dataset\Part_I\01_Train_Val_Oil_Spill_mask\Mask_oil\00718.tif,S1A_IW_GRDH_1SDV_20190412T045202_20190412T045227_026752_03012F_7DB1_O,subset_1052_of_S1A_IW_GRDH_1SDV_20190412T045202_20190412T045227_026752_03012F_7DB1_Orb_NR_Cal_Spk_TC_dB,GRD,2019-04-12T04:52:18.494552,2019-04-12T04:52:20.782091,EPSG:4326,2048,2048,10.956856692498285,-6.413461255627457,11.140831662685963,-6.229486285439779,-6.321473770533618,11.048844177592123,21512,0.5128860473632812,-8483629.697253719,988.2016548902938,969.7672926738564,10.0,,,
00722,D:\SIH_Dataset\Part_I\01_Train_Val_Oil_Spill_images\Oil\00722.tif,D:\SIH_Dataset\Part_I\01_Train_Val_Oil_Spill_mask\Mask_oil\00722.tif,S1A_IW_GRDH_1SDV_20181225T045203_20181225T045228_025177_02C817_C7B4_O,subset_1056_of_S1A_IW_GRDH_1SDV_20181225T045203_20181225T045228_025177_02C817_C7B4_Orb_NR_Cal_Spk_TC_dB,GRD,2018-12-25T04:52:19.997239,2018-12-25T04:52:22.284897,EPSG:4326,2048,2048,10.736883535670742,-6.4330452952783155,10.92085850585842,-6.249070325090638,-6.341057810184477,10.82887102076458,11186,0.2666950225830078,-30779908.650762927,672.141963168246,1824.9033613445379,10.0,,,
00725,D:\SIH_Dataset\Part_I\01_Train_Val_Oil_Spill_images\Oil\00725.tif,D:\SIH_Dataset\Part_I\01_Train_Val_Oil_Spill_mask\Mask_oil\00725.tif,S1A_IW_GRDH_1SDV_20181225T045203_20181225T045228_025177_02C817_C7B4_O,subset_1059_of_S1A_IW_GRDH_1SDV_20181225T045203_20181225T045228_025177_02C817_C7B4_Orb_NR_Cal_Spk_TC_dB,GRD,2018-12-25T04:52:21.642296,2018-12-25T04:52:23.929954,EPSG:4326,2048,2048,11.525424692070859,-6.565277305100709,11.709399662258537,-6.381302334913031,-6.473289820006871,11.617412177164699,28230,0.6730556488037109,-25881961.82803489,1417.3431101664896,910.0493446687921,10.0,,,
00731,D:\SIH_Dataset\Part_I\01_Train_Val_Oil_Spill_images\Oil\00731.tif,D:\SIH_Dataset\Part_I\01_Train_Val_Oil_Spill_mask\Mask_oil\00731.tif,S1A_IW_GRDH_1SDV_20180616T154120_20180616T154145_022384_026C73_CB62_O,subset_1065_of_S1A_IW_GRDH_1SDV_20180616T154120_20180616T154145_022384_026C73_CB62_Orb_NR_Cal_Spk_TC_dB,GRD,2018-06-16T15:41:34.630103,2018-06-16T15:41:37.036545,EPSG:4326,2048,2048,34.93400116847648,34.39399159192661,35.117976138664154,34.577966562114284,34.485979077020446,35.025988653570316,22007,0.5246877670288086,-33104564.86668875,196.62373335756806,1718.3951242786386,10.0,,,
00740,D:\SIH_Dataset\Part_I\01_Train_Val_Oil_Spill_images\Oil\00740.tif,D:\SIH_Dataset\Part_I\01_Train_Val_Oil_Spill_mask\Mask_oil\00740.tif,S1A_IW_GRDH_1SDV_20171006T022305_20171006T022330_018686_01F861_636B_O,subset_1074_of_S1A_IW_GRDH_1SDV_20171006T022305_20171006T022330_018686_01F861_636B_Orb_NR_Cal_Spk_TC_dB,GRD,2017-10-06T02:23:17.288387,2017-10-06T02:23:19.673333,EPSG:4326,2048,2048,52.9451802853651,26.52234701058133,53.129155255552774,26.706321980769008,26.61433449567517,53.037167770458936,16284,0.3882408142089844,-3684195.379267172,316.1949152542373,281.69448538442646,10.0,,,
00742,D:\SIH_Dataset\Part_I\01_Train_Val_Oil_Spill_images\Oil\00742.tif,D:\SIH_Dataset\Part_I\01_Train_Val_Oil_Spill_mask\Mask_oil\00742.tif,S1A_IW_GRDH_1SDV_20171006T022305_20171006T022330_018686_01F861_636B_O,subset_1076_of_S1A_IW_GRDH_1SDV_20171006T022305_20171006T022330_018686_01F861_636B_Orb_NR_Cal_Spk_TC_dB,GRD,2017-10-06T02:23:19.299338,2017-10-06T02:23:21.684285,EPSG:4326,2048,2048,53.271987385727776,26.367297792542303,53.45596235591545,26.55127276272998,26.45928527763614,53.363974870821615,16665,0.3973245620727539,-24487567.83948137,843.0930393039304,880.214791479148,10.0,,,
00743,D:\SIH_Dataset\Part_I\01_Train_Val_Oil_Spill_images\Oil\00743.tif,D:\SIH_Dataset\Part_I\01_Train_Val_Oil_Spill_mask\Mask_oil\00743.tif,S1A_IW_GRDH_1SDV_20171006T022305_20171006T022330_018686_01F861_636B_O,subset_1077_of_S1A_IW_GRDH_1SDV_20171006T022305_20171006T022330_018686_01F861_636B_Orb_NR_Cal_Spk_TC_dB,GRD,2017-10-06T02:23:21.227568,2017-10-06T02:23:23.612515,EPSG:4326,2048,2048,53.61370651980685,26.218626613020522,53.797681489994524,26.4026015832082,26.31061409811436,53.705694004900685,11678,0.2784252166748047,-5109309.075779321,1893.1254495632813,1785.5244904949477,10.0,,,
00753,D:\SIH_Dataset\Part_I\01_Train_Val_Oil_Spill_images\Oil\00753.tif,D:\SIH_Dataset\Part_I\01_Train_Val_Oil_Spill_mask\Mask_oil\00753.tif,S1A_IW_GRDH_1SDV_20190108T224024_20190108T224049_025392_02CFEC_DBB6_O,subset_1087_of_S1A_IW_GRDH_1SDV_20190108T224024_20190108T224049_025392_02CFEC_DBB6_Orb_NR_Cal_Spk_TC_dB,GRD,2019-01-08T22:40:29.702567,2019-01-08T22:40:32.010524,EPSG:4326,2048,2048,105.79724353146821,-0.6362781452241197,105.98121850165589,-0.4523031750364418,-0.5442906601302808,105.88923101656205,25991,0.6196737289428711,-46560352.61403698,1749.6508214381902,1116.028875379939,10.0,,,
00755,D:\SIH_Dataset\Part_I\01_Train_Val_Oil_Spill_images\Oil\00755.tif,D:\SIH_Dataset\Part_I\01_Train_Val_Oil_Spill_mask\Mask_oil\00755.tif,S1A_IW_GRDH_1SDV_20190108T224024_20190108T224049_025392_02CFEC_DBB6_O,subset_1089_of_S1A_IW_GRDH_1SDV_20190108T224024_20190108T224049_025392_02CFEC_DBB6_Orb_NR_Cal_Spk_TC_dB,GRD,2019-01-08T22:40:32.924913,2019-01-08T22:40:35.232870,EPSG:4326,2048,2048,105.91528215980152,-0.8930166534254791,106.0992571299892,-0.709041683237801,-0.8010291683316401,106.00726964489536,34800,0.8296966552734375,-9196762.783228962,872.6806321839081,688.6426149425288,10.0,,,
00756,D:\SIH_Dataset\Part_I\01_Train_Val_Oil_Spill_images\Oil\00756.tif,D:\SIH_Dataset\Part_I\01_Train_Val_Oil_Spill_mask\Mask_oil\00756.tif,S1A_IW_GRDH_1SDV_20190108T224024_20190108T224049_025392_02CFEC_DBB6_O,subset_1090_of_S1A_IW_GRDH_1SDV_20190108T224024_20190108T224049_025392_02CFEC_DBB6_Orb_NR_Cal_Spk_TC_dB,GRD,2019-01-08T22:40:33.804349,2019-01-08T22:40:36.112307,EPSG:4326,2048,2048,106.0098747592193,-0.9630852455868018,106.19384972940698,-0.7791102753991237,-0.8710977604929627,106.10186224431314,26402,0.6294727325439453,-29442554.180748235,1509.6973335353382,388.15532914173167,10.0,,,
00757,D:\SIH_Dataset\Part_I\01_Train_Val_Oil_Spill_images\Oil\00757.tif,D:\SIH_Dataset\Part_I\01_Train_Val_Oil_Spill_mask\Mask_oil\00757.tif,S1A_IW_GRDH_1SDV_20190108T224024_20190108T224049_025392_02CFEC_DBB6_O,subset_1091_of_S1A_IW_GRDH_1SDV_20190108T224024_20190108T224049_025392_02CFEC_DBB6_Orb_NR_Cal_Spk_TC_dB,GRD,2019-01-08T22:40:36.173191,2019-01-08T22:40:38.481148,EPSG:4326,2048,2048,105.95157409727994,-1.1518212867803133,106.13554906746762,-0.9678463165926352,-1.0598338016864743,106.04356158237378,25027,0.5966901779174805,-3190182.8804696463,595.473148999081,1665.5951372517682,10.0,,,
00761,D:\SIH_Dataset\Part_I\01_Train_Val_Oil_Spill_images\Oil\00761.tif,D:\SIH_Dataset\Part_I\01_Train_Val_Oil_Spill_mask\Mask_oil\00761.tif,S1A_IW_GRDH_1SDV_20190108T224024_20190108T224049_025392_02CFEC_DBB6_O,subset_1095_of_S1A_IW_GRDH_1SDV_20190108T224024_20190108T224049_025392_02CFEC_DBB6_Orb_NR_Cal_Spk_TC_dB,GRD,2019-01-08T22:40:40.630130,2019-01-08T22:40:42.938088,EPSG:4326,2048,2048,106.49262939290513,-1.50692531859276,106.6766043630928,-1.322950348405082,-1.414937833498921,106.58461687799897,17720,0.42247772216796875,-9665878.815973468,432.7936794582393,282.94379232505645,10.0,,,
00782,D:\SIH_Dataset\Part_I\01_Train_Val_Oil_Spill_images\Oil\00782.tif,D:\SIH_Dataset\Part_I\01_Train_Val_Oil_Spill_mask\Mask_oil\00782.tif,S1A_IW_GRDH_1SDV_20180529T000139_20180529T000204_022112_026401_2694_O,subset_4_of_S1A_IW_GRDH_1SDV_20180529T000139_20180529T000204_022112_026401_2694_Orb_NR_Cal_Spk_TC_dB,GRD,2018-05-29T00:01:51.182372,2018-05-29T00:01:53.576304,EPSG:4326,2048,2048,-89.13295463175896,28.75963601441767,-88.94897966157129,28.943610984605346,28.851623499511508,-89.04096714666512,25349,0.6043672561645508,-23693023.83234649,679.4990137678014,1417.1089786579353,10.0,,,
00790,D:\SIH_Dataset\Part_I\01_Train_Val_Oil_Spill_images\Oil\00790.tif,D:\SIH_Dataset\Part_I\01_Train_Val_Oil_Spill_mask\Mask_oil\00790.tif,S1A_IW_GRDH_1SDV_20180622T000140_20180622T000205_022462_026EC6_82DF_O,subset_12_of_S1A_IW_GRDH_1SDV_20180622T000140_20180622T000205_022462_026EC6_82DF_Orb_NR_Cal_Spk_TC_dB,GRD,2018-06-22T00:01:51.707197,2018-06-22T00:01:54.101015,EPSG:4326,2048,2048,-88.51495530798195,28.83822887740832,-88.33098033779427,29.022203847595996,28.930216362502158,-88.42296782288811,36150,0.8618831634521484,-169481807.3915884,233.5818257261411,498.11031811894884,10.0,,,
00808,D:\SIH_Dataset\Part_I\01_Train_Val_Oil_Spill_images\Oil\00808.tif,D:\SIH_Dataset\Part_I\01_Train_Val_Oil_Spill_mask\Mask_oil\00808.tif,S1A_IW_GRDH_1SDV_20170722T153304_20170722T153329_017586_01D6B1_7B0B_O,subset_30_of_S1A_IW_GRDH_1SDV_20170722T153304_20170722T153329_017586_01D6B1_7B0B_Orb_NR_Cal_Spk_TC_dB,GRD,2017-07-22T15:33:21.671888,2017-07-22T15:33:24.083509,EPSG:4326,2048,2048,35.319964445613586,34.256326646536664,35.50393941580126,34.44030161672434,34.3483141316305,35.411951930707424,32602,0.7772922515869141,-10292235.962550657,322.86807557818537,1649.720109195755,10.0,,,
00813,D:\SIH_Dataset\Part_I\01_Train_Val_Oil_Spill_images\Oil\00813.tif,D:\SIH_Dataset\Part_I\01_Train_Val_Oil_Spill_mask\Mask_oil\00813.tif,S1B_IW_GRDH_1SDV_20180601T174553_20180601T174618_011183_014840_19C3_O,subset_35_of_S1B_IW_GRDH_1SDV_20180601T174553_20180601T174618_011183_014840_19C3_Orb_NR_Cal_Spk_TC_dB,GRD,2018-06-01T17:46:11.513227,2018-06-01T17:46:13.924129,EPSG:4326,2048,2048,3.055538136092511,40.798092360918716,3.2395131062801887,40.98206733110639,40.890079846012554,3.14752562118635,41719,0.9946584701538086,-296105497.34085035,579.7101440590618,316.6884273352669,10.0,,,
00816,D:\SIH_Dataset\Part_I\01_Train_Val_Oil_Spill_images\Oil\00816.tif,D:\SIH_Dataset\Part_I\01_Train_Val_Oil_Spill_mask\Mask_oil\00816.tif,S1A_IW_GRDH_1SDV_20171011T023057_20171011T023122_018759_01FA92_6AD4_O,subset_38_of_S1A_IW_GRDH_1SDV_20171011T023057_20171011T023122_018759_01FA92_6AD4_Orb_NR_Cal_Spk_TC_dB,GRD,2017-10-11T02:31:15.946355,2017-10-11T02:31:18.334597,EPSG:4326,2048,2048,51.55721575264934,27.33056333956995,51.74119072283702,27.514538309757626,27.422550824663787,51.64920323774318,22420,0.5345344543457031,-10380743.272930933,1144.1028099910793,1026.9523193577163,10.0,,,
00818,D:\SIH_Dataset\Part_I\01_Train_Val_Oil_Spill_images\Oil\00818.tif,D:\SIH_Dataset\Part_I\01_Train_Val_Oil_Spill_mask\Mask_oil\00818.tif,S1A_IW_GRDH_1SDV_20171011T023057_20171011T023122_018759_01FA92_6AD4_O,subset_40_of_S1A_IW_GRDH_1SDV_20171011T023057_20171011T023122_018759_01FA92_6AD4_Orb_NR_Cal_Spk_TC_dB,GRD,2017-10-11T02:31:18.327597,2017-10-11T02:31:20.715839,EPSG:4326,2048,2048,51.71936166143291,27.147217190081154,51.90333663162059,27.33119216026883,27.239204675174992,51.81134914652675,16183,0.3858327865600586,-581805.4044620469,488.51686955447076,585.5295371686337,10.0,,,
00820,D:\SIH_Dataset\Part_I\01_Train_Val_Oil_Spill_images\Oil\00820.tif,D:\SIH_Dataset\Part_I\01_Train_Val_Oil_Spill_mask\Mask_oil\00820.tif,S1A_IW_GRDH_1SDV_20171011T023057_20171011T023122_018759_01FA92_6AD4_O,subset_42_of_S1A_IW_GRDH_1SDV_20171011T023057_20171011T023122_018759_01FA92_6AD4_Orb_NR_Cal_Spk_TC_dB,GRD,2017-10-11T02:31:10.707857,2017-10-11T02:31:13.096099,EPSG:4326,2048,2048,50.91590847131641,27.733906902139612,51.09988344150409,27.91788187232729,27.82589438723345,51.00789595641025,24487,0.5838155746459961,-42125391.12706008,740.7107648956589,416.80269122391474,10.0,,,
00822,D:\SIH_Dataset\Part_I\01_Train_Val_Oil_Spill_images\Oil\00822.tif,D:\SIH_Dataset\Part_I\01_Train_Val_Oil_Spill_mask\Mask_oil\00822.tif,S1B_IW_GRDH_1SDV_20180131T060035_20180131T060100_009411_010E90_3192_O,subset_44_of_S1B_IW_GRDH_1SDV_20180131T060035_20180131T060100_009411_010E90_3192_Orb_NR_Cal_Spk_TC_dB,GRD,2018-01-31T06:00:46.935948,2018-01-31T06:00:49.339218,EPSG:4326,2048,2048,2.2279649715837007,40.73958317511603,2.4119399417713785,40.92355814530371,40.83157066020987,2.3199524566775396,27426,0.6538867950439453,-74281947.59058407,1127.6713337708743,1216.7720046671043,10.0,,,
00823,D:\SIH_Dataset\Part_I\01_Train_Val_Oil_Spill_images\Oil\00823.tif,D:\SIH_Dataset\Part_I\01_Train_Val_Oil_Spill_mask\Mask_oil\00823.tif,S1B_IW_GRDH_1SDV_20180131T060035_20180131T060100_009411_010E90_3192_O,subset_45_of_S1B_IW_GRDH_1SDV_20180131T060035_20180131T060100_009411_010E90_3192_Orb_NR_Cal_Spk_TC_dB,GRD,2018-01-31T06:00:47.797697,2018-01-31T06:00:50.200967,EPSG:4326,2048,2048,2.063842769175064,40.67364683326166,2.2478177393627417,40.857621803449334,40.765634318355495,2.1558302542689027,39881,0.9508371353149414,-104578768.06327482,1113.6506231037336,773.0463253178206,10.0,,,
00851,D:\SIH_Dataset\Part_I\01_Train_Val_Oil_Spill_images\Oil\00851.tif,D:\SIH_Dataset\Part_I\01_Train_Val_Oil_Spill_mask\Mask_oil\00851.tif,S1A_IW_GRDH_1SDV_20180402T165805_20180402T165830_021291_024A10_C573_O,subset_73_of_S1A_IW_GRDH_1SDV_20180402T165805_20180402T165830_021291_024A10_C573_Orb_NR_Cal_Spk_TC_dB,GRD,2018-04-02T16:58:21.062808,2018-04-02T16:58:23.475506,EPSG:4326,2048,2048,12.896462094941763,44.26239980811524,13.080437065129441,44.44637477830292,44.35438729320908,12.988449580035603,24487,0.5838155746459961,-65321144.83719973,1174.4800302201168,1000.5719973863683,10.0,,,
00853,D:\SIH_Dataset\Part_I\01_Train_Val_Oil_Spill_images\Oil\00853.tif,D:\SIH_Dataset\Part_I\01_Train_Val_Oil_Spill_mask\Mask_oil\00853.tif,S1A_IW_GRDH_1SDV_20170214T062714_20170214T062739_015276_019087_DD69_O,subset_75_of_S1A_IW_GRDH_1SDV_20170214T062714_20170214T062739_015276_019087_DD69_Orb_NR_Cal_Spk_TC_dB,GRD,2017-02-14T06:27:23.740420,2017-02-14T06:27:26.143170,EPSG:4326,2048,2048,-7.105801510866269,35.9283994026646,-6.921826540678591,36.11237437285228,36.02038688775844,-7.0138140257724295,17109,0.4079103469848633,-116966294.04115428,918.4482143900871,443.04930153720267,10.0,,,
00859,D:\SIH_Dataset\Part_I\01_Train_Val_Oil_Spill_images\Oil\00859.tif,D:\SIH_Dataset\Part_I\01_Train_Val_Oil_Spill_mask\Mask_oil\00859.tif,S1A_IW_GRDH_1SDV_20190921T035215_20190921T035240_029114_034E08_9927_O,subset_81_of_S1A_IW_GRDH_1SDV_20190921T035215_20190921T035240_029114_034E08_9927_Orb_NR_Cal_Spk_TC_dB,GRD,2019-09-21T03:52:28.111662,2019-09-21T03:52:30.513442,EPSG:4326,2048,2048,32.79511879692621,32.10425091436884,32.97909376711389,32.28822588455652,32.19623839946268,32.88710628202005,20389,0.4861116409301758,-18775023.55266885,1306.311172691157,960.0873755456373,10.0,,,
00863,D:\SIH_Dataset\Part_I\01_Train_Val_Oil_Spill_images\Oil\00863.tif,D:\SIH_Dataset\Part_I\01_Train_Val_Oil_Spill_mask\Mask_oil\00863.tif,S1A_IW_GRDH_1SDV_20190921T035215_20190921T035240_029114_034E08_9927_O,subset_85_of_S1A_IW_GRDH_1SDV_20190921T035215_20190921T035240_029114_034E08_9927_Orb_NR_Cal_Spk_TC_dB,GRD,2019-09-21T03:52:35.634971,2019-09-21T03:52:38.036751,EPSG:4326,2048,2048,32.31883203328604,31.528251154191405,32.50280700347372,31.712226124379082,31.620238639285244,32.41081951837988,17743,0.42302608489990234,-30890925.3356372,764.3657498731894,1624.503607056304,10.0,,,
00864,D:\SIH_Dataset\Part_I\01_Train_Val_Oil_Spill_images\Oil\00864.tif,D:\SIH_Dataset\Part_I\01_Train_Val_Oil_Spill_mask\Mask_oil\00864.tif,S1A_IW_GRDH_1SDV_20190828T035214_20190828T035239_028764_0341F0_762B_O,subset_86_of_S1A_IW_GRDH_1SDV_20190828T035214_20190828T035239_028764_0341F0_762B_Orb_NR_Cal_Spk_TC_dB,GRD,2019-08-28T03:52:28.698496,2019-08-28T03:52:31.100259,EPSG:4326,2048,2048,32.74921163471539,31.977433780314684,32.933186604903064,32.16140875050236,32.06942126540852,32.841199119809225,18135,0.4323720932006836,-52181785.51679979,1527.3345740281225,1202.4611800385994,10.0,,,
00869,D:\SIH_Dataset\Part_I\01_Train_Val_Oil_Spill_images\Oil\00869.tif,D:\SIH_Dataset\Part_I\01_Train_Val_Oil_Spill_mask\Mask_oil\00869.tif,S1A_IW_GRDH_1SDV_20190828T035124_20190828T035149_028764_0341F0_DBEB_O,subset_91_of_S1A_IW_GRDH_1SDV_20190828T035124_20190828T035149_028764_0341F0_DBEB_Orb_NR_Cal_Spk_TC_dB,GRD,2019-08-28T03:51:40.799957,2019-08-28T03:51:43.208501,EPSG:4326,2048,2048,31.7168680102673,34.825933217176036,31.90084298045498,35.00990818736371,34.917920702269875,31.80885549536114,18736,0.4467010498046875,-16660344.594782235,725.1005017079419,662.4432643040136,10.0,,,
00871,D:\SIH_Dataset\Part_I\01_Train_Val_Oil_Spill_images\Oil\00871.tif,D:\SIH_Dataset\Part_I\01_Train_Val_Oil_Spill_mask\Mask_oil\00871.tif,S1A_IW_GRDH_1SDV_20190828T035124_20190828T035149_028764_0341F0_DBEB_O,subset_93_of_S1A_IW_GRDH_1SDV_20190828T035124_20190828T035149_028764_0341F0_DBEB_Orb_NR_Cal_Spk_TC_dB,GRD,2019-08-28T03:51:38.745575,2019-08-28T03:51:41.154120,EPSG:4326,2048,2048,31.463183774031947,34.982779065783305,31.647158744219624,35.16675403597098,35.07476655087714,31.555171259125785,33976,0.8100509643554688,-4571472.305880488,1201.4089945844125,1039.7765775841772,10.0,,,
00872,D:\SIH_Dataset\Part_I\01_Train_Val_Oil_Spill_images\Oil\00872.tif,D:\SIH_Dataset\Part_I\01_Train_Val_Oil_Spill_mask\Mask_oil\00872.tif,S1A_IW_GRDH_1SDV_20190828T035124_20190828T035149_028764_0341F0_DBEB_O,subset_94_of_S1A_IW_GRDH_1SDV_20190828T035124_20190828T035149_028764_0341F0_DBEB_Orb_NR_Cal_Spk_TC_dB,GRD,2019-08-28T03:51:37.632491,2019-08-28T03:51:40.041035,EPSG:4326,2048,2048,31.36445892430721,35.06775969166101,31.548433894494888,35.25173466184869,35.15974717675485,31.45644640940105,32988,0.7864952087402344,-64422772.293176584,1635.754941190736,1005.5136413241179,10.0,,,
00873,D:\SIH_Dataset\Part_I\01_Train_Val_Oil_Spill_images\Oil\00873.tif,D:\SIH_Dataset\Part_I\01_Train_Val_Oil_Spill_mask\Mask_oil\00873.tif,S1A_IW_GRDH_1SDV_20190828T035124_20190828T035149_028764_0341F0_DBEB_O,subset_95_of_S1A_IW_GRDH_1SDV_20190828T035124_20190828T035149_028764_0341F0_DBEB_Orb_NR_Cal_Spk_TC_dB,GRD,2019-08-28T03:51:37.487766,2019-08-28T03:51:39.896311,EPSG:4326,2048,2048,31.202852004694112,35.07880896965568,31.38682697488179,35.26278393984336,35.17079645474952,31.29483948978795,18652,0.4446983337402344,-38610690.855848774,1128.6159125026807,1366.8232897276432,10.0,,,
00879,D:\SIH_Dataset\Part_I\01_Train_Val_Oil_Spill_images\Oil\00879.tif,D:\SIH_Dataset\Part_I\01_Train_Val_Oil_Spill_mask\Mask_oil\00879.tif,S1A_IW_GRDH_1SDV_20180602T155724_20180602T155749_022180_02662B_E72B_O,subset_101_of_S1A_IW_GRDH_1SDV_20180602T155724_20180602T155749_022180_02662B_E72B_Orb_NR_Cal_Spk_TC_dB,GRD,2018-06-02T15:57:33.588214,2018-06-02T15:57:35.977356,EPSG:4326,2048,2048,29.798855466354667,33.448399217991664,29.982830436542343,33.63237418817934,33.5403867030855,29.890842951448505,15805,0.37682056427001953,-20921429.878393296,1895.573331224296,1354.3101866497943,10.0,,,
00891,D:\SIH_Dataset\Part_I\01_Train_Val_Oil_Spill_images\Oil\00891.tif,D:\SIH_Dataset\Part_I\01_Train_Val_Oil_Spill_mask\Mask_oil\00891.tif,S1B_IW_GRDH_1SDV_20180408T165722_20180408T165747_010395_012EDB_BCD4_O,subset_113_of_S1B_IW_GRDH_1SDV_20180408T165722_20180408T165747_010395_012EDB_BCD4_Orb_NR_Cal_Spk_TC_dB,GRD,2018-04-08T16:57:37.612171,2018-04-08T16:57:40.021172,EPSG:4326,2048,2048,12.991723008725515,44.17495311251472,13.175697978913194,44.3589280827024,44.26694059760856,13.083710493819353,37027,0.8827924728393555,-196488233.53350997,1255.2078078159182,1180.208077889108,10.0,,,
00892,D:\SIH_Dataset\Part_I\01_Train_Val_Oil_Spill_images\Oil\00892.tif,D:\SIH_Dataset\Part_I\01_Train_Val_Oil_Spill_mask\Mask_oil\00892.tif,S1B_IW_GRDH_1SDV_20180408T165722_20180408T165747_010395_012EDB_BCD4_O,subset_114_of_S1B_IW_GRDH_1SDV_20180408T165722_20180408T165747_010395_012EDB_BCD4_Orb_NR_Cal_Spk_TC_dB,GRD,2018-04-08T16:57:38.925530,2018-04-08T16:57:41.334531,EPSG:4326,2048,2048,13.1148820341783,44.074701126806985,13.29885700436598,44.25867609699466,44.166688611900824,13.20686951927214,41012,0.9778022766113281,-235506016.88066468,978.6175997269092,1275.0782697747002,10.0,,,
00901,D:\SIH_Dataset\Part_I\01_Train_Val_Oil_Spill_images\Oil\00901.tif,D:\SIH_Dataset\Part_I\01_Train_Val_Oil_Spill_mask\Mask_oil\00901.tif,S1A_IW_GRDH_1SDV_20190610T035930_20190610T035955_027612_031DBE_CF47_O,subset_123_of_S1A_IW_GRDH_1SDV_20190610T035930_20190610T035955_027612_031DBE_CF47_Orb_NR_Cal_Spk_TC_dB,GRD,2019-06-10T03:59:49.905034,2019-06-10T03:59:52.312148,EPSG:4326,2048,2048,31.388175610567867,34.74710060765681,31.572150580755544,34.93107557784449,34.83908809275065,31.480163095661705,18112,0.43182373046875,-5548716.651115396,1556.028765459364,411.2815260600707,10.0,,,
00902,D:\SIH_Dataset\Part_I\01_Train_Val_Oil_Spill_images\Oil\00902.tif,D:\SIH_Dataset\Part_I\01_Train_Val_Oil_Spill_mask\Mask_oil\00902.tif,S1A_IW_GRDH_1SDV_20190610T035930_20190610T035955_027612_031DBE_CF47_O,subset_124_of_S1A_IW_GRDH_1SDV_20190610T035930_20190610T035955_027612_031DBE_CF47_Orb_NR_Cal_Spk_TC_dB,GRD,2019-06-10T03:59:50.002636,2019-06-10T03:59:52.409750,EPSG:4326,2048,2048,31.22360425051717,34.73964459079862,31.407579220704847,34.923619560986296,34.83163207589246,31.315591735611008,18654,0.4447460174560547,-19199826.298070617,596.0244451592151,1519.4685858260964,10.0,,,
00904,D:\SIH_Dataset\Part_I\01_Train_Val_Oil_Spill_images\Oil\00904.tif,D:\SIH_Dataset\Part_I\01_Train_Val_Oil_Spill_mask\Mask_oil\00904.tif,S1A_IW_GRDH_1SDV_20190610T035930_20190610T035955_027612_031DBE_CF47_O,subset_126_of_S1A_IW_GRDH_1SDV_20190610T035930_20190610T035955_027612_031DBE_CF47_Orb_NR_Cal_Spk_TC_dB,GRD,2019-06-10T03:59:47.436773,2019-06-10T03:59:49.843886,EPSG:4326,2048,2048,31.07529239710904,34.9356569857935,31.259267367296715,35.11963195598118,35.02764447088734,31.167279882202877,35450,0.8451938629150391,-968836.5701291133,903.1097602256699,1011.0057827926657,10.0,,,
00905,D:\SIH_Dataset\Part_I\01_Train_Val_Oil_Spill_images\Oil\00905.tif,D:\SIH_Dataset\Part_I\01_Train_Val_Oil_Spill_mask\Mask_oil\00905.tif,S1A_IW_GRDH_1SDV_20190610T035930_20190610T035955_027612_031DBE_CF47_O,subset_127_of_S1A_IW_GRDH_1SDV_20190610T035930_20190610T035955_027612_031DBE_CF47_Orb_NR_Cal_Spk_TC_dB,GRD,2019-06-10T03:59:46.953469,2019-06-10T03:59:49.360582,EPSG:4326,2048,2048,31.136018510315516,34.97257774397081,31.319993480503193,35.15655271415849,35.06456522906465,31.228005995409355,30547,0.728297233581543,-15039704.196312973,1215.6008937047827,858.2617769339051,10.0,,,
00906,D:\SIH_Dataset\Part_I\01_Train_Val_Oil_Spill_images\Oil\00906.tif,D:\SIH_Dataset\Part_I\01_Train_Val_Oil_Spill_mask\Mask_oil\00906.tif,S1A_IW_GRDH_1SDV_20190610T035930_20190610T035955_027612_031DBE_CF47_O,subset_128_of_S1A_IW_GRDH_1SDV_20190610T035930_20190610T035955_027612_031DBE_CF47_Orb_NR_Cal_Spk_TC_dB,GRD,2019-06-10T03:59:46.204406,2019-06-10T03:59:48.611519,EPSG:4326,2048,2048,30.96497928021916,35.02980042756923,31.148954250406838,35.213775397756905,35.121787912663066,31.056966765313,16927,0.40357112884521484,-13021337.156066652,1494.0307496898447,1594.3398416730668,10.0,,,
00907,D:\SIH_Dataset\Part_I\01_Train_Val_Oil_Spill_images\Oil\00907.tif,D:\SIH_Dataset\Part_I\01_Train_Val_Oil_Spill_mask\Mask_oil\00907.tif,S1A_IW_GRDH_1SDV_20190610T035930_20190610T035955_027612_031DBE_CF47_O,subset_129_of_S1A_IW_GRDH_1SDV_20190610T035930_20190610T035955_027612_031DBE_CF47_Orb_NR_Cal_Spk_TC_dB,GRD,2019-06-10T03:59:47.262736,2019-06-10T03:59:49.669850,EPSG:4326,2048,2048,31.38323487650521,34.94895205199847,31.567209846692887,35.132927022186145,35.04093953709231,31.475222361599048,36129,0.8613824844360352,-3398923.0138651095,928.6388358382463,1146.0423344127985,10.0,,,
00917,D:\SIH_Dataset\Part_I\01_Train_Val_Oil_Spill_images\Oil\00917.tif,D:\SIH_Dataset\Part_I\01_Train_Val_Oil_Spill_mask\Mask_oil\00917.tif,S1A_IW_GRDH_1SDV_20160727T171401_20160727T171426_012337_013359_C786_O,subset_139_of_S1A_IW_GRDH_1SDV_20160727T171401_20160727T171426_012337_013359_C786_Orb_NR_Cal_Spk_TC_dB,GRD,2016-07-27T17:14:09.773883,2016-07-27T17:14:12.189467,EPSG:4326,2048,2048,9.326492535708326,43.30498403190757,9.510467505896004,43.48895900209525,43.39697151700141,9.418480020802164,26822,0.6394863128662109,-71737978.88931616,1558.444262172843,1329.582991574081,10.0,,,
00920,D:\SIH_Dataset\Part_I\01_Train_Val_Oil_Spill_images\Oil\00920.tif,D:\SIH_Dataset\Part_I\01_Train_Val_Oil_Spill_mask\Mask_oil\00920.tif,S1A_IW_GRDH_1SDV_20160727T171401_20160727T171426_012337_013359_C786_O,subset_142_of_S1A_IW_GRDH_1SDV_20160727T171401_20160727T171426_012337_013359_C786_Orb_NR_Cal_Spk_TC_dB,GRD,2016-07-27T17:14:06.141656,2016-07-27T17:14:08.557240,EPSG:4326,2048,2048,8.859548251022998,43.58148547635956,9.043523221210677,43.76546044654724,43.6734729614534,8.951535736116838,11277,0.26886463165283203,-1188597.7894375157,987.4541544737075,558.3522656734947,10.0,,,
00938,D:\SIH_Dataset\Part_I\01_Train_Val_Oil_Spill_images\Oil\00938.tif,D:\SIH_Dataset\Part_I\01_Train_Val_Oil_Spill_mask\Mask_oil\00938.tif,S1A_IW_GRDH_1SDV_20171011T023147_20171011T023213_018759_01FA92_75B3_O,subset_160_of_S1A_IW_GRDH_1SDV_20171011T023147_20171011T023213_018759_01FA92_75B3_Orb_NR_Cal_Spk_TC_dB,GRD,2017-10-11T02:31:54.989137,2017-10-11T02:31:57.398757,EPSG:4326,2048,2048,51.929274922378745,25.165703503644142,52.11324989256642,25.34967847383182,25.25769098873798,52.021262407472584,22623,0.5393743515014648,-213714981.0215948,901.6685010829686,182.4841311939177,10.0,,,
00940,D:\SIH_Dataset\Part_I\01_Train_Val_Oil_Spill_images\Oil\00940.tif,D:\SIH_Dataset\Part_I\01_Train_Val_Oil_Spill_mask\Mask_oil\00940.tif,S1A_IW_GRDH_1SDV_20190716T000949_20190716T001014_028135_032D7F_A3E3_O,subset_162_of_S1A_IW_GRDH_1SDV_20190716T000949_20190716T001014_028135_032D7F_A3E3_Orb_NR_Cal_Spk_TC_dB,GRD,2019-07-16T00:10:07.489864,2019-07-16T00:10:09.882502,EPSG:4326,2048,2048,-90.88176723330285,27.57899534359663,-90.69779226311518,27.762970313784308,27.67098282869047,-90.78977974820901,33476,0.7981300354003906,-13312599.221770063,1348.6239694109213,853.9395686461943,10.0,,,
00943,D:\SIH_Dataset\Part_I\01_Train_Val_Oil_Spill_images\Oil\00943.tif,D:\SIH_Dataset\Part_I\01_Train_Val_Oil_Spill_mask\Mask_oil\00943.tif,S1A_IW_GRDH_1SDV_20190704T000948_20190704T001013_027960_032833_0688_O,subset_165_of_S1A_IW_GRDH_1SDV_20190704T000948_20190704T001013_027960_032833_0688_Orb_NR_Cal_Spk_TC_dB,GRD,2019-07-04T00:10:08.100950,2019-07-04T00:10:10.493597,EPSG:4326,2048,2048,-91.47868239277128,27.4725701499437,-91.2947074225836,27.656545120131376,27.564557635037538,-91.38669490767744,40658,0.9693622589111328,-33018976.908537123,1118.1222391657238,1355.9717398789905,10.0,,,
00950,D:\SIH_Dataset\Part_I\01_Train_Val_Oil_Spill_images\Oil\00950.tif,D:\SIH_Dataset\Part_I\01_Train_Val_Oil_Spill_mask\Mask_oil\00950.tif,S1A_IW_GRDH_1SDV_20181014T172234_20181014T172259_024135_02A39B_BAD2_O,subset_172_of_S1A_IW_GRDH_1SDV_20181014T172234_20181014T172259_024135_02A39B_BAD2_Orb_NR_Cal_Spk_TC_dB,GRD,2018-10-14T17:22:46.425205,2018-10-14T17:22:48.840380,EPSG:4326,2048,2048,9.352353983897181,43.22331191162078,9.53632895408486,43.40728688180846,43.31529939671462,9.44434146899102,36941,0.880742073059082,-13636286.059140008,932.6983433041878,1430.5690019219837,10.0,,,
00951,D:\SIH_Dataset\Part_I\01_Train_Val_Oil_Spill_images\Oil\00951.tif,D:\SIH_Dataset\Part_I\01_Train_Val_Oil_Spill_mask\Mask_oil\00951.tif,S1A_IW_GRDH_1SDV_20181014T172234_20181014T172259_024135_02A39B_BAD2_O,subset_173_of_S1A_IW_GRDH_1SDV_20181014T172234_20181014T172259_024135_02A39B_BAD2_Orb_NR_Cal_Spk_TC_dB,GRD,2018-10-14T17:22:45.653576,2018-10-14T17:22:48.068751,EPSG:4326,2048,2048,9.240244236439064,43.282061731202205,9.424219206626743,43.46603670138988,43.374049216296044,9.332231721532903,33947,0.8093595504760742,-190385809.8899202,887.4548119126874,647.5682534539135,10.0,,,
00955,D:\SIH_Dataset\Part_I\01_Train_Val_Oil_Spill_images\Oil\00955.tif,D:\SIH_Dataset\Part_I\01_Train_Val_Oil_Spill_mask\Mask_oil\00955.tif,S1A_IW_GRDH_1SDV_20190807T002542_20190807T002607_028456_033737_5081_O,subset_177_of_S1A_IW_GRDH_1SDV_20190807T002542_20190807T002607_028456_033737_5081_Orb_NR_Cal_Spk_TC_dB,GRD,2019-08-07T00:25:51.221631,2019-08-07T00:25:53.608196,EPSG:4326,2048,2048,-94.93365127382808,26.05405691182433,-94.7496763036404,26.238031882012006,26.146044396918168,-94.84166378873424,40123,0.9566068649291992,-29800670.61033782,1113.0622959399846,927.3451262368218,10.0,,,
00956,D:\SIH_Dataset\Part_I\01_Train_Val_Oil_Spill_images\Oil\00956.tif,D:\SIH_Dataset\Part_I\01_Train_Val_Oil_Spill_mask\Mask_oil\00956.tif,S1A_IW_GRDH_1SDV_20190807T002542_20190807T002607_028456_033737_5081_O,subset_178_of_S1A_IW_GRDH_1SDV_20190807T002542_20190807T002607_028456_033737_5081_Orb_NR_Cal_Spk_TC_dB,GRD,2019-08-07T00:25:52.297742,2019-08-07T00:25:54.684307,EPSG:4326,2048,2048,-95.0307591560414,25.971142411100097,-94.84678418585372,26.155117381287774,26.063129896193935,-94.93877167094756,23041,0.5493402481079102,-697528.0242150351,418.41146217612084,1888.427824313181,10.0,,,
00961,D:\SIH_Dataset\Part_I\01_Train_Val_Oil_Spill_images\Oil\00961.tif,D:\SIH_Dataset\Part_I\01_Train_Val_Oil_Spill_mask\Mask_oil\00961.tif,S1A_IW_GRDH_1SDV_20191006T002544_20191006T002609_029331_035579_A39B_O,subset_183_of_S1A_IW_GRDH_1SDV_20191006T002544_20191006T002609_029331_035579_A39B_Orb_NR_Cal_Spk_TC_dB,GRD,2019-10-06T00:25:55.824750,2019-10-06T00:25:58.211313,EPSG:4326,2048,2048,-95.12478894671364,25.89774586540493,-94.94081397652596,26.081720835592606,25.989733350498767,-95.0328014616198,12585,0.3000497817993164,-19794785.643002238,190.66146205800555,1158.9042113627333,10.0,,,
00964,D:\SIH_Dataset\Part_I\01_Train_Val_Oil_Spill_images\Oil\00964.tif,D:\SIH_Dataset\Part_I\01_Train_Val_Oil_Spill_mask\Mask_oil\00964.tif,S1A_IW_GRDH_1SDV_20190826T001747_20190826T001812_028733_0340D4_9E2F_O,subset_186_of_S1A_IW_GRDH_1SDV_20190826T001747_20190826T001812_028733_0340D4_9E2F_Orb_NR_Cal_Spk_TC_dB,GRD,2019-08-26T00:18:01.422993,2019-08-26T00:18:03.812743,EPSG:4326,2048,2048,-92.75964068031213,26.720892666720474,-92.57566571012445,26.90486763690815,26.812880151814312,-92.66765319521829,23635,0.563502311706543,-209600943.19018918,940.5338057964883,973.8142373598477,10.0,,,
00968,D:\SIH_Dataset\Part_I\01_Train_Val_Oil_Spill_images\Oil\00968.tif,D:\SIH_Dataset\Part_I\01_Train_Val_Oil_Spill_mask\Mask_oil\00968.tif,S1A_IW_GRDH_1SDV_20191030T002544_20191030T002609_029681_036197_5CDB_O,subset_190_of_S1A_IW_GRDH_1SDV_20191030T002544_20191030T002609_029681_036197_5CDB_Orb_NR_Cal_Spk_TC_dB,GRD,2019-10-30T00:25:55.551228,2019-10-30T00:25:57.937806,EPSG:4326,2048,2048,-95.04515710589409,25.91663756482664,-94.86118213570641,26.100612535014317,26.00862504992048,-94.95316962080025,28171,0.6716489791870117,-44380266.21078178,242.75817329878242,907.2982677221256,10.0,,,
00983,D:\SIH_Dataset\Part_I\01_Train_Val_Oil_Spill_images\Oil\00983.tif,D:\SIH_Dataset\Part_I\01_Train_Val_Oil_Spill_mask\Mask_oil\00983.tif,S1A_IW_GRDH_1SDV_20190623T154126_20190623T154151_027809_0323A6_DF6C_O,subset_205_of_S1A_IW_GRDH_1SDV_20190623T154126_20190623T154151_027809_0323A6_DF6C_Orb_NR_Cal_Spk_TC_dB,GRD,2019-06-23T15:41:43.662800,2019-06-23T15:41:46.066454,EPSG:4326,2048,2048,34.25943662672185,34.18223265533355,34.44341159690953,34.36620762552123,34.27422014042739,34.35142411181569,27106,0.6462574005126953,-49609210.78324838,1698.8196340293662,1061.9926953442043,10.0,,,
00994,D:\SIH_Dataset\Part_I\01_Train_Val_Oil_Spill_images\Oil\00994.tif,D:\SIH_Dataset\Part_I\01_Train_Val_Oil_Spill_mask\Mask_oil\00994.tif,S1A_IW_GRDH_1SDV_20190919T001632_20190919T001657_029083_034D00_05B9_O,subset_216_of_S1A_IW_GRDH_1SDV_20190919T001632_20190919T001657_029083_034D00_05B9_Orb_NR_Cal_Spk_TC_dB,GRD,2019-09-19T00:16:46.175589,2019-09-19T00:16:48.552710,EPSG:4326,2048,2048,-93.46454857206201,22.28893312753595,-93.28057360187434,22.47290809772363,22.38092061262979,-93.37256108696818,13288,0.31681060791015625,-35836550.748358674,480.6223660445515,621.1380945213726,10.0,,,
00995,D:\SIH_Dataset\Part_I\01_Train_Val_Oil_Spill_images\Oil\00995.tif,D:\SIH_Dataset\Part_I\01_Train_Val_Oil_Spill_mask\Mask_oil\00995.tif,S1A_IW_GRDH_1SDV_20190919T001632_20190919T001657_029083_034D00_05B9_O,subset_217_of_S1A_IW_GRDH_1SDV_20190919T001632_20190919T001657_029083_034D00_05B9_Orb_NR_Cal_Spk_TC_dB,GRD,2019-09-19T00:16:51.909943,2019-09-19T00:16:54.287064,EPSG:4326,2048,2048,-93.51305759740447,21.84534504023773,-93.32908262721679,22.02932001042541,21.93733252533157,-93.42107011231063,33137,0.7900476455688477,-7877212.673619688,1145.3039050004527,769.7623955095513,10.0,,,
01008,D:\SIH_Dataset\Part_I\01_Train_Val_Oil_Spill_images\Oil\01008.tif,D:\SIH_Dataset\Part_I\01_Train_Val_Oil_Spill_mask\Mask_oil\01008.tif,S1A_IW_GRDH_1SDV_20181118T000947_20181118T001012_024635_02B4D5_3492_O,subset_230_of_S1A_IW_GRDH_1SDV_20181118T000947_20181118T001012_024635_02B4D5_3492_Orb_NR_Cal_Spk_TC_dB,GRD,2018-11-18T00:10:03.901255,2018-11-18T00:10:06.293725,EPSG:4326,2048,2048,-90.7856139317115,27.65728655563063,-90.60163896152382,27.841261525818307,27.74927404072447,-90.69362644661766,41062,0.9789943695068359,-122309751.09425585,1749.0351906872534,742.9464711899079,10.0,,,
01013,D:\SIH_Dataset\Part_I\01_Train_Val_Oil_Spill_images\Oil\01013.tif,D:\SIH_Dataset\Part_I\01_Train_Val_Oil_Spill_mask\Mask_oil\01013.tif,S1A_IW_GRDH_1SDV_20180702T001802_20180702T001827_022608_02730A_4E5F_O,subset_235_of_S1A_IW_GRDH_1SDV_20180702T001802_20180702T001827_022608_02730A_4E5F_Orb_NR_Cal_Spk_TC_dB,GRD,2018-07-02T00:18:09.509264,2018-07-02T00:18:11.903104,EPSG:4326,2048,2048,-94.06055549339582,28.798179974615444,-93.87658052320815,28.98215494480312,28.890167459709282,-93.96856800830199,11023,0.26280879974365234,-12073743.068046438,604.7788714506033,229.85525718951283,10.0,,,
01014,D:\SIH_Dataset\Part_I\01_Train_Val_Oil_Spill_images\Oil\01014.tif,D:\SIH_Dataset\Part_I\01_Train_Val_Oil_Spill_mask\Mask_oil\01014.tif,S1A_IW_GRDH_1SDV_20180702T001802_20180702T001827_022608_02730A_4E5F_O,subset_236_of_S1A_IW_GRDH_1SDV_20180702T001802_20180702T001827_022608_02730A_4E5F_Orb_NR_Cal_Spk_TC_dB,GRD,2018-07-02T00:18:08.442736,2018-07-02T00:18:10.836576,EPSG:4326,2048,2048,-94.17545001823471,28.880106328527145,-93.99147504804704,29.06408129871482,28.972093813620983,-94.08346253314087,39750,0.9477138519287109,-899936.261269625,1185.773031446541,1009.5304402515724,10.0,,,
01027,D:\SIH_Dataset\Part_I\01_Train_Val_Oil_Spill_images\Oil\01027.tif,D:\SIH_Dataset\Part_I\01_Train_Val_Oil_Spill_mask\Mask_oil\01027.tif,S1A_IW_GRDH_1SDV_20180724T042302_20180724T042327_022931_027CEC_08F4_O,subset_249_of_S1A_IW_GRDH_1SDV_20180724T042302_20180724T042327_022931_027CEC_08F4_Orb_NR_Cal_Spk_TC_dB,GRD,2018-07-24T04:23:17.669159,2018-07-24T04:23:20.082701,EPSG:4326,2048,2048,25.18613022701324,39.04181214550309,25.370105197200918,39.225787115690764,39.133799630596926,25.27811771210708,23504,0.5603790283203125,-29539718.42667564,1253.254765146358,1354.7704220558203,10.0,,,
01034,D:\SIH_Dataset\Part_I\01_Train_Val_Oil_Spill_images\Oil\01034.tif,D:\SIH_Dataset\Part_I\01_Train_Val_Oil_Spill_mask\Mask_oil\01034.tif,S1A_IW_GRDH_1SDV_20180724T042302_20180724T042327_022931_027CEC_08F4_O,subset_256_of_S1A_IW_GRDH_1SDV_20180724T042302_20180724T042327_022931_027CEC_08F4_Orb_NR_Cal_Spk_TC_dB,GRD,2018-07-24T04:23:23.690633,2018-07-24T04:23:26.104175,EPSG:4326,2048,2048,25.071235702174356,38.58304252990325,25.255210672362033,38.76701750009093,38.67503001499709,25.163223187268194,37585,0.8960962295532227,-60005491.21815014,293.02515631235866,1367.7940534787815,10.0,,,
01049,D:\SIH_Dataset\Part_I\01_Train_Val_Oil_Spill_images\Oil\01049.tif,D:\SIH_Dataset\Part_I\01_Train_Val_Oil_Spill_mask\Mask_oil\01049.tif,S1A_IW_GRDH_1SDV_20191022T034356_20191022T034421_029566_035D93_FD78_O,subset_271_of_S1A_IW_GRDH_1SDV_20191022T034356_20191022T034421_029566_035D93_FD78_Orb_NR_Cal_Spk_TC_dB,GRD,2019-10-22T03:44:13.367750,2019-10-22T03:44:15.766025,EPSG:4326,2048,2048,33.37071904500598,32.11755808738911,33.554694015193654,32.30153305757679,32.20954557248295,33.462706530099815,37612,0.8967399597167969,-52322817.05615329,1046.972960757205,893.6571838774859,10.0,,,
01052,D:\SIH_Dataset\Part_I\01_Train_Val_Oil_Spill_images\Oil\01052.tif,D:\SIH_Dataset\Part_I\01_Train_Val_Oil_Spill_mask\Mask_oil\01052.tif,S1A_IW_GRDH_1SDV_20191022T034356_20191022T034421_029566_035D93_FD78_O,subset_274_of_S1A_IW_GRDH_1SDV_20191022T034356_20191022T034421_029566_035D93_FD78_Orb_NR_Cal_Spk_TC_dB,GRD,2019-10-22T03:44:16.040181,2019-10-22T03:44:18.438456,EPSG:4326,2048,2048,33.285828250656685,31.91265237108145,33.46980322084436,32.09662734126913,32.00463985617529,33.377815735750524,17215,0.41043758392333984,-89137111.4335526,404.3393842579146,1352.7378739471392,10.0,,,
01060,D:\SIH_Dataset\Part_I\01_Train_Val_Oil_Spill_images\Oil\01060.tif,D:\SIH_Dataset\Part_I\01_Train_Val_Oil_Spill_mask\Mask_oil\01060.tif,S1A_IW_GRDH_1SDV_20190816T000100_20190816T000125_028587_033BC6_3ADE_O,subset_282_of_S1A_IW_GRDH_1SDV_20190816T000100_20190816T000125_028587_033BC6_3ADE_Orb_NR_Cal_Spk_TC_dB,GRD,2019-08-16T00:01:15.944513,2019-08-16T00:01:18.330379,EPSG:4326,2048,2048,-90.32483184995048,25.461523280519977,-90.14085687976281,25.645498250707654,25.553510765613815,-90.23284436485665,15463,0.3686666488647461,-6649779.331144545,1206.7881070943542,1702.6850869818277,10.0,,,
01061,D:\SIH_Dataset\Part_I\01_Train_Val_Oil_Spill_images\Oil\01061.tif,D:\SIH_Dataset\Part_I\01_Train_Val_Oil_Spill_mask\Mask_oil\01061.tif,S1A_IW_GRDH_1SDV_20190816T000100_20190816T000125_028587_033BC6_3ADE_O,subset_283_of_S1A_IW_GRDH_1SDV_20190816T000100_20190816T000125_028587_033BC6_3ADE_Orb_NR_Cal_Spk_TC_dB,GRD,2019-08-16T00:01:16.253382,2019-08-16T00:01:18.639248,EPSG:4326,2048,2048,-90.24811572468668,25.43771792549081,-90.06414075449901,25.621692895678486,25.529705410584647,-90.15612823959285,33999,0.8105993270874023,-4590857.509453156,1251.0676343421865,1234.5717079914116,10.0,,,
01070,D:\SIH_Dataset\Part_I\01_Train_Val_Oil_Spill_images\Oil\01070.tif,D:\SIH_Dataset\Part_I\01_Train_Val_Oil_Spill_mask\Mask_oil\01070.tif,S1A_IW_GRDH_1SDV_20190604T154953_20190604T155018_027532_031B5A_8B9B_O,subset_292_of_S1A_IW_GRDH_1SDV_20190604T154953_20190604T155018_027532_031B5A_8B9B_Orb_NR_Cal_Spk_TC_dB,GRD,2019-06-04T15:50:03.937893,2019-06-04T15:50:06.343874,EPSG:4326,2048,2048,32.852883168646365,35.605691346053575,33.03685813883404,35.78966631624125,35.697678831147414,32.9448706537402,17543,0.4182577133178711,-116436879.24600491,956.8211537365331,685.3555549221912,10.0,,,
01077,D:\SIH_Dataset\Part_I\01_Train_Val_Oil_Spill_images\Oil\01077.tif,D:\SIH_Dataset\Part_I\01_Train_Val_Oil_Spill_mask\Mask_oil\01077.tif,S1A_IW_GRDH_1SDV_20190604T154953_20190604T155018_027532_031B5A_8B9B_O,subset_299_of_S1A_IW_GRDH_1SDV_20190604T154953_20190604T155018_027532_031B5A_8B9B_Orb_NR_Cal_Spk_TC_dB,GRD,2019-06-04T15:50:04.289328,2019-06-04T15:50:06.695310,EPSG:4326,2048,2048,32.217953925830685,35.57883171905841,32.40192889601836,35.762806689246084,35.670819204152245,32.30994141092452,22929,0.5466699600219727,-116141602.06364805,835.8024990187099,1676.9727201360722,10.0,,,
01078,D:\SIH_Dataset\Part_I\01_Train_Val_Oil_Spill_images\Oil\01078.tif,D:\SIH_Dataset\Part_I\01_Train_Val_Oil_Spill_mask\Mask_oil\01078.tif,S1A_IW_GRDH_1SDV_20190604T154953_20190604T155018_027532_031B5A_8B9B_O,subset_300_of_S1A_IW_GRDH_1SDV_20190604T154953_20190604T155018_027532_031B5A_8B9B_Orb_NR_Cal_Spk_TC_dB,GRD,2019-06-04T15:50:04.247015,2019-06-04T15:50:06.652996,EPSG:4326,2048,2048,32.25406620025229,35.582065654081234,32.438041170439966,35.76604062426891,35.67405313917507,32.34605368534613,38588,0.9200096130371094,-311010588.1527889,856.7389343837463,1458.3776821809888,10.0,,,
01079,D:\SIH_Dataset\Part_I\01_Train_Val_Oil_Spill_images\Oil\01079.tif,D:\SIH_Dataset\Part_I\01_Train_Val_Oil_Spill_mask\Mask_oil\01079.tif,S1A_IW_GRDH_1SDV_20190908T154959_20190908T155024_028932_0347C3_7123_O,subset_301_of_S1A_IW_GRDH_1SDV_20190908T154959_20190908T155024_028932_0347C3_7123_Orb_NR_Cal_Spk_TC_dB,GRD,2019-09-08T15:50:20.242312,2019-09-08T15:50:22.648209,EPSG:4326,2048,2048,31.565127232884652,34.792266415307175,31.74910220307233,34.97624138549485,34.88425390040101,31.65711471797849,14311,0.3412008285522461,-91130311.14415434,147.79075536300746,156.47903710432536,10.0,,,
01082,D:\SIH_Dataset\Part_I\01_Train_Val_Oil_Spill_images\Oil\01082.tif,D:\SIH_Dataset\Part_I\01_Train_Val_Oil_Spill_mask\Mask_oil\01082.tif,S1A_IW_GRDH_1SDV_20190908T154959_20190908T155024_028932_0347C3_7123_O,subset_304_of_S1A_IW_GRDH_1SDV_20190908T154959_20190908T155024_028932_0347C3_7123_Orb_NR_Cal_Spk_TC_dB,GRD,2019-09-08T15:50:17.892831,2019-09-08T15:50:20.298728,EPSG:4326,2048,2048,31.363904609241878,34.97183964060267,31.547879579429555,35.155814610790344,35.063827125696506,31.455892094335717,30314,0.7227420806884766,-51466050.719465815,1904.2331595962262,1832.5348024015307,10.0,,,
01084,D:\SIH_Dataset\Part_I\01_Train_Val_Oil_Spill_images\Oil\01084.tif,D:\SIH_Dataset\Part_I\01_Train_Val_Oil_Spill_mask\Mask_oil\01084.tif,S1A_IW_GRDH_1SDV_20181006T001537_20181006T001602_024008_029F7D_50DC_O,subset_306_of_S1A_IW_GRDH_1SDV_20181006T001537_20181006T001602_024008_029F7D_50DC_Orb_NR_Cal_Spk_TC_dB,GRD,2018-10-06T00:15:49.845607,2018-10-06T00:15:52.213831,EPSG:4326,2048,2048,-92.05602653509929,19.30632376075729,-91.87205156491162,19.490298730944968,19.39831124585113,-91.96403905000545,37845,0.9022951126098633,-139676927.00655273,1254.6999207292906,269.13902761263046,10.0,,,
01088,D:\SIH_Dataset\Part_I\01_Train_Val_Oil_Spill_images\Oil\01088.tif,D:\SIH_Dataset\Part_I\01_Train_Val_Oil_Spill_mask\Mask_oil\01088.tif,S1A_IW_GRDH_1SDV_20181006T001537_20181006T001602_024008_029F7D_50DC_O,subset_310_of_S1A_IW_GRDH_1SDV_20181006T001537_20181006T001602_024008_029F7D_50DC_Orb_NR_Cal_Spk_TC_dB,GRD,2018-10-06T00:15:50.207724,2018-10-06T00:15:52.575948,EPSG:4326,2048,2048,-92.24000150528697,19.27820649236435,-92.05602653509929,19.462181462552028,19.37019397745819,-92.14801402019313,37165,0.886082649230957,-318828207.2396271,896.2995156733485,1061.4077626799408,10.0,,,
01102,D:\SIH_Dataset\Part_I\01_Train_Val_Oil_Spill_images\Oil\01102.tif,D:\SIH_Dataset\Part_I\01_Train_Val_Oil_Spill_mask\Mask_oil\01102.tif,S1A_IW_GRDH_1SDV_20180831T001536_20180831T001601_023483_028E75_4C10_O,subset_324_of_S1A_IW_GRDH_1SDV_20180831T001536_20180831T001601_023483_028E75_4C10_Orb_NR_Cal_Spk_TC_dB,GRD,2018-08-31T00:15:50.584061,2018-08-31T00:15:52.952315,EPSG:4326,2048,2048,-92.21939234427744,19.180682063654196,-92.03541737408976,19.364657033841873,19.272669548748034,-92.1274048591836,22637,0.539708137512207,-159354456.93291944,894.7397844237311,175.8405044838097,10.0,,,
01107,D:\SIH_Dataset\Part_I\01_Train_Val_Oil_Spill_images\Oil\01107.tif,D:\SIH_Dataset\Part_I\01_Train_Val_Oil_Spill_mask\Mask_oil\01107.tif,S1A_IW_GRDH_1SDV_20181030T001537_20181030T001602_024358_02AAD0_7A0E_O,subset_329_of_S1A_IW_GRDH_1SDV_20181030T001537_20181030T001602_024358_02AAD0_7A0E_Orb_NR_Cal_Spk_TC_dB,GRD,2018-10-30T00:15:50.118967,2018-10-30T00:15:52.487128,EPSG:4326,2048,2048,-92.15246274232182,19.302923514134168,-91.96848777213414,19.486898484321845,19.394910999228006,-92.06047525722798,37340,0.8902549743652344,-71809358.1276194,1273.7462774504552,1228.9276914836637,10.0,,,
01119,D:\SIH_Dataset\Part_I\01_Train_Val_Oil_Spill_images\Oil\01119.tif,D:\SIH_Dataset\Part_I\01_Train_Val_Oil_Spill_mask\Mask_oil\01119.tif,S1A_IW_GRDH_1SDV_20180819T001535_20180819T001600_023308_0288E8_81AC_O,subset_341_of_S1A_IW_GRDH_1SDV_20180819T001535_20180819T001600_023308_0288E8_81AC_Orb_NR_Cal_Spk_TC_dB,GRD,2018-08-19T00:15:49.026880,2018-08-19T00:15:51.395103,EPSG:4326,2048,2048,-92.34459016022372,19.24284948144825,-92.16061519003604,19.426824451635927,19.33483696654209,-92.25260267512988,11938,0.2846240997314453,-30947561.365627892,1178.3057463561736,861.231864633942,10.0,,,
01139,D:\SIH_Dataset\Part_I\01_Train_Val_Oil_Spill_images\Oil\01139.tif,D:\SIH_Dataset\Part_I\01_Train_Val_Oil_Spill_mask\Mask_oil\01139.tif,S1A_IW_GRDH_1SDV_20181111T001537_20181111T001602_024533_02B121_8A1D_O,subset_361_of_S1A_IW_GRDH_1SDV_20181111T001537_20181111T001602_024533_02B121_8A1D_Orb_NR_Cal_Spk_TC_dB,GRD,2018-11-11T00:15:47.787325,2018-11-11T00:15:50.155570,EPSG:4326,2048,2048,-92.12411902566201,19.464903483809127,-91.94014405547433,19.648878453996804,19.556890968902966,-92.03213154056817,27906,0.6653308868408203,-55454287.95143369,1735.0642514154663,1422.656274636279,10.0,,,
01171,D:\SIH_Dataset\Part_I\01_Train_Val_Oil_Spill_images\Oil\01171.tif,D:\SIH_Dataset\Part_I\01_Train_Val_Oil_Spill_mask\Mask_oil\01171.tif,S1A_IW_GRDH_1SDV_20190908T154934_20190908T154959_028932_0347C3_EDE4_O,subset_393_of_S1A_IW_GRDH_1SDV_20190908T154934_20190908T154959_028932_0347C3_EDE4_Orb_NR_Cal_Spk_TC_dB,GRD,2019-09-08T15:49:37.601347,2019-09-08T15:49:40.003998,EPSG:4326,2048,2048,31.98517114660344,34.637594331569964,32.16914611679112,34.82156930175764,34.7295818166638,32.07715863169728,33073,0.7885217666625977,-247121459.93604344,856.7852780213467,993.8593565748496,10.0,,,
01199,D:\SIH_Dataset\Part_I\01_Train_Val_Oil_Spill_images\Oil\01199.tif,D:\SIH_Dataset\Part_I\01_Train_Val_Oil_Spill_mask\Mask_oil\01199.tif,S1A_IW_GRDH_1SDV_20190605T000145_20190605T000210_027537_031B82_AABF_O,subset_421_of_S1A_IW_GRDH_1SDV_20190605T000145_20190605T000210_027537_031B82_AABF_Orb_NR_Cal_Spk_TC_dB,GRD,2019-06-05T00:01:58.079160,2019-06-05T00:02:00.473023,EPSG:4326,2048,2048,-90.36674583241475,28.726647048594504,-90.18277086222707,28.91062201878218,28.818634533688343,-90.27475834732091,20699,0.4935026168823242,-10818741.343190383,756.9474129184985,1010.8117058795111,10.0,,,
01203,D:\SIH_Dataset\Part_I\01_Train_Val_Oil_Spill_images\Oil\01203.tif,D:\SIH_Dataset\Part_I\01_Train_Val_Oil_Spill_mask\Mask_oil\01203.tif,S1A_IW_GRDH_1SDV_20181207T000144_20181207T000209_024912_02BE7D_4097_O,subset_425_of_S1A_IW_GRDH_1SDV_20181207T000144_20181207T000209_024912_02BE7D_4097_Orb_NR_Cal_Spk_TC_dB,GRD,2018-12-07T00:01:56.953260,2018-12-07T00:01:59.347108,EPSG:4326,2048,2048,-89.24206717612473,28.767472337607437,-89.05809220593706,28.951447307795114,28.859459822701275,-89.1500796910309,36446,0.8689403533935547,-75907465.7902671,746.8116940130604,1547.9722603303517,10.0,,,
01215,D:\SIH_Dataset\Part_I\01_Train_Val_Oil_Spill_images\Oil\01215.tif,D:\SIH_Dataset\Part_I\01_Train_Val_Oil_Spill_mask\Mask_oil\01215.tif,S1A_IW_GRDH_1SDV_20190325T000142_20190325T000207_026487_02F77B_19BF_O,subset_437_of_S1A_IW_GRDH_1SDV_20190325T000142_20190325T000207_026487_02F77B_19BF_Orb_NR_Cal_Spk_TC_dB,GRD,2019-03-25T00:01:56.212457,2019-03-25T00:01:58.606196,EPSG:4326,2048,2048,-89.53542251153495,28.652259284062332,-89.35144754134727,28.83623425425001,28.74424676915617,-89.44343502644111,32750,0.7808208465576172,-90201668.00437276,299.6803358778626,387.44647328244275,10.0,,,
01228,D:\SIH_Dataset\Part_I\01_Train_Val_Oil_Spill_images\Oil\01228.tif,D:\SIH_Dataset\Part_I\01_Train_Val_Oil_Spill_mask\Mask_oil\01228.tif,S1A_IW_GRDH_1SDV_20180823T175408_20180823T175433_023377_028B16_C6CE_O,subset_450_of_S1A_IW_GRDH_1SDV_20180823T175408_20180823T175433_023377_028B16_C6CE_Orb_NR_Cal_Spk_TC_dB,GRD,2018-08-23T17:54:27.324613,2018-08-23T17:54:29.734013,EPSG:4326,2048,2048,-0.13241300210520635,38.01358331305621,0.051561968082471654,38.197558283243886,38.10557079815005,-0.040425517011367346,41679,0.9937047958374023,-159368303.45854175,1582.6655509969048,313.644197317594,10.0,,,
01230,D:\SIH_Dataset\Part_I\01_Train_Val_Oil_Spill_images\Oil\01230.tif,D:\SIH_Dataset\Part_I\01_Train_Val_Oil_Spill_mask\Mask_oil\01230.tif,S1A_IW_GRDH_1SDV_20180823T175408_20180823T175433_023377_028B16_C6CE_O,subset_452_of_S1A_IW_GRDH_1SDV_20180823T175408_20180823T175433_023377_028B16_C6CE_Orb_NR_Cal_Spk_TC_dB,GRD,2018-08-23T17:54:27.450556,2018-08-23T17:54:29.859956,EPSG:4326,2048,2048,-0.3795395367664867,38.00397133951613,-0.19556456657880872,38.187946309703804,38.095958824609966,-0.28755205167264775,41349,0.9858369827270508,-101887631.75660037,986.3343611695567,1280.202701395439,10.0,,,
01244,D:\SIH_Dataset\Part_I\01_Train_Val_Oil_Spill_images\Oil\01244.tif,D:\SIH_Dataset\Part_I\01_Train_Val_Oil_Spill_mask\Mask_oil\01244.tif,S1A_IW_GRDH_1SDV_20190612T111511_20190612T111536_027645_031ED2_9323_O,subset_466_of_S1A_IW_GRDH_1SDV_20190612T111511_20190612T111536_027645_031ED2_9323_Orb_NR_Cal_Spk_TC_dB,GRD,2019-06-12T11:15:14.686400,2019-06-12T11:15:16.972022,EPSG:4326,2048,2048,106.98396235583442,-5.070562627323938,107.1679373260221,-4.8865876571362605,-4.978575142230099,107.07594984092826,36446,0.8689403533935547,-30111721.0867888,1451.907781375185,849.9199363441804,10.0,,,
01247,D:\SIH_Dataset\Part_I\01_Train_Val_Oil_Spill_images\Oil\01247.tif,D:\SIH_Dataset\Part_I\01_Train_Val_Oil_Spill_mask\Mask_oil\01247.tif,S1A_IW_GRDH_1SDV_20190612T111511_20190612T111536_027645_031ED2_9323_O,subset_469_of_S1A_IW_GRDH_1SDV_20190612T111511_20190612T111536_027645_031ED2_9323_Orb_NR_Cal_Spk_TC_dB,GRD,2019-06-12T11:15:19.096858,2019-06-12T11:15:21.382480,EPSG:4326,2048,2048,106.8801171089902,-5.42539716455115,107.06409207917788,-5.241422194363472,-5.333409679457311,106.97210459408404,23222,0.5536556243896484,-46377629.761024766,1366.1353888553958,780.3891998966498,10.0,,,
01248,D:\SIH_Dataset\Part_I\01_Train_Val_Oil_Spill_images\Oil\01248.tif,D:\SIH_Dataset\Part_I\01_Train_Val_Oil_Spill_mask\Mask_oil\01248.tif,S1A_IW_GRDH_1SDV_20190612T111511_20190612T111536_027645_031ED2_9323_O,subset_470_of_S1A_IW_GRDH_1SDV_20190612T111511_20190612T111536_027645_031ED2_9323_Orb_NR_Cal_Spk_TC_dB,GRD,2019-06-12T11:15:20.609812,2019-06-12T11:15:22.895434,EPSG:4326,2048,2048,106.81570790311883,-5.547118885549344,106.99968287330651,-5.3631439153616665,-5.455131400455505,106.90769538821267,29808,0.7106781005859375,-77633935.32614115,801.6880367686528,1212.9454508856684,10.0,,,
01251,D:\SIH_Dataset\Part_I\01_Train_Val_Oil_Spill_images\Oil\01251.tif,D:\SIH_Dataset\Part_I\01_Train_Val_Oil_Spill_mask\Mask_oil\01251.tif,S1A_IW_GRDH_1SDV_20190702T223348_20190702T223415_027944_0327B6_7BF5_O,subset_481_of_S1A_IW_GRDH_1SDV_20190702T223348_20190702T223415_027944_0327B6_7BF5_Orb_NR_Cal_Spk_TC_dB,GRD,2019-07-02T22:33:58.320424,2019-07-02T22:34:00.656222,EPSG:4326,2048,2048,105.3108143556094,-6.663740708586455,105.49478932579707,-6.479765738398777,-6.571753223492616,105.40280184070323,38633,0.9210824966430664,-21127163.31229261,1369.7105971578703,370.3971604586752,10.0,,,
01260,D:\SIH_Dataset\Part_I\01_Train_Val_Oil_Spill_images\Oil\01260.tif,D:\SIH_Dataset\Part_I\01_Train_Val_Oil_Spill_mask\Mask_oil\01260.tif,S1A_IW_GRDH_1SDV_20180305T221727_20180305T221756_020886_023D3E_B420_O,subset_490_of_S1A_IW_GRDH_1SDV_20180305T221727_20180305T221756_020886_023D3E_B420_Orb_NR_Cal_Spk_TC_dB,GRD,2018-03-05T22:17:32.236139,2018-03-05T22:17:34.659051,EPSG:4326,2048,2048,-60.92302322356795,10.059195136304929,-60.739048253380275,10.243170106492608,10.151182621398767,-60.831035738474114,40706,0.9705066680908203,-14954297.781949477,794.9281187048592,812.7616321918144,10.0,,,
01330,D:\SIH_Dataset\Part_I\01_Train_Val_Oil_Spill_images\Oil\01330.tif,D:\SIH_Dataset\Part_I\01_Train_Val_Oil_Spill_mask\Mask_oil\01330.tif,S1B_IW_GRDH_1SDV_20170817T173241_20170817T173316_006982_00C4C2_4FC7_O,subset_560_of_S1B_IW_GRDH_1SDV_20170817T173241_20170817T173316_006982_00C4C2_4FC7_Orb_NR_Cal_Spk_TC_dB,GRD,2017-08-17T17:32:55.307171,2017-08-17T17:32:57.749422,EPSG:4326,2048,2048,11.904754533846058,-5.900981147706602,12.088729504033736,-5.7170061775189245,-5.808993662612764,11.996742018939898,37126,0.8851528167724609,-39212222.492814966,1310.9171200775736,1101.8730000538706,10.0,,,
01333,D:\SIH_Dataset\Part_I\01_Train_Val_Oil_Spill_images\Oil\01333.tif,D:\SIH_Dataset\Part_I\01_Train_Val_Oil_Spill_mask\Mask_oil\01333.tif,S1B_IW_GRDH_1SDV_20170817T173241_20170817T173316_006982_00C4C2_4FC7_O,subset_563_of_S1B_IW_GRDH_1SDV_20170817T173241_20170817T173316_006982_00C4C2_4FC7_Orb_NR_Cal_Spk_TC_dB,GRD,2017-08-17T17:32:54.048463,2017-08-17T17:32:56.490714,EPSG:4326,2048,2048,11.451015483837287,-5.806208885231992,11.634990454024965,-5.622233915044315,-5.714221400138154,11.543002968931127,21469,0.5118608474731445,-52294240.67604108,968.3022264660674,1430.0660720108062,10.0,,,
00201,D:\SIH_Dataset\Part_I\01_Train_Val_Oil_Spill_images\Oil\00201.tif,D:\SIH_Dataset\Part_I\01_Train_Val_Oil_Spill_mask\Mask_oil\00201.tif,S1A_IW_GRDH_1SDV_20170817T023857_20170817T023922_017957_01E207_7BFA_O,subset_231_of_S1A_IW_GRDH_1SDV_20170817T023857_20170817T023922_017957_01E207_7BFA_Orb_NR_Cal_Spk_TC_dB,GRD,2017-08-17T02:39:03.383460,2017-08-17T02:39:05.777807,EPSG:4326,2048,2048,49.35134546167938,29.01323175241417,49.535320431867056,29.197206722601848,29.10521923750801,49.44333294677322,9086,0.2166271209716797,-8362777.397759497,565.7126348228043,586.2183579132732,4.0,,,
00203,D:\SIH_Dataset\Part_I\01_Train_Val_Oil_Spill_images\Oil\00203.tif,D:\SIH_Dataset\Part_I\01_Train_Val_Oil_Spill_mask\Mask_oil\00203.tif,S1B_IW_GRDH_1SDV_20170801T035908_20170801T035933_006741_00BDC7_5356_O,subset_249_of_S1B_IW_GRDH_1SDV_20170801T035908_20170801T035933_006741_00BDC7_5356_Orb_NR_Cal_Spk_TC_dB,GRD,2017-08-01T03:59:24.142562,2017-08-01T03:59:26.550026,EPSG:4326,2048,2048,30.039217087685355,33.28935688283099,30.22319205787303,33.473331853018664,33.381344367924825,30.131204572779193,8075,0.19252300262451172,-9884961.26938693,1049.427306501548,998.721919504644,4.0,,,
00212,D:\SIH_Dataset\Part_I\01_Train_Val_Oil_Spill_images\Oil\00212.tif,D:\SIH_Dataset\Part_I\01_Train_Val_Oil_Spill_mask\Mask_oil\00212.tif,S1B_IW_GRDH_1SDV_20180228T035123_20180228T035148_009818_011BFF_A6C6_O,subset_261_of_S1B_IW_GRDH_1SDV_20180228T035123_20180228T035148_009818_011BFF_A6C6_Orb_NR_Cal_Spk_TC_dB,GRD,2018-02-28T03:51:33.019760,2018-02-28T03:51:35.423327,EPSG:4326,2048,2048,32.18919976028991,31.992458323145236,32.37317473047759,32.17643329333291,32.084445808239074,32.28118724538375,7725,0.18417835235595703,-38894757.20932561,1090.7780582524272,882.1341747572816,4.0,,,
00458,D:\SIH_Dataset\Part_I\01_Train_Val_Oil_Spill_images\Oil\00458.tif,D:\SIH_Dataset\Part_I\01_Train_Val_Oil_Spill_mask\Mask_oil\00458.tif,S1A_IW_GRDH_1SDV_20170704T111705_20170704T111730_017320_01CEB7_D612_O,subset_632_of_S1A_IW_GRDH_1SDV_20170704T111705_20170704T111730_017320_01CEB7_D612_Orb_NR_Cal_Spk_TC_dB,GRD,2017-07-04T11:17:08.461611,2017-07-04T11:17:10.773139,EPSG:4326,2048,2048,104.64598695102538,2.4934553886121846,104.82996192121306,2.6774303587998625,2.5854428737060235,104.73797443611922,8071,0.1924276351928711,-10765804.400251148,1753.1170239127741,1217.0195143104943,4.0,,,
00504,D:\SIH_Dataset\Part_I\01_Train_Val_Oil_Spill_images\Oil\00504.tif,D:\SIH_Dataset\Part_I\01_Train_Val_Oil_Spill_mask\Mask_oil\00504.tif,S1A_IW_GRDH_1SDV_20170709T000135_20170709T000200_017387_01D0AA_B7B5_O,subset_744_of_S1A_IW_GRDH_1SDV_20170709T000135_20170709T000200_017387_01D0AA_B7B5_Orb_NR_Cal_Spk_TC_dB,GRD,2017-07-09T00:01:36.287266,2017-07-09T00:01:38.681206,EPSG:4326,2048,2048,-89.44837674508746,29.600554860658,-89.26440177489978,29.784529830845678,29.69254234575184,-89.35638925999362,9388,0.22382736206054688,-43421946.46598633,965.9208564124414,1470.6583936940776,4.0,,,
00506,D:\SIH_Dataset\Part_I\01_Train_Val_Oil_Spill_images\Oil\00506.tif,D:\SIH_Dataset\Part_I\01_Train_Val_Oil_Spill_mask\Mask_oil\00506.tif,S1B_IW_GRDH_1SDV_20180615T154858_20180615T154923_011386_014E8F_4E24_O,subset_762_of_S1B_IW_GRDH_1SDV_20180615T154858_20180615T154923_011386_014E8F_4E24_Orb_NR_Cal_Spk_TC_dB,GRD,2018-06-15T15:49:15.777440,2018-06-15T15:49:18.186506,EPSG:4326,2048,2048,32.06197826922175,34.50635846210718,32.245953239409424,34.69033343229486,34.59834594720102,32.153965754315585,9707,0.23143291473388672,-616138.67163275,556.8103945606264,366.8023591222829,4.0,,,
00513,D:\SIH_Dataset\Part_I\01_Train_Val_Oil_Spill_images\Oil\00513.tif,D:\SIH_Dataset\Part_I\01_Train_Val_Oil_Spill_mask\Mask_oil\00513.tif,S1A_IW_GRDH_1SDV_20171013T000139_20171013T000204_018787_01FB66_8385_O,subset_786_of_S1A_IW_GRDH_1SDV_20171013T000139_20171013T000204_018787_01FB66_8385_Orb_NR_Cal_Spk_TC_dB,GRD,2017-10-13T00:01:47.348886,2017-10-13T00:01:49.742612,EPSG:4326,2048,2048,-88.90945765591378,29.062973822706812,-88.7254826857261,29.24694879289449,29.15496130780065,-88.81747017081994,8426,0.20089149475097656,-16371650.238491215,1910.0672917161169,333.7243057203893,4.0,,,
00726,D:\SIH_Dataset\Part_I\01_Train_Val_Oil_Spill_images\Oil\00726.tif,D:\SIH_Dataset\Part_I\01_Train_Val_Oil_Spill_mask\Mask_oil\00726.tif,S1A_IW_GRDH_1SDV_20181225T045203_20181225T045228_025177_02C817_C7B4_O,subset_1060_of_S1A_IW_GRDH_1SDV_20181225T045203_20181225T045228_025177_02C817_C7B4_Orb_NR_Cal_Spk_TC_dB,GRD,2018-12-25T04:52:20.781771,2018-12-25T04:52:23.069428,EPSG:4326,2048,2048,11.565759048327825,-6.4961070282235065,11.749734018515504,-6.312132058035829,-6.404119543129667,11.657746533421665,6153,0.1466989517211914,-43308528.18896277,1961.577035592394,550.3521046643914,4.0,,,
00849,D:\SIH_Dataset\Part_I\01_Train_Val_Oil_Spill_images\Oil\00849.tif,D:\SIH_Dataset\Part_I\01_Train_Val_Oil_Spill_mask\Mask_oil\00849.tif,S1A_IW_GRDH_1SDV_20180402T165805_20180402T165830_021291_024A10_C573_O,subset_71_of_S1A_IW_GRDH_1SDV_20180402T165805_20180402T165830_021291_024A10_C573_Orb_NR_Cal_Spk_TC_dB,GRD,2018-04-02T16:58:24.371281,2018-04-02T16:58:26.783980,EPSG:4326,2048,2048,13.329000904245312,44.01024270786289,13.51297587443299,44.19421767805057,44.10223019295673,13.42098838933915,10371,0.24726390838623047,-13056650.396364074,831.5203451933276,619.7795294571401,4.0,,,
00850,D:\SIH_Dataset\Part_I\01_Train_Val_Oil_Spill_images\Oil\00850.tif,D:\SIH_Dataset\Part_I\01_Train_Val_Oil_Spill_mask\Mask_oil\00850.tif,S1A_IW_GRDH_1SDV_20180402T165805_20180402T165830_021291_024A10_C573_O,subset_72_of_S1A_IW_GRDH_1SDV_20180402T165805_20180402T165830_021291_024A10_C573_Orb_NR_Cal_Spk_TC_dB,GRD,2018-04-02T16:58:22.368753,2018-04-02T16:58:24.781452,EPSG:4326,2048,2048,13.041360350270242,44.162866474634804,13.225335320457921,44.34684144482248,44.25485395972864,13.13334783536408,9521,0.22699832916259766,-7656831.997762919,812.000682701397,751.0512026047684,4.0,,,
00900,D:\SIH_Dataset\Part_I\01_Train_Val_Oil_Spill_images\Oil\00900.tif,D:\SIH_Dataset\Part_I\01_Train_Val_Oil_Spill_mask\Mask_oil\00900.tif,S1A_IW_GRDH_1SDV_20190610T035930_20190610T035955_027612_031DBE_CF47_O,subset_122_of_S1A_IW_GRDH_1SDV_20190610T035930_20190610T035955_027612_031DBE_CF47_Orb_NR_Cal_Spk_TC_dB,GRD,2019-06-10T03:59:52.708434,2019-06-10T03:59:55.115547,EPSG:4326,2048,2048,31.39599095353971,34.53294224392272,31.579965923727386,34.716917214110396,34.62492972901656,31.487978438633547,8498,0.2026081085205078,-5382683.171409519,760.0360084725818,618.1156742763003,4.0,,,
00909,D:\SIH_Dataset\Part_I\01_Train_Val_Oil_Spill_images\Oil\00909.tif,D:\SIH_Dataset\Part_I\01_Train_Val_Oil_Spill_mask\Mask_oil\00909.tif,S1A_IW_GRDH_1SDV_20190610T035930_20190610T035955_027612_031DBE_CF47_O,subset_131_of_S1A_IW_GRDH_1SDV_20190610T035930_20190610T035955_027612_031DBE_CF47_Orb_NR_Cal_Spk_TC_dB,GRD,2019-06-10T03:59:45.870444,2019-06-10T03:59:48.277558,EPSG:4326,2048,2048,31.15865605547533,35.05531258163822,31.342631025663007,35.239287551825896,35.14730006673206,31.25064354056917,9485,0.22614002227783203,-32327788.888497043,1181.6292567211387,1061.4128096995255,4.0,,,
00945,D:\SIH_Dataset\Part_I\01_Train_Val_Oil_Spill_images\Oil\00945.tif,D:\SIH_Dataset\Part_I\01_Train_Val_Oil_Spill_mask\Mask_oil\00945.tif,S1A_IW_GRDH_1SDV_20190704T000948_20190704T001013_027960_032833_0688_O,subset_167_of_S1A_IW_GRDH_1SDV_20190704T000948_20190704T001013_027960_032833_0688_Orb_NR_Cal_Spk_TC_dB,GRD,2019-07-04T00:10:01.280679,2019-07-04T00:10:03.673326,EPSG:4326,2048,2048,-91.54210345183012,27.99673711822744,-91.35812848164244,28.180712088415117,28.08872460332128,-91.45011596673628,6498,0.1549243927001953,-23955897.68118161,1220.6144967682364,641.4432132963989,4.0,,,
01065,D:\SIH_Dataset\Part_I\01_Train_Val_Oil_Spill_images\Oil\01065.tif,D:\SIH_Dataset\Part_I\01_Train_Val_Oil_Spill_mask\Mask_oil\01065.tif,S1A_IW_GRDH_1SDV_20190816T000100_20190816T000125_028587_033BC6_3ADE_O,subset_287_of_S1A_IW_GRDH_1SDV_20190816T000100_20190816T000125_028587_033BC6_3ADE_Orb_NR_Cal_Spk_TC_dB,GRD,2019-08-16T00:01:20.772192,2019-08-16T00:01:23.158059,EPSG:4326,2048,2048,-89.87118263147013,25.08944108983767,-89.68720766128246,25.273416060025347,25.18142857493151,-89.7791951463763,10285,0.24521350860595703,-4032089.585401029,870.9262518230432,932.1919786096257,4.0,,,
01109,D:\SIH_Dataset\Part_I\01_Train_Val_Oil_Spill_images\Oil\01109.tif,D:\SIH_Dataset\Part_I\01_Train_Val_Oil_Spill_mask\Mask_oil\01109.tif,S1A_IW_GRDH_1SDV_20180912T001536_20180912T001601_023658_029410_FDB1_O,subset_331_of_S1A_IW_GRDH_1SDV_20180912T001536_20180912T001601_023658_029410_FDB1_Orb_NR_Cal_Spk_TC_dB,GRD,2018-09-12T00:15:47.857999,2018-09-12T00:15:50.226224,EPSG:4326,2048,2048,-92.2976385580597,19.42280110783209,-92.11366358787203,19.606776078019767,19.514788592925928,-92.20565107296586,8541,0.20363330841064453,-87623815.25892745,927.8074581430745,974.6412012644889,4.0,,,
01240,D:\SIH_Dataset\Part_I\01_Train_Val_Oil_Spill_images\Oil\01240.tif,D:\SIH_Dataset\Part_I\01_Train_Val_Oil_Spill_mask\Mask_oil\01240.tif,S1A_IW_GRDH_1SDV_20190612T111511_20190612T111536_027645_031ED2_9323_O,subset_462_of_S1A_IW_GRDH_1SDV_20190612T111511_20190612T111536_027645_031ED2_9323_Orb_NR_Cal_Spk_TC_dB,GRD,2019-06-12T11:15:25.991687,2019-06-12T11:15:28.277309,EPSG:4326,2048,2048,107.60056596685406,-5.980106852494954,107.78454093704174,-5.796131882307276,-5.888119367401115,107.6925534519479,10415,0.24831295013427734,-91234624.04491791,1122.3954392702833,1127.6248199711954,4.0,,,
01242,D:\SIH_Dataset\Part_I\01_Train_Val_Oil_Spill_images\Oil\01242.tif,D:\SIH_Dataset\Part_I\01_Train_Val_Oil_Spill_mask\Mask_oil\01242.tif,S1A_IW_GRDH_1SDV_20190612T111511_20190612T111536_027645_031ED2_9323_O,subset_464_of_S1A_IW_GRDH_1SDV_20190612T111511_20190612T111536_027645_031ED2_9323_Orb_NR_Cal_Spk_TC_dB,GRD,2019-06-12T11:15:20.653358,2019-06-12T11:15:22.938981,EPSG:4326,2048,2048,107.52205321102201,-5.550622315157411,107.70602818120969,-5.366647344969733,-5.458634830063572,107.61404069611585,5731,0.13663768768310547,-32490119.151919443,1321.4753969638807,243.28939103123363,4.0,,,
01259,D:\SIH_Dataset\Part_I\01_Train_Val_Oil_Spill_images\Oil\01259.tif,D:\SIH_Dataset\Part_I\01_Train_Val_Oil_Spill_mask\Mask_oil\01259.tif,S1A_IW_GRDH_1SDV_20180305T221727_20180305T221756_020886_023D3E_B420_O,subset_489_of_S1A_IW_GRDH_1SDV_20180305T221727_20180305T221756_020886_023D3E_B420_Orb_NR_Cal_Spk_TC_dB,GRD,2018-03-05T22:17:33.583122,2018-03-05T22:17:36.006033,EPSG:4326,2048,2048,-60.905506075527626,9.956966856972127,-60.72153110533995,10.140941827159805,10.048954342065965,-60.81351859043379,6937,0.1653909683227539,-14478576.91601564,114.41869684301571,763.645884388064,4.0,,,
01325,D:\SIH_Dataset\Part_I\01_Train_Val_Oil_Spill_images\Oil\01325.tif,D:\SIH_Dataset\Part_I\01_Train_Val_Oil_Spill_mask\Mask_oil\01325.tif,S1B_IW_GRDH_1SDV_20171227T173242_20171227T173316_008907_00FE1E_7C39_O,subset_555_of_S1B_IW_GRDH_1SDV_20171227T173242_20171227T173316_008907_00FE1E_7C39_Orb_NR_Cal_Spk_TC_dB,GRD,2017-12-27T17:33:03.053209,2017-12-27T17:33:05.495579,EPSG:4326,2048,2048,12.239114357925782,-6.453079685027174,12.423089328113461,-6.2691047148394965,-6.361092199933335,12.33110184301962,10347,0.24669170379638672,-10021800.548779719,1445.460664927032,542.8540156567121,4.0,,,
